-- phpMyAdmin SQL Dump
-- version 3.1.2deb1ubuntu0.2
-- http://www.phpmyadmin.net
--
-- Serveur: localhost
-- Généré le : Dim 24 Avril 2016 à 16:44
-- Version du serveur: 5.0.75
-- Version de PHP: 5.2.6-3ubuntu4.6

SET SQL_MODE="NO_AUTO_VALUE_ON_ZERO";


/*!40101 SET @OLD_CHARACTER_SET_CLIENT=@@CHARACTER_SET_CLIENT */;
/*!40101 SET @OLD_CHARACTER_SET_RESULTS=@@CHARACTER_SET_RESULTS */;
/*!40101 SET @OLD_COLLATION_CONNECTION=@@COLLATION_CONNECTION */;
/*!40101 SET NAMES utf8 */;

--
-- Base de données: `awolski`
--

-- --------------------------------------------------------

--
-- Structure de la table `Developer`
--

DROP TABLE IF EXISTS `Developer`;
CREATE TABLE IF NOT EXISTS `Developer` (
  `idDeveloper` int(11) NOT NULL,
  `DeveloperName` varchar(100) NOT NULL,
  PRIMARY KEY  (`idDeveloper`)
) ENGINE=InnoDB DEFAULT CHARSET=latin1;

--
-- Contenu de la table `Developer`
--

INSERT INTO `Developer` (`idDeveloper`, `DeveloperName`) VALUES
(1, 'Electronic Arts'),
(2, 'BioWare'),
(3, 'Looking Glass Studios'),
(5, 'Interplay Entertainment'),
(6, 'Lionhead Studios'),
(7, 'Visceral Games'),
(9, 'Lucasfilm Games'),
(10, 'LucasArts Entertainment'),
(11, 'EA Redwood Shores'),
(12, 'Black Isle Studios'),
(13, 'Demiurge Studios'),
(14, 'Bullfrog Productions'),
(15, '2K Marin'),
(17, 'Digital Extremes'),
(18, '2K China'),
(19, 'Arkane Studios'),
(20, 'Darkside Game Studios'),
(21, 'Irrational Games'),
(23, 'Feral Interactive'),
(24, 'Sierra Entertainment'),
(25, 'Ion Storm'),
(26, 'Square Enix'),
(27, 'Eidos Montreal'),
(28, 'Bethesda Softworks'),
(30, 'Team Bondi'),
(32, 'Sierra On-Line'),
(36, 'Frictional Games'),
(37, 'Capcom'),
(38, 'Ubisoft Montreal'),
(39, 'Ubisoft Annecy'),
(41, 'Riot Games'),
(44, 'Team Ico'),
(47, 'Obsidian Entertainment'),
(48, 'NetherRealm Studios'),
(51, 'Blizzard Entertainment'),
(52, 'LTI Gray Matter'),
(53, 'Microsoft Game Studios'),
(54, 'TransGaming Technologies'),
(55, 'Turtle Rock Studios'),
(56, 'Valve Corporation'),
(57, 'Certain Affinity'),
(58, 'Mojang AB'),
(59, 'Blizzard North'),
(60, 'Climax Group'),
(61, 'Gameloft'),
(62, 'Griptonite Games'),
(63, 'Pandemic Studios'),
(64, 'Savage Entertainment'),
(65, 'Luxoflux'),
(66, 'Activision'),
(67, 'Petroglyph Games'),
(68, 'Ensemble Studios'),
(69, 'Big Ape Productions'),
(71, 'Raven Software'),
(72, 'Vicarious Visions'),
(73, 'Aspyr Media'),
(75, 'Factor 5'),
(76, 'Ronin Entertainment'),
(77, 'Totally Games'),
(78, 'Snowblind Studios'),
(79, 'Magic Pockets'),
(85, 'Double Fine Productions'),
(87, 'Mythic Entertainment'),
(88, 'Shiny Entertainment'),
(89, 'Shokwave'),
(90, 'Neversoft'),
(92, 'NovaLogic'),
(93, 'Square Enix 1st Production Department'),
(94, 'EA Digital Illusions CE'),
(95, 'Disney Interactive'),
(97, 'New World Computing'),
(100, 'Nival Interactive'),
(103, 'Black Hole Entertainment'),
(104, 'Ubisoft Entertainment'),
(106, 'Loki Software'),
(108, 'Techland'),
(111, 'The Creative Assembly'),
(112, 'Sega'),
(113, 'Westwood Studios'),
(114, 'reLINE Software'),
(116, 'Bohemia Interactive Studio'),
(117, 'Troika Games'),
(118, 'Paradox Development'),
(122, 'Crytek Frankfurt'),
(125, 'Crytek Budapest'),
(126, 'Bethesda Game Studios'),
(127, 'Funcom Productions'),
(129, 'Konami'),
(130, 'MacSoft Games'),
(131, 'Robot Entertainment'),
(133, 'Rogue Entertainment'),
(134, 'Max Design'),
(136, 'Planet Moon Studios'),
(138, 'Refraction Games'),
(140, 'EA Los Angeles'),
(142, 'Westwood Pacific'),
(144, 'GSC Game World'),
(148, 'Gearbox Software'),
(149, 'Ritual Entertainment'),
(150, 'Hidden Path Entertainment'),
(151, 'Simtex'),
(152, 'MicroProse'),
(153, 'Digital Illusions CE: Canada'),
(154, 'Neowiz Games'),
(155, 'Easy Studios'),
(157, '1C Company'),
(158, 'Crytek UK'),
(159, 'Konami Computer Entertainment Tokyo'),
(160, 'Double Helix Games'),
(162, 'Vatra Games'),
(163, 'Climax Studios'),
(164, 'Rocksteady Studios'),
(165, 'DC Entertainment'),
(166, 'Shadows in Darkness'),
(167, 'People Can Fly'),
(168, 'Epic Games'),
(169, 'MercurySteam'),
(170, 'Kojima Productions'),
(173, 'The Omni Group'),
(174, 'Digital Mayhem'),
(175, 'Haemimont Games'),
(178, 'Intelligent Games'),
(180, 'Mythos Games'),
(181, 'Blue Fang Games'),
(182, 'Nihilistic Software'),
(184, 'id Software'),
(186, 'Stalker Entertainment'),
(187, 'Nerve Software'),
(188, 'Apogee Software'),
(191, 'Imagineer'),
(193, 'Jellyvision'),
(194, 'Hothouse Creations'),
(195, 'Brøderbund Software'),
(196, 'Relic Entertainment'),
(198, 'Iron Lore Entertainment'),
(201, 'Cyberlore Studios'),
(202, 'Pterodon'),
(203, 'Illusion Softworks'),
(206, 'Epic MegaGames'),
(207, 'PopTop Software'),
(208, 'Frontier Developments'),
(209, 'Wideload Games'),
(210, 'Southlogic Studios'),
(211, 'Blue Castle Games'),
(212, 'Sunstorm Interactive'),
(214, 'Sylum Entertainment'),
(216, 'Glu Mobile'),
(217, 'Morning Star Multimedia'),
(221, 'Splash Damage'),
(222, 'BioWare Edmonton'),
(223, 'Edge of Reality'),
(224, '3D Realms'),
(225, 'Lobotomy Software'),
(226, 'Aardvark Software'),
(230, 'MachineWorks Northwest'),
(232, 'Triptych Games'),
(233, 'Piranha Games'),
(234, 'Cryo Interactive'),
(235, 'Heuristic Park'),
(239, 'Gas Powered Games'),
(240, 'Stainless Steel Studios'),
(241, '989 Studios'),
(242, 'Verant Interactive'),
(243, 'Sony Online Entertainment'),
(246, 'Micro Forté'),
(250, 'Square'),
(251, 'Sunsoft'),
(254, 'Widescreen Games'),
(255, 'ArenaNet'),
(258, 'KnowWonder'),
(259, 'Warthog Games'),
(260, 'Argonaut Games'),
(261, 'Quantic Dream'),
(262, 'Flagship Studios'),
(265, 'Contraband Entertainment'),
(266, 'Tarantula Studios'),
(267, 'TalonSoft'),
(269, 'Enlight Software'),
(271, 'The Collective'),
(272, 'Madlab Software'),
(273, 'Sir-tech Software'),
(274, 'Sir-Tech Canada'),
(276, 'EA UK'),
(277, 'EA Canada'),
(278, 'Silicon & Synapse'),
(279, '4J Studios'),
(280, 'Starbreeze Studios'),
(281, 'Tigon Studios'),
(282, 'Trilobyte'),
(283, 'The Sims Studio'),
(284, 'Maxis'),
(285, 'Tiertex Design Studios'),
(290, 'IO Interactive'),
(291, 'Nixxes Software'),
(292, 'Travellers Tales'),
(294, 'Telltale Games'),
(295, 'Origin Systems'),
(296, '3G Studios'),
(298, 'Sierra Northwest'),
(299, 'Hellbent Games'),
(300, 'Nintendo Creative Department'),
(301, '2K Czech'),
(302, 'Massive Bear Studios'),
(304, 'Quicksilver Software'),
(305, 'Remedy Entertainment'),
(306, 'Rockstar Toronto'),
(307, 'Rockstar Vienna'),
(308, 'Rockstar Leeds'),
(309, '2015'),
(311, 'Digital Dialect'),
(312, 'Konami Computer Entertainment Japan'),
(313, 'Success Corporation'),
(314, '4A Games'),
(315, 'Trion Worlds'),
(316, 'Sierra'),
(317, 'Dynamix'),
(318, 'Rebellion Developments'),
(319, 'n-Space'),
(320, 'Kan Navi'),
(321, 'Tose'),
(322, 'Matrix Software'),
(323, 'Nextech'),
(324, 'Square Soft'),
(325, 'Saffire'),
(326, 'Cyan Worlds'),
(327, 'Midway Games'),
(329, 'Cavia'),
(331, 'Triumph Studios'),
(332, 'EA Black Box'),
(333, 'EA Singapore'),
(335, 'Square Product Development Division 3'),
(336, 'Square Enix Product Development Division 3'),
(337, 'Square Enix Product Development Division 4'),
(339, 'The Assembly Line'),
(342, 'Yosemite Entertainment'),
(343, 'Kronos Digital Entertainment'),
(345, 'Think & Feel'),
(346, 'The Game Designers Studio'),
(347, 'Criterion Games'),
(348, 'Exient Entertainment'),
(349, 'Black Box Games'),
(350, 'EA Seattle'),
(351, 'EA Montreal'),
(353, 'Pocketeers'),
(356, 'Slightly Mad Studios'),
(357, 'Firebrand Games'),
(358, 'Raster Productions'),
(359, 'Hammerhead'),
(360, 'Logicware'),
(361, 'Hyperion Entertainment'),
(362, 'Pi Studios'),
(363, 'GRAVITY'),
(364, 'Rockstar San Diego'),
(365, 'Rockstar North'),
(367, 'Gray Matter Interactive'),
(368, 'Infocom'),
(369, 'Chris Sawyer'),
(370, 'Péndulo Studios'),
(373, 'Ascaron Entertainment'),
(377, 'Firaxis Games'),
(378, 'Westlake Interactive'),
(379, 'Full Fat'),
(380, 'Adventure Soft'),
(381, 'Headfirst Productions'),
(382, 'Silver Style Entertainment'),
(385, 'Krome Studios'),
(386, 'Lucasfilm Animation Singapore'),
(387, 'Sculptured Software'),
(389, 'Universomo'),
(390, 'THQ Wireless'),
(391, 'Red Fly Studio'),
(392, 'High Voltage Software'),
(393, 'inXile Entertainment'),
(394, 'Nadeo'),
(395, 'Sonic Team'),
(396, 'Dimps'),
(397, 'Darkworks'),
(398, 'Ubisoft Shanghai'),
(399, 'Longtail Studios'),
(400, 'SCE Japan Studio'),
(401, 'Naughty Dog'),
(402, 'Day 1 Studios'),
(403, 'Sucker Punch Productions'),
(404, 'Cyanide Studio'),
(405, 'Spiders'),
(406, 'Ubisoft Massive'),
(407, 'Monolith Productions'),
(408, 'TimeGate Studios'),
(410, 'Big Blue Box'),
(411, 'Robosoft Technologies'),
(412, 'Codemasters Southam'),
(413, 'Human Head Studios'),
(414, 'Croteam'),
(419, 'Project Aces'),
(420, 'Flying Wild Hog'),
(421, 'Nintendo EAD'),
(422, 'Carbine Studios'),
(425, 'Eurocom'),
(427, 'Bugbear Entertainment'),
(428, 'Treyarch'),
(429, 'Venom Games'),
(430, 'SCE Studios Santa Monica'),
(431, 'Ready at Dawn'),
(432, 'Beenox'),
(433, 'Ubisoft Reflections'),
(434, 'High Moon Studios'),
(435, 'Danger Close'),
(436, 'ZootFly'),
(437, 'Avalanche Studios'),
(438, 'Infinity Ward'),
(439, 'Sumo Digital'),
(442, 'Asobo Studio'),
(444, 'Radical Entertainment'),
(448, 'Vicious Cycle Software'),
(450, 'Aion Team Development Dept'),
(451, 'Terminal Reality'),
(452, 'Threewave Software'),
(453, 'Zen Studios'),
(454, 'EA Sports'),
(455, 'Sonalysts'),
(456, 'Crack dot Com'),
(457, 'Eugen Systems'),
(458, 'Funcom'),
(463, 'MS Game Studios'),
(465, 'U.S. Army'),
(466, 'Interactive Magic'),
(467, 'Digital Integration'),
(470, 'Turbine'),
(471, 'Pulse Entertainment'),
(472, 'Infinite Monkey'),
(474, 'Liquid Entertainment'),
(481, 'Reflexive Entertainment'),
(482, 'Revolution Software'),
(483, 'Gray Matter'),
(485, 'SCi Games'),
(486, 'Sports Interactive'),
(488, 'Stick Man Games'),
(489, 'Mindscape'),
(492, 'Atomic Games'),
(493, 'Stormregion'),
(495, 'Big Time Software'),
(496, 'EA Pacific'),
(498, 'Pyro Studios'),
(500, 'Auran'),
(501, 'Delphine Software'),
(503, 'Introversion'),
(505, 'Outrage Games'),
(506, 'Parallax Software'),
(507, 'Volition Inc'),
(510, 'Larian Studios'),
(513, 'Digital Image Design'),
(515, 'Razorworks Studios'),
(516, '4HEAD Studios'),
(517, 'Paradox Interactive'),
(519, 'Graphic Simulations'),
(524, 'Lead Pursuit'),
(528, 'SSI (Strategic Simulations, Inc.)'),
(529, 'Flying Legends'),
(530, 'Eagle Dynamics'),
(532, 'Probe Entertainment'),
(533, 'Stardock'),
(534, 'Sick Puppies'),
(536, 'DMA Design'),
(537, 'Massive Entertainment'),
(539, 'SimBin'),
(541, 'Team .366'),
(542, 'Barking Dog'),
(543, 'Rage Software'),
(545, 'Particle Systems'),
(548, 'Eclipse Software'),
(551, 'NetDevil'),
(552, 'Crystal Dynamics'),
(553, 'Access Software'),
(555, 'EA Tiburon'),
(559, 'Rowan Software'),
(560, 'Legend Entertainment'),
(561, 'Magnetic Fields'),
(563, 'Rainbow Studios'),
(564, 'Presto Studios'),
(569, 'Rocket Science Games'),
(572, 'Appeal'),
(575, 'Impressions Games'),
(578, 'Gremlin Interactive'),
(579, 'Big Huge Games'),
(580, 'Spellbound Entertainment'),
(583, 'Ironclad Games'),
(590, 'eSim Games'),
(591, 'Team Meat'),
(592, 'Milestone'),
(594, 'Microïds'),
(598, 'Headgate'),
(602, 'Burst Studios'),
(604, 'Cavedog Entertainment'),
(606, 'DreamForge Intertainment'),
(610, 'Monster Games'),
(611, 'Celeris'),
(613, '2D Boy'),
(614, 'Team 17'),
(618, 'Interactive Simulations'),
(620, 'Bungie'),
(622, 'Janes Combat Simulations'),
(623, 'DivoGames'),
(624, 'Third Law Interactive'),
(625, 'Microsoft Research'),
(628, 'Stainless Games'),
(630, 'Koei'),
(631, 'Zonic Limited'),
(635, 'BreakAway Games'),
(636, 'Rockstar Vancouver'),
(637, 'Rockstar New England'),
(638, 'Rockstar London'),
(639, 'Strategic Studies Group'),
(643, 'Rainmaker Software'),
(645, 'Firefly Studios'),
(646, 'Blue Byte Software'),
(647, 'Related Designs'),
(648, 'Mountain Sheep'),
(649, '2K Boston'),
(650, 'Reflections Interactive'),
(651, 'Sourcenext'),
(655, 'Capcom Production Studio 3'),
(656, 'Angel Studios'),
(657, 'Underground Development'),
(658, 'Slant Six Games'),
(659, 'Sledgehammer Games'),
(660, 'Capcom Production Studio 1'),
(661, 'Image Space Incorporated'),
(662, 'Visual Science'),
(663, 'Capcom Production Studio 4'),
(664, 'M4 Limited'),
(669, 'Spiral House'),
(670, 'Papyrus Design Group'),
(673, 'Blimey! Games'),
(674, 'Maddox Games'),
(675, 'Orange Games'),
(676, 'Extended Play Productions'),
(677, 'XYZ Productions'),
(680, 'Pipeworks Software'),
(681, 'Cunning Development'),
(682, 'Reactor Zero'),
(683, 'Hypnos Entertainment'),
(684, 'BudCat Creations'),
(685, 'FASA Interactive'),
(687, 'Creative Asylum'),
(688, 'S2 Games'),
(690, 'Torus Games'),
(691, 'HeadGames'),
(692, 'High Score Productions'),
(693, 'Ceris Software'),
(694, 'Visual Concepts'),
(695, 'Auran Games'),
(696, 'HB Studios'),
(697, 'Ubisoft Romania'),
(698, 'Mind Control Software'),
(699, 'Pipe Dream Interactive'),
(702, 'Ubisoft Montpellier'),
(705, 'Shaba Games'),
(706, 'HotGen'),
(708, 'On-Line Systems'),
(709, 'Teyon'),
(711, 'Psyonix'),
(712, 'EA Mobile'),
(713, 'Raylight Studios'),
(714, 'ACES Game Studio'),
(715, 'Hitmen Productions'),
(716, 'Natsume'),
(717, 'Red Storm Entertainment'),
(718, 'EA Manchester'),
(720, 'Infogrames Europe'),
(722, '343 Industries'),
(723, 'Aeon Electronic Entertainment'),
(724, 'Ultimation'),
(725, 'Buzz Monkey Software'),
(726, 'SCE Bend Studio'),
(727, 'Oddworld Inhabitants'),
(787, 'Aspect'),
(794, 'Virtuos'),
(850, 'Dreamworks Interactive'),
(852, 'Platinum Games'),
(885, 'Krisalis Software'),
(896, 'Ubisoft Quebec'),
(908, 'CD Projekt RED'),
(1031, 'Core Design'),
(1134, 'Interceptor Entertainment'),
(1168, 'WizarBox'),
(1169, 'David A. Palmer Productions'),
(1290, 'TT Fusion'),
(1385, 'Pocket Studios'),
(1523, 'Attention To Detail'),
(1695, 'Mass Media Inc'),
(1733, 'Mobius Entertainment'),
(1764, 'Big Bang'),
(1863, 'XPEC'),
(1893, 'PopCap Games'),
(1899, 'Exakt Entertainment'),
(1922, 'Racjin'),
(1983, 'tri-Ace'),
(2053, 'Eden Games'),
(2134, 'War Drum Studios'),
(2245, 'Big Fish Games'),
(2349, 'Attention Software'),
(2514, 'Limbic Entertainment'),
(2548, 'DreamCatcher Games'),
(2670, 'HexaDrive'),
(2921, 'Ubisoft Kiev'),
(3023, 'Virtual Programming'),
(3118, 'MumboJumbo'),
(3190, 'neo Software'),
(3845, 'BioWare Austin'),
(3906, 'Anuman Interactive'),
(3956, 'IronMonkey Studios'),
(3989, 'Playcast-media'),
(4111, 'Midway Studios San Diego'),
(4115, 'Lion Entertainment'),
(4132, 'icculus.org'),
(4136, 'River Cresco'),
(4137, 'Rebecca Heineman'),
(4176, 'Exact Entertainment'),
(4181, 'MojoTouch'),
(4182, 'iPhSoft'),
(4285, 'Iguana Entertainment UK'),
(4288, 'i5works'),
(4291, 'CD Projekt'),
(4325, 'Microsmiths'),
(4495, 'Fresh3D'),
(4805, 'Condor, Inc.'),
(5042, 'Infini Entertainment Technology'),
(5071, 'Beamdog'),
(8069, 'Turbine, Inc.');

-- --------------------------------------------------------

--
-- Structure de la table `FirstGame`
--

DROP TABLE IF EXISTS `FirstGame`;
CREATE TABLE IF NOT EXISTS `FirstGame` (
  `idGame` int(11) NOT NULL,
  `GameName` varchar(100) NOT NULL,
  `GameGenre` varchar(100) NOT NULL,
  `GameTheme` varchar(100) NOT NULL,
  `Rating` float NOT NULL,
  `ReleaseDate` date NOT NULL,
  `GamePlateform` varchar(100) NOT NULL,
  `GameDeveloper` varchar(100) NOT NULL,
  `GamePublisher` varchar(100) NOT NULL,
  PRIMARY KEY  (`idGame`)
) ENGINE=InnoDB DEFAULT CHARSET=latin1;

--
-- Contenu de la table `FirstGame`
--

INSERT INTO `FirstGame` (`idGame`, `GameName`, `GameGenre`, `GameTheme`, `Rating`, `ReleaseDate`, `GamePlateform`, `GameDeveloper`, `GamePublisher`) VALUES
(1, 'Thief II: The Metal Age', 'Shooter', 'Action', 9.13119, '0000-00-00', 'Microsoft Windows', 'Eidos Interactive', 'Eidos Interactive'),
(2, 'Thief: The Dark Project', 'Shooter', 'Action', 8.39062, '0000-00-00', 'Microsoft Windows', 'Looking Glass Studios', 'Looking Glass Studios'),
(3, 'Thief: Deadly Shadows', 'Shooter', 'Action', 8.04091, '0000-00-00', 'Microsoft Windows', 'Ion Storm', 'Ion Storm'),
(4, 'Thief', 'Shooter', 'Stealth', 7.17337, '0000-00-00', 'Microsoft Windows', 'Eidos Montreal', 'Eidos Montreal'),
(5, 'Baldurs Gate', 'Role-playing (RPG)', 'Fantasy', 9.0846, '0000-00-00', 'Microsoft Windows', 'BioWare', 'BioWare'),
(6, 'Baldurs Gate II: Shadows Of Amn', 'Role-playing (RPG)', 'Fantasy', 9.36577, '0000-00-00', 'Microsoft Windows', 'BioWare', 'BioWare'),
(7, 'Jagged Alliance', 'Role-playing (RPG)', 'unknown', 0, '0000-00-00', 'PC DOS', 'Sir-tech Software', 'Sir-tech Software'),
(8, 'Jagged Alliance: Deadly Games', 'Role-playing (RPG)', 'unknown', 0, '0000-00-00', 'PC DOS', 'Sir-tech Software', 'Sir-tech Software'),
(9, 'Jagged Alliance 2', 'Role-playing (RPG)', 'unknown', 8.99596, '0000-00-00', 'Amiga', 'Sir-Tech Canada', 'Sir-Tech Canada'),
(10, 'Jade Empire: Special Edition', 'Role-playing (RPG)', 'unknown', 8.85779, '0000-00-00', 'Mac', 'BioWare', 'BioWare'),
(11, 'Vampire: The Masquerade - Bloodlines', 'Role-playing (RPG)', 'Action', 9.06693, '0000-00-00', 'Microsoft Windows', 'Troika Games', 'Troika Games'),
(12, 'Vampire: The Masquerade - Redemption', 'Role-playing (RPG)', 'Action', 8.48235, '0000-00-00', 'Mac', 'Nihilistic Software', 'Nihilistic Software'),
(13, 'Fallout', 'Role-playing (RPG)', 'Science fiction', 8.91979, '0000-00-00', 'Mac', 'Edusoft', 'Edusoft'),
(14, 'Fallout 2', 'Role-playing (RPG)', 'Science fiction', 8.97385, '0000-00-00', 'Mac', 'Black Isle Studios', 'Black Isle Studios'),
(15, 'Fallout 3', 'Shooter', 'Science fiction', 8.79272, '0000-00-00', 'Microsoft Windows', 'ZeniMax Media', 'ZeniMax Media'),
(16, 'Fallout: New Vegas', 'Shooter', 'Science fiction', 8.91661, '0000-00-00', 'Microsoft Windows', 'Obsidian Entertainment', 'Obsidian Entertainment'),
(17, 'Fallout Tactics: Brotherhood Of Steel', 'Role-playing (RPG)', 'Science fiction', 6.98015, '0000-00-00', 'Microsoft Windows', 'Micro Forté', 'Micro Forté'),
(18, 'Max Payne', 'Shooter', 'Thriller', 9.18291, '0000-00-00', 'Microsoft Windows', 'Rockstar Toronto', 'Rockstar Toronto'),
(19, 'Max Payne 2: The Fall Of Max Payne', 'Shooter', 'Thriller', 8.65202, '0000-00-00', 'Microsoft Windows', 'Rockstar Vienna', 'Rockstar Vienna'),
(20, 'BioShock', 'Shooter', 'Science fiction', 8.91896, '0000-00-00', 'Xbox 360', 'Take-Two Interactive', 'Take-Two Interactive'),
(21, 'BioShock 2', 'Shooter', 'Science fiction', 8.45943, '0000-00-00', 'Mac', '2K Marin', '2K Marin'),
(22, 'System Shock 2', 'Shooter', 'Science fiction', 9.36646, '0000-00-00', 'Microsoft Windows', 'Irrational Games', 'Irrational Games'),
(23, 'System Shock', 'Shooter', 'Science fiction', 7.99914, '0000-00-00', 'Mac', 'Looking Glass Studios', 'Looking Glass Studios'),
(24, 'UFO: Enemy Unknown', 'Strategy', 'Warfare', 9.10062, '0000-00-00', 'Amiga', 'MicroProse', 'MicroProse'),
(25, 'X-COM: Terror From The Deep', 'Turn-based strategy (TBS)', 'Science fiction', 8.59164, '0000-00-00', 'Microsoft Windows', 'MicroProse', 'MicroProse'),
(26, 'X-COM: Apocalypse', 'Turn-based strategy (TBS)', 'Science fiction', 0, '0000-00-00', 'Microsoft Windows', 'Mythos Games', 'Mythos Games'),
(27, 'X-COM: Interceptor', 'Simulator', 'Science fiction', 0, '0000-00-00', 'Microsoft Windows', 'MicroProse', 'MicroProse'),
(28, 'Space Quest: The Sarien Encounter', 'Point-and-click', 'Science fiction', 0, '0000-00-00', 'Apple II', 'Sierra Entertainment', 'Sierra Entertainment'),
(29, 'Space Quest II: Vohauls Revenge', 'Point-and-click', 'Science fiction', 0, '0000-00-00', 'PC DOS', 'Sierra Entertainment', 'Sierra Entertainment'),
(30, 'Space Quest III: The Pirates Of Pestulon', 'Point-and-click', 'Science fiction', 8.79733, '0000-00-00', 'Amiga', 'Sierra', 'Sierra'),
(31, 'Space Quest IV: Roger Wilco And The Time Rippers', 'Point-and-click', 'Science fiction', 0, '0000-00-00', 'Amiga', 'Sierra', 'Sierra'),
(32, 'Space Quest V: The Next Mutation', 'Point-and-click', 'Science fiction', 0, '0000-00-00', 'PC DOS', 'Sierra', 'Sierra'),
(33, 'Space Quest 6: The Spinal Frontier', 'Point-and-click', 'Science fiction', 0, '0000-00-00', 'Mac', 'Sierra', 'Sierra'),
(34, 'Giants: Citizen Kabuto', 'Real Time Strategy (RTS)', 'Action', 0, '0000-00-00', 'Microsoft Windows', 'Planet Moon Studios', 'Planet Moon Studios'),
(35, 'Dungeon Keeper', 'Real Time Strategy (RTS)', 'Fantasy', 9.0474, '0000-00-00', 'Microsoft Windows', 'Bullfrog Productions', 'Bullfrog Productions'),
(36, 'Dungeon Keeper 2', 'Real Time Strategy (RTS)', 'Fantasy', 9.20055, '0000-00-00', 'Microsoft Windows', 'Electronic Arts', 'Electronic Arts'),
(37, 'Dead Space', 'Shooter', 'Science fiction', 8.74795, '0000-00-00', 'PlayStation 3', 'EA Redwood Shores', 'EA Redwood Shores'),
(38, 'Dead Space 2', 'unknown', 'Science fiction', 8.86021, '0000-00-00', 'Microsoft Windows', 'Electronic Arts', 'Electronic Arts'),
(39, 'Mafia', 'Shooter', 'Action', 9.54461, '0000-00-00', 'Microsoft Windows', 'Illusion Softworks', 'Illusion Softworks'),
(40, 'Mafia II', 'Shooter', 'Action', 8.21731, '0000-00-00', 'Microsoft Windows', '2K Czech', '2K Czech'),
(41, 'Deus Ex', 'Shooter', 'Action', 9.5395, '0000-00-00', 'Microsoft Windows', 'Ion Storm', 'Ion Storm'),
(42, 'Deus Ex: Invisible War', 'Shooter', 'Science fiction', 8.01301, '0000-00-00', 'Microsoft Windows', 'Ion Storm', 'Ion Storm'),
(43, 'Deus Ex: Human Revolution', 'Role-playing (RPG)', 'Science fiction', 8.64646, '0000-00-00', 'Microsoft Windows', 'Square Enix', 'Square Enix'),
(44, 'Overlord', 'Adventure', 'Action', 7.9558, '0000-00-00', 'Microsoft Windows', 'Triumph Studios', 'Triumph Studios'),
(45, 'Overlord: Raising Hell', 'Hack and slash/Beat', 'Action', 7.02673, '0000-00-00', 'Microsoft Windows', 'Triumph Studios', 'Triumph Studios'),
(46, 'Overlord II', 'Adventure', 'Action', 7.82866, '0000-00-00', 'Microsoft Windows', 'Triumph Studios', 'Triumph Studios'),
(47, 'Overlord: Dark Legend', 'Hack and slash/Beat', 'Action', 0, '0000-00-00', 'Wii', 'Climax Studios', 'Climax Studios'),
(48, 'Overlord: Minions', 'Puzzle', 'Fantasy', 0, '0000-00-00', 'Nintendo DS', 'Climax Studios', 'Climax Studios'),
(49, 'Syndicate', 'Tactical', 'Action', 8.76975, '0000-00-00', 'Amiga', 'Bullfrog Productions', 'Bullfrog Productions'),
(50, 'Syndicate: American Revolt', 'Tactical', 'Action', 0, '0000-00-00', 'Amiga', 'Bullfrog Productions', 'Bullfrog Productions'),
(51, 'Syndicate Wars', 'Tactical', 'Action', 0, '0000-00-00', 'PC DOS', 'Bullfrog Productions', 'Bullfrog Productions'),
(52, 'The Elder Scrolls: Arena', 'Role-playing (RPG)', 'Action', 0, '0000-00-00', 'Microsoft Windows', 'Bethesda Softworks', 'Bethesda Softworks'),
(53, 'The Elder Scrolls: Chapter II - Daggerfall', 'Adventure', 'Sandbox', 0, '0000-00-00', 'PC DOS', 'Bethesda Softworks', 'Bethesda Softworks'),
(54, 'An Elder Scrolls Legend: Battlespire', 'Role-playing (RPG)', 'Fantasy', 0, '0000-00-00', 'PC DOS', 'Bethesda Softworks', 'Bethesda Softworks'),
(55, 'The Elder Scrolls Adventures: Redguard', 'Adventure', 'Fantasy', 0, '0000-00-00', 'PC DOS', 'Bethesda Softworks', 'Bethesda Softworks'),
(56, 'The Elder Scrolls III: Morrowind', 'Role-playing (RPG)', 'Action', 8.83106, '0000-00-00', 'Microsoft Windows', 'Bethesda Game Studios', 'Bethesda Game Studios'),
(57, 'The Elder Scrolls III: Tribunal', 'Role-playing (RPG)', 'Action', 7.81511, '0000-00-00', 'Microsoft Windows', 'Bethesda Softworks', 'Bethesda Softworks'),
(58, 'The Elder Scrolls III: Bloodmoon', 'Role-playing (RPG)', 'Fantasy', 8.31821, '0000-00-00', 'Microsoft Windows', 'Bethesda Softworks', 'Bethesda Softworks'),
(59, 'The Elder Scrolls IV: Oblivion', 'Adventure', 'Action', 9.04739, '0000-00-00', 'Microsoft Windows', 'Bethesda Game Studios', 'Bethesda Game Studios'),
(60, 'The Secret of Monkey Island', 'Puzzle', 'Comedy', 8.95986, '0000-00-00', 'Atari ST/STE', 'Lucasfilm Games', 'Lucasfilm Games'),
(61, 'Monkey Island 2: LeChucks Revenge', 'Puzzle', 'Comedy', 9.22315, '0000-00-00', 'Mac', 'LucasArts Entertainment', 'LucasArts Entertainment'),
(62, 'The Curse of Monkey Island', 'Puzzle', 'Comedy', 8.50431, '0000-00-00', 'Microsoft Windows', 'LucasArts Entertainment', 'LucasArts Entertainment'),
(63, 'Escape from Monkey Island', 'Puzzle', 'Comedy', 7.64763, '0000-00-00', 'Microsoft Windows', 'LucasArts Entertainment', 'LucasArts Entertainment'),
(64, 'Tales of Monkey Island', 'Point-and-click', 'Comedy', 8.04463, '0000-00-00', 'Microsoft Windows', 'Telltale Games', 'Telltale Games'),
(65, 'The Secret of Monkey Island: Special Edition', 'Puzzle', 'Comedy', 8.89163, '0000-00-00', 'Microsoft Windows', 'LucasArts Entertainment', 'LucasArts Entertainment'),
(66, 'Monkey Island 2 Special Edition: LeChuck’s Revenge', 'Puzzle', 'Comedy', 8.8118, '0000-00-00', 'PlayStation Network', 'LucasArts Entertainment', 'LucasArts Entertainment'),
(67, 'Master of Orion', 'Strategy', 'Science fiction', 8.36102, '0000-00-00', 'Mac', 'Simtex', 'Simtex'),
(68, 'Master of Orion II: Battle at Antares', 'Strategy', 'Science fiction', 9.73143, '0000-00-00', 'Mac', 'MacSoft Games', 'MacSoft Games'),
(69, 'Master of Orion III', 'Turn-based strategy (TBS)', 'Science fiction', 0, '0000-00-00', 'Mac', 'Quicksilver Software', 'Quicksilver Software'),
(70, 'Terra Nova: Strike Force Centauri', 'Shooter', 'Science fiction', 0, '0000-00-00', 'PC DOS', 'Looking Glass Studios', 'Looking Glass Studios'),
(71, 'Portal', 'Platform', 'Science fiction', 8.72216, '0000-00-00', 'Microsoft Windows', 'Valve Corporation', 'Valve Corporation'),
(72, 'Portal 2', 'Platform', 'Action', 9.13104, '0000-00-00', 'Mac', 'Valve Corporation', 'Valve Corporation'),
(73, 'Mass Effect', 'Shooter', 'Science fiction', 9.27992, '0000-00-00', 'Xbox 360', 'BioWare', 'BioWare'),
(74, 'Mass Effect 2', 'Shooter', 'Science fiction', 9.22361, '0000-00-00', 'Microsoft Windows', 'BioWare', 'BioWare'),
(75, 'Mass Effect 3', 'Adventure', 'Science fiction', 9.22889, '0000-00-00', 'Microsoft Windows', 'Electronic Arts', 'Electronic Arts'),
(76, 'Dragon Age: Origins', 'Role-playing (RPG)', 'Fantasy', 8.6476, '0000-00-00', 'Microsoft Windows', 'Edge of Reality', 'Edge of Reality'),
(77, 'Dragon Age: Origins Awakening', 'Role-playing (RPG)', 'Fantasy', 8.82692, '0000-00-00', 'Microsoft Windows', 'BioWare Edmonton', 'BioWare Edmonton'),
(78, 'Dragon Age II', 'Role-playing (RPG)', 'Action', 7.46478, '0000-00-00', 'Mac', 'BioWare', 'BioWare'),
(79, 'Stubbs the Zombie in Rebel Without a Pulse', 'unknown', 'Action', 7.46126, '0000-00-00', 'Xbox', 'Wideload Games', 'Wideload Games'),
(80, 'The Witcher', 'Role-playing (RPG)', 'Fantasy', 8.5045, '0000-00-00', 'Microsoft Windows', 'Atari', 'Atari'),
(81, 'Baldurs Gate: Tales of the Sword Coast', 'Role-playing (RPG)', 'Fantasy', 8.00523, '0000-00-00', 'Mac', 'BioWare', 'BioWare'),
(82, 'Baldurs Gate II: Throne of Bhaal', 'Strategy', 'Fantasy', 8.61029, '0000-00-00', 'Microsoft Windows', 'BioWare', 'BioWare'),
(83, 'Baldurs Gate: Dark Alliance', 'Role-playing (RPG)', 'Fantasy', 8.01403, '0000-00-00', 'PlayStation 2', 'Destination Software', 'Destination Software'),
(84, 'Baldurs Gate: Dark Alliance II', 'Role-playing (RPG)', 'Fantasy', 8.00645, '0000-00-00', 'PlayStation 2', 'Black Isle Studios', 'Black Isle Studios'),
(85, 'Dune', 'Strategy', 'Science fiction', 7.34898, '0000-00-00', 'Amiga', 'Virgin Interactive', 'Virgin Interactive'),
(86, 'Dune II: The Building of a Dynasty', 'Real Time Strategy (RTS)', 'Science fiction', 8.98521, '0000-00-00', 'PC DOS', 'Virgin Interactive', 'Virgin Interactive'),
(87, 'Dune 2000', 'Real Time Strategy (RTS)', 'Science fiction', 7.86008, '0000-00-00', 'Microsoft Windows', 'Intelligent Games', 'Intelligent Games'),
(88, 'Frank Herberts Dune', 'Adventure', 'Science fiction', 0, '0000-00-00', 'Microsoft Windows', 'Cryo Interactive', 'Cryo Interactive'),
(89, 'Emperor: Battle for Dune', 'Real Time Strategy (RTS)', 'Science fiction', 0, '0000-00-00', 'Microsoft Windows', 'Intelligent Games', 'Intelligent Games'),
(90, 'The Need for Speed', 'Simulator', 'unknown', 7.36034, '0000-00-00', 'PC DOS', 'Electronic Arts', 'Electronic Arts'),
(91, 'Need for Speed II', 'Simulator', 'unknown', 7.02001, '0000-00-00', 'PlayStation', 'EA Canada', 'EA Canada'),
(92, 'Need for Speed III: Hot Pursuit', 'Simulator', 'unknown', 8.14053, '0000-00-00', 'PlayStation', 'EA Canada', 'EA Canada'),
(93, 'Need for Speed: High Stakes', 'Simulator', 'unknown', 6.98533, '0000-00-00', 'PlayStation', 'EA Canada', 'EA Canada'),
(94, 'Need for Speed: Porsche Unleashed', 'Simulator', 'unknown', 9.27476, '0000-00-00', 'Microsoft Windows', 'EA Canada', 'EA Canada'),
(95, 'Need for Speed: Hot Pursuit 2', 'Simulator', 'unknown', 7.03266, '0000-00-00', 'Nintendo GameCube', 'Electronic Arts', 'Electronic Arts'),
(96, 'Need for Speed: Underground', 'Simulator', 'unknown', 8.66854, '0000-00-00', 'Nintendo GameCube', 'EA Black Box', 'EA Black Box'),
(97, 'Need for Speed: Underground 2', 'Simulator', 'unknown', 8.35832, '0000-00-00', 'Microsoft Windows', 'EA Black Box', 'EA Black Box'),
(98, 'Need for Speed: Most Wanted', 'Simulator', 'unknown', 8.491, '0000-00-00', 'Nintendo DS', 'Electronic Arts', 'Electronic Arts'),
(99, 'Need for Speed: Carbon', 'Simulator', 'Sandbox', 7.25857, '0000-00-00', 'Game Boy Advance', 'Electronic Arts', 'Electronic Arts'),
(100, 'Need for Speed: ProStreet', 'Simulator', 'unknown', 6.30625, '0000-00-00', 'Microsoft Windows', 'Electronic Arts', 'Electronic Arts'),
(101, 'Need for Speed: Undercover', 'Racing', 'Open world', 6.26326, '0000-00-00', 'iOS', 'Firebrand Games', 'Firebrand Games'),
(102, 'Need for Speed: Shift', 'Simulator', 'unknown', 7.81595, '0000-00-00', 'Android', 'Electronic Arts', 'Electronic Arts'),
(103, 'Need for Speed: Nitro', 'Racing', 'unknown', 0, '0000-00-00', 'Nintendo DS', 'Electronic Arts', 'Electronic Arts'),
(104, 'Need for Speed: World', 'Simulator', 'unknown', 0, '0000-00-00', 'Microsoft Windows', 'EA Black Box', 'EA Black Box'),
(105, 'Need for Speed: Hot Pursuit', 'Simulator', 'unknown', 8.30467, '0000-00-00', 'iOS', 'Criterion Games', 'Criterion Games'),
(106, 'Zak McKracken and the Alien Mindbenders', 'Point-and-click', 'Science fiction', 0, '0000-00-00', 'Commodore C64/128', 'Lucasfilm Games', 'Lucasfilm Games'),
(107, 'Hidden & Dangerous 2', 'Shooter', 'Historical', 7.80842, '0000-00-00', 'Microsoft Windows', 'Illusion Softworks', 'Illusion Softworks'),
(108, 'Hidden & Dangerous: Devils Bridge', 'Shooter', 'Historical', 0, '0000-00-00', 'Microsoft Windows', 'Illusion Softworks', 'Illusion Softworks'),
(109, 'L.A. Noire', 'Adventure', 'Action', 8.21021, '0000-00-00', 'PlayStation 3', 'Team Bondi', 'Team Bondi'),
(110, 'Freddy Pharkas: Frontier Pharmacist', 'Point-and-click', 'Comedy', 0, '0000-00-00', 'Mac', 'Sierra On-Line', 'Sierra On-Line'),
(111, 'Amnesia: The Dark Descent', 'Adventure', 'Survival', 8.85734, '0000-00-00', 'Microsoft Windows', 'Frictional Games', 'Frictional Games'),
(112, 'Devil May Cry 4', 'Hack and slash/Beat', 'Action', 8.39353, '0000-00-00', 'PlayStation 3', 'Capcom', 'Capcom'),
(113, 'Assassins Creed: Brotherhood', 'Adventure', 'Historical', 8.69598, '0000-00-00', 'PlayStation 3', 'Ubisoft Entertainment', 'Ubisoft Entertainment'),
(114, 'Star Wars: The Old Republic', 'Role-playing (RPG)', 'Science fiction', 8.26901, '0000-00-00', 'Microsoft Windows', 'BioWare', 'BioWare'),
(115, 'League of Legends', 'Real Time Strategy (RTS)', 'Action', 7.03474, '0000-00-00', 'Mac', 'GOA Games Services Ltd.', 'GOA Games Services Ltd.'),
(116, 'Star Wars: Knights of the Old Republic', 'Role-playing (RPG)', 'Science fiction', 9.2406, '0000-00-00', 'Xbox', 'Aspyr Media', 'Aspyr Media'),
(117, 'The Last Guardian', 'Platform', 'Action', 0, '0000-00-00', 'PlayStation 4', 'Sony Computer Entertainment', 'Sony Computer Entertainment'),
(118, 'Star Wars: Knights of the Old Republic II - The Sith Lords', 'Role-playing (RPG)', 'Science fiction', 9.02076, '0000-00-00', 'Xbox', 'Activision', 'Activision'),
(119, 'Mortal Kombat', 'Fighting', 'Action', 8.34492, '0000-00-00', 'PlayStation 3', 'NetherRealm Studios', 'NetherRealm Studios'),
(120, 'Diablo III', 'Role-playing (RPG)', 'Action', 8.67917, '0000-00-00', 'Mac', 'Blizzard Entertainment', 'Blizzard Entertainment'),
(121, 'Minecraft', 'Adventure', 'Fantasy', 8.12031, '0000-00-00', 'Android', 'Mojang AB', 'Mojang AB'),
(122, 'Left 4 Dead', 'Shooter', 'Horror', 8.07675, '0000-00-00', 'Microsoft Windows', 'Valve Corporation', 'Valve Corporation'),
(123, 'World of Warcraft', 'Role-playing (RPG)', 'Action', 8.07704, '0000-00-00', 'Mac', 'Blizzard Entertainment', 'Blizzard Entertainment'),
(124, 'Left 4 Dead 2', 'Shooter', 'Survival', 8.17719, '0000-00-00', 'Microsoft Windows', 'Valve Corporation', 'Valve Corporation'),
(125, 'Diablo', 'Role-playing (RPG)', 'Action', 8.52783, '0000-00-00', 'Microsoft Windows', 'Blizzard North', 'Blizzard North'),
(126, 'Diablo II', 'Role-playing (RPG)', 'Action', 8.53047, '0000-00-00', 'Microsoft Windows', 'Blizzard Entertainment', 'Blizzard Entertainment'),
(127, 'Assassins Creed II', 'Adventure', 'Historical', 8.50002, '0000-00-00', 'PlayStation 3', 'Ubisoft Montreal', 'Ubisoft Montreal'),
(128, 'Assassins Creed', 'Adventure', 'Action', 7.60441, '0000-00-00', 'PlayStation 3', 'Ubisoft Montreal', 'Ubisoft Montreal'),
(129, 'Warcraft: Orcs & Humans', 'Real Time Strategy (RTS)', 'Fantasy', 7.96785, '0000-00-00', 'PC DOS', 'Interplay Entertainment', 'Interplay Entertainment'),
(130, 'Warcraft II: Tides of Darkness', 'Real Time Strategy (RTS)', 'Fantasy', 8.85823, '0000-00-00', 'Mac', 'Blizzard Entertainment', 'Blizzard Entertainment'),
(131, 'Warcraft II: Beyond the Dark Portal', 'Real Time Strategy (RTS)', 'Fantasy', 7.9729, '0000-00-00', 'PC DOS', 'Blizzard Entertainment', 'Blizzard Entertainment'),
(132, 'Warcraft III: Reign of Chaos', 'Real Time Strategy (RTS)', 'Fantasy', 9.04768, '0000-00-00', 'Mac', 'Blizzard Entertainment', 'Blizzard Entertainment'),
(133, 'Warcraft III: The Frozen Throne', 'Real Time Strategy (RTS)', 'Fantasy', 8.75806, '0000-00-00', 'Mac', 'Blizzard Entertainment', 'Blizzard Entertainment'),
(134, 'Devil May Cry', 'Hack and slash/Beat', 'Action', 8.7492, '0000-00-00', 'PlayStation 2', 'Capcom', 'Capcom'),
(135, 'Devil May Cry 2', 'Hack and slash/Beat', 'Action', 7.46355, '0000-00-00', 'PlayStation 2', 'Capcom', 'Capcom'),
(136, 'Devil May Cry 3: Dantes Awakening', 'Hack and slash/Beat', 'Action', 8.62199, '0000-00-00', 'PlayStation 2', 'Capcom', 'Capcom'),
(137, 'Star Wars: The Force Unleashed 2', 'Role-playing (RPG)', 'Action', 6.04298, '0000-00-00', 'iOS', 'LucasArts Entertainment', 'LucasArts Entertainment'),
(138, 'Lego Indiana Jones 2: The Adventure Continues', 'Adventure', 'Kids', 0, '0000-00-00', 'Microsoft Windows', 'LucasArts Entertainment', 'LucasArts Entertainment'),
(139, 'Star Wars Galactic Battlegrounds', 'unknown', 'Science fiction', 8.92499, '0000-00-00', 'Mac', 'Ensemble Studios', 'Ensemble Studios'),
(140, 'Star Wars Galactic Battlegrounds: Clone Campaigns', 'Real Time Strategy (RTS)', 'Science fiction', 0, '0000-00-00', 'Mac', 'Ensemble Studios', 'Ensemble Studios'),
(141, 'Star Wars Battlefront', 'Shooter', 'Science fiction', 8.32048, '0000-00-00', 'Mac', 'Pandemic Studios', 'Pandemic Studios'),
(142, 'Star Wars Battlefront II', 'Shooter', 'Science fiction', 8.84423, '0000-00-00', 'Microsoft Windows', 'Pandemic Studios', 'Pandemic Studios'),
(143, 'Star Wars Demolition', 'Shooter', 'Science fiction', 0, '0000-00-00', 'PlayStation', 'Luxoflux', 'Luxoflux'),
(144, 'Star Wars: Empire At War', 'Real Time Strategy (RTS)', 'Science fiction', 7.59047, '0000-00-00', 'Microsoft Windows', 'LucasArts Entertainment', 'LucasArts Entertainment'),
(145, 'Star Wars Galaxies: An Empire Divided', 'Role-playing (RPG)', 'Science fiction', 0, '0000-00-00', 'Microsoft Windows', 'Sony Online Entertainment', 'Sony Online Entertainment'),
(146, 'Star Wars Galaxies: Episode III Rage of the Wookiees', 'Role-playing (RPG)', 'Science fiction', 0, '0000-00-00', 'Microsoft Windows', 'Sony Online Entertainment', 'Sony Online Entertainment'),
(147, 'Star Wars Galaxies: Jump to Lightspeed', 'Role-playing (RPG)', 'Science fiction', 0, '0000-00-00', 'Microsoft Windows', 'Sony Online Entertainment', 'Sony Online Entertainment'),
(148, 'Star Wars Republic Commando', 'Shooter', 'Science fiction', 8.60936, '0000-00-00', 'Xbox', 'LucasArts Entertainment', 'LucasArts Entertainment'),
(149, 'Star Wars Starfighter', 'Shooter', 'Science fiction', 0, '0000-00-00', 'PlayStation 2', 'LucasArts Entertainment', 'LucasArts Entertainment'),
(150, 'Star Wars Jedi Knight: Dark Forces II', 'Shooter', 'Science fiction', 8.66709, '0000-00-00', 'Microsoft Windows', 'LucasArts Entertainment', 'LucasArts Entertainment'),
(151, 'Star Wars: Rebellion', 'Real Time Strategy (RTS)', 'Science fiction', 0, '0000-00-00', 'Microsoft Windows', 'LucasArts Entertainment', 'LucasArts Entertainment'),
(152, 'Star Wars Jedi Knight II: Jedi Outcast', 'Shooter', 'Science fiction', 8.51726, '0000-00-00', 'Microsoft Windows', 'LucasArts Entertainment', 'LucasArts Entertainment'),
(153, 'Star Wars Jedi Knight: Jedi Academy', 'Shooter', 'Science fiction', 8.77353, '0000-00-00', 'Mac', 'LucasArts Entertainment', 'LucasArts Entertainment'),
(154, 'Star Wars Episode I: Racer', 'Racing', 'Science fiction', 7.70222, '0000-00-00', 'Microsoft Windows', 'LucasArts Entertainment', 'LucasArts Entertainment'),
(155, 'Star Wars: Yoda Stories', 'Adventure', 'Science fiction', 0, '0000-00-00', 'Microsoft Windows', 'LucasArts Entertainment', 'LucasArts Entertainment'),
(156, 'Star Wars: Episode I - Battle for Naboo', 'Shooter', 'Action', 0, '0000-00-00', 'Nintendo 64', 'Factor 5', 'Factor 5'),
(157, 'Star Wars: Dark Forces', 'Shooter', 'Science fiction', 8.38983, '0000-00-00', 'PC DOS', 'LucasArts Entertainment', 'LucasArts Entertainment'),
(158, 'Star Wars Episode I: The Phantom Menace', 'Adventure', 'Science fiction', 7.0506, '0000-00-00', 'Microsoft Windows', 'Big Ape Productions', 'Big Ape Productions'),
(159, 'Star Wars: Force Commander', 'Real Time Strategy (RTS)', 'unknown', 0, '0000-00-00', 'Microsoft Windows', 'LucasArts Entertainment', 'LucasArts Entertainment'),
(160, 'Star Wars: Jedi Knight - Mysteries of the Sith', 'Shooter', 'Science fiction', 0, '0000-00-00', 'Microsoft Windows', 'LucasArts Entertainment', 'LucasArts Entertainment'),
(161, 'Star Wars: Rebel Assault', 'unknown', 'Action', 0, '0000-00-00', '3DO Interactive Multiplayer', 'LucasArts Entertainment', 'LucasArts Entertainment'),
(162, 'Star Wars: Rebel Assault II - The Hidden Empire', 'unknown', 'Action', 0, '0000-00-00', 'Microsoft Windows', 'LucasArts Entertainment', 'LucasArts Entertainment'),
(163, 'Star Wars: Rogue Squadron', 'Shooter', 'Science fiction', 7.64639, '0000-00-00', 'Microsoft Windows', 'Factor 5', 'Factor 5'),
(164, 'Star Wars: Shadows of the Empire', 'unknown', 'Action', 7.0021, '0000-00-00', 'Nintendo 64', 'LucasArts Entertainment', 'LucasArts Entertainment'),
(165, 'Star Wars: Super Return of the Jedi', 'unknown', 'Action', 0, '0000-00-00', 'Super Nintendo Entertainment System (SNES)', 'Sculptured Software', 'Sculptured Software'),
(166, 'Star Wars: TIE Fighter', 'Simulator', 'Science fiction', 9.44769, '0000-00-00', 'Mac', 'Totally Games', 'Totally Games'),
(167, 'Star Wars: TIE Fighter - Defender of the Empire', 'Simulator', 'Science fiction', 0, '0000-00-00', 'Mac', 'Totally Games', 'Totally Games'),
(168, 'Star Wars: X-Wing', 'Simulator', 'Science fiction', 8.22701, '0000-00-00', 'Mac', 'Totally Games', 'Totally Games'),
(169, 'Star Wars: X-Wing Alliance', 'Simulator', 'Science fiction', 8.43975, '0000-00-00', 'Microsoft Windows', 'Totally Games', 'Totally Games'),
(170, 'Star Wars: X-Wing vs. TIE Fighter', 'Simulator', 'Science fiction', 0, '0000-00-00', 'Microsoft Windows', 'Totally Games', 'Totally Games'),
(171, 'Star Wars: X-Wing - B-Wing', 'Simulator', 'Science fiction', 0, '0000-00-00', 'PC DOS', 'Totally Games', 'Totally Games'),
(172, 'Star Wars: X-Wing vs. TIE Fighter - Balance of Power', 'Simulator', 'Science fiction', 0, '0000-00-00', 'Microsoft Windows', 'Totally Games', 'Totally Games'),
(173, 'Star Wars: X-Wing Imperial Pursuit', 'Simulator', 'Science fiction', 0, '0000-00-00', 'Mac', 'Totally Games', 'Totally Games'),
(174, 'Star Wars: Empire at War - Forces of Corruption', 'Real Time Strategy (RTS)', 'Science fiction', 0, '0000-00-00', 'Microsoft Windows', 'LucasArts Entertainment', 'LucasArts Entertainment'),
(175, 'Afterlife', 'Strategy', 'Business', 0, '0000-00-00', 'Mac', 'LucasArts Entertainment', 'LucasArts Entertainment'),
(176, 'Ballblazer', 'Sport', 'Science fiction', 0, '0000-00-00', 'Amstrad CPC', 'Atari', 'Atari'),
(177, 'Ballblazer Champions', 'Racing', 'Science fiction', 0, '0000-00-00', 'PlayStation', 'Factor 5', 'Factor 5'),
(178, 'Battlehawks 1942', 'Simulator', 'Warfare', 0, '0000-00-00', 'PC DOS', 'Lucasfilm Games', 'Lucasfilm Games'),
(179, 'Do 335 Pfeil Tour of Duty', 'Simulator', 'Warfare', 0, '0000-00-00', 'PC DOS', 'Lucasfilm Games', 'Lucasfilm Games'),
(180, 'Full Throttle', 'Puzzle', 'Science fiction', 8.45855, '0000-00-00', 'PC DOS', 'LucasArts Entertainment', 'LucasArts Entertainment'),
(181, 'Grim Fandango', 'Puzzle', 'Comedy', 9.44257, '0000-00-00', 'Microsoft Windows', 'LucasArts Entertainment', 'LucasArts Entertainment'),
(182, 'He-162 Volksjäger Tour Of Duty', 'Simulator', 'Warfare', 0, '0000-00-00', 'PC DOS', 'LucasArts Entertainment', 'LucasArts Entertainment'),
(183, 'Indiana Jones and His Desktop Adventures', 'Adventure', 'Kids', 0, '0000-00-00', 'Mac', 'LucasArts Entertainment', 'LucasArts Entertainment'),
(184, 'Indiana Jones and the Fate of Atlantis: The Graphic Adventure', 'Puzzle', 'Action', 9.599, '0000-00-00', 'Mac', 'U.S. Gold', 'U.S. Gold'),
(185, 'Indiana Jones and the Last Crusade: The Action Game', 'Platform', 'unknown', 0, '0000-00-00', 'PC DOS', 'Tiertex Design Studios', 'Tiertex Design Studios'),
(186, 'Indiana Jones and the Last Crusade: The Graphic Adventure', 'Point-and-click', 'Action', 0, '0000-00-00', 'Amiga', 'Lucasfilm Games', 'Lucasfilm Games'),
(187, 'Indiana Jones and the Emperors Tomb', 'unknown', 'Action', 0, '0000-00-00', 'Xbox', 'The Collective', 'The Collective'),
(188, 'Indiana Jones and the Infernal Machine', 'unknown', 'Action', 0, '0000-00-00', 'Microsoft Windows', 'LucasArts Entertainment', 'LucasArts Entertainment'),
(189, 'Lego Indiana Jones: The Original Adventures', 'Adventure', 'Kids', 7.86689, '0000-00-00', 'Mac', 'LucasArts Entertainment', 'LucasArts Entertainment'),
(190, 'Lego Star Wars II: The Original Trilogy', 'Platform', 'Action', 8.15869, '0000-00-00', 'Game Boy Advance', 'Travellers Tales', 'Travellers Tales'),
(191, 'Loom', 'Point-and-click', 'Fantasy', 8.83816, '0000-00-00', 'PC DOS', 'LucasArts Entertainment', 'LucasArts Entertainment'),
(192, 'Maniac Mansion', 'Point-and-click', 'Fantasy', 8.01402, '0000-00-00', 'Commodore C64/128', 'Lucasfilm Games', 'Lucasfilm Games'),
(193, 'Day of the Tentacle', 'Point-and-click', 'Science fiction', 9.25434, '0000-00-00', 'Mac', 'LucasArts Entertainment', 'LucasArts Entertainment'),
(194, 'Mortimer and the Riddles of the Medallion', 'Adventure', 'Kids', 0, '0000-00-00', 'Microsoft Windows', 'LucasArts Entertainment', 'LucasArts Entertainment'),
(195, 'Night Shift', 'Platform', 'unknown', 0, '0000-00-00', 'Amiga', 'Lucasfilm Games', 'Lucasfilm Games'),
(196, 'Outlaws', 'Shooter', 'Action', 8.85789, '0000-00-00', 'Microsoft Windows', 'LucasArts Entertainment', 'LucasArts Entertainment'),
(197, 'P-38 Lightning Tour of Duty', 'Simulator', 'Warfare', 0, '0000-00-00', 'PC DOS', 'Lucasfilm Games', 'Lucasfilm Games'),
(198, 'P-80 Shooting Star Tour of Duty', 'Simulator', 'Warfare', 0, '0000-00-00', 'PC DOS', 'Lucasfilm Games', 'Lucasfilm Games'),
(199, 'PHM Pegasus', 'Simulator', 'Non-fiction', 0, '0000-00-00', 'Commodore C64/128', 'Lucasfilm Games', 'Lucasfilm Games'),
(200, 'Pipe Mania', 'Puzzle', 'unknown', 0, '0000-00-00', 'Amiga', 'Empire Interactive', 'Empire Interactive'),
(201, 'Rescue on Fractalus!', 'Simulator', 'Science fiction', 0, '0000-00-00', 'Atari 5200', 'Epyx', 'Epyx'),
(202, 'Sam & Max Hit the Road', 'Point-and-click', 'Comedy', 8.96783, '0000-00-00', 'PC DOS', 'LucasArts Entertainment', 'LucasArts Entertainment'),
(203, 'Secret Weapons Over Normandy', 'Simulator', 'Action', 0, '0000-00-00', 'Microsoft Windows', 'LucasArts Entertainment', 'LucasArts Entertainment'),
(204, 'Secret Weapons of the Luftwaffe', 'Simulator', 'Warfare', 0, '0000-00-00', 'PC DOS', 'Lucasfilm Games', 'Lucasfilm Games'),
(205, 'Strike Fleet', 'Strategy', 'unknown', 0, '0000-00-00', 'Amiga', 'Lucasfilm Games', 'Lucasfilm Games'),
(206, 'Star Wars Galaxies: Trials of Obi-Wan', 'Role-playing (RPG)', 'Science fiction', 0, '0000-00-00', 'Microsoft Windows', 'Sony Online Entertainment', 'Sony Online Entertainment'),
(207, 'The Dig', 'Point-and-click', 'Science fiction', 8.89961, '0000-00-00', 'Mac', 'LucasArts Entertainment', 'LucasArts Entertainment'),
(208, 'Their Finest Hour: The Battle of Britain', 'Simulator', 'Historical', 0, '0000-00-00', 'PC DOS', 'Lucasfilm Games', 'Lucasfilm Games'),
(209, 'Thrillville: Off the Rails', 'Real Time Strategy (RTS)', 'unknown', 0, '0000-00-00', 'Microsoft Windows', 'Frontier Developments', 'Frontier Developments'),
(210, 'Star Wars The Clone Wars: Republic Heroes', 'Shooter', 'Science fiction', 0, '0000-00-00', 'Microsoft Windows', 'Lucasfilm Animation Singapore', 'Lucasfilm Animation Singapore'),
(211, 'Armed and Dangerous', 'Shooter', 'Science fiction', 8.55978, '0000-00-00', 'Microsoft Windows', 'Planet Moon Studios', 'Planet Moon Studios'),
(212, 'Brütal Legend', 'Adventure', 'Action', 8.44904, '0000-00-00', 'PlayStation 3', 'Electronic Arts', 'Electronic Arts'),
(213, 'Mass Effect Galaxy', 'Shooter', 'Science fiction', 0, '0000-00-00', 'iOS', 'BioWare', 'BioWare'),
(214, 'Neverwinter Nights 2', 'Role-playing (RPG)', 'Fantasy', 8.10699, '0000-00-00', 'Mac', 'Obsidian Entertainment', 'Obsidian Entertainment'),
(215, 'Warhammer Online: Age of Reckoning', 'Role-playing (RPG)', 'Action', 0, '0000-00-00', 'Microsoft Windows', 'Mythic Entertainment', 'Mythic Entertainment'),
(216, 'Neverwinter Nights', 'Role-playing (RPG)', 'Fantasy', 8.62219, '0000-00-00', 'Microsoft Windows', 'Atari', 'Atari'),
(217, 'Sonic Chronicles: The Dark Brotherhood', 'Platform', 'Action', 0, '0000-00-00', 'Nintendo DS', 'BioWare', 'BioWare'),
(218, 'MDK2', 'Adventure', 'Science fiction', 8.08791, '0000-00-00', 'Dreamcast', 'Interplay Entertainment', 'Interplay Entertainment'),
(219, 'MDK', 'Shooter', 'Science fiction', 8.43924, '0000-00-00', 'PC DOS', 'Shiny Entertainment', 'Shiny Entertainment'),
(220, 'Shattered Steel', 'Simulator', 'Science fiction', 0, '0000-00-00', 'PC DOS', 'Interplay Entertainment', 'Interplay Entertainment'),
(221, 'Phantasmagoria', 'Point-and-click', 'Survival', 8.60876, '0000-00-00', 'Mac', 'Sierra On-Line', 'Sierra On-Line'),
(222, 'Phantasmagoria: A Puzzle of Flesh', 'Point-and-click', 'Horror', 0, '0000-00-00', 'PC DOS', 'Sierra Entertainment', 'Sierra Entertainment'),
(223, 'The Sims', 'Simulator', 'unknown', 8.63143, '0000-00-00', 'Microsoft Windows', 'Maxis', 'Maxis'),
(224, 'The Sims 2', 'Simulator', 'Sandbox', 7.48968, '0000-00-00', 'Microsoft Windows', 'Maxis', 'Maxis'),
(225, 'The Sims 2: Pets', 'Simulator', 'unknown', 7.06806, '0000-00-00', 'Mac', 'Aspyr Media', 'Aspyr Media'),
(226, 'The Sims 2: Seasons', 'Simulator', 'unknown', 0, '0000-00-00', 'Microsoft Windows', 'EA Games', 'EA Games'),
(227, 'World of Warcraft: The Burning Crusade', 'Role-playing (RPG)', 'Science fiction', 8.99723, '0000-00-00', 'Mac', 'Blizzard Entertainment', 'Blizzard Entertainment'),
(228, 'World of Warcraft: Wrath of the Lich King', 'Role-playing (RPG)', 'Fantasy', 8.85192, '0000-00-00', 'Mac', 'Blizzard Entertainment', 'Blizzard Entertainment'),
(229, 'World of Warcraft: Cataclysm', 'Role-playing (RPG)', 'Fantasy', 8.07082, '0000-00-00', 'Mac', 'Activision Blizzard', 'Activision Blizzard'),
(230, 'StarCraft', 'Real Time Strategy (RTS)', 'Science fiction', 9.20275, '0000-00-00', 'Microsoft Windows', 'Blizzard Entertainment', 'Blizzard Entertainment'),
(231, 'Half-Life', 'Shooter', 'Action', 9.59285, '0000-00-00', 'Microsoft Windows', 'Gearbox Software', 'Gearbox Software'),
(232, 'Half-Life: Opposing Force', 'Platform', 'Action', 8.32052, '0000-00-00', 'Microsoft Windows', 'Gearbox Software', 'Gearbox Software'),
(233, 'Half-Life 2', 'Shooter', 'Science fiction', 9.34208, '0000-00-00', 'Microsoft Windows', 'Sierra Entertainment', 'Sierra Entertainment'),
(234, 'Guild Wars', 'Role-playing (RPG)', 'Fantasy', 7.90471, '0000-00-00', 'Microsoft Windows', 'ArenaNet', 'ArenaNet'),
(235, 'RollerCoaster Tycoon 3', 'Simulator', 'Business', 8.89915, '0000-00-00', 'Mac', 'Frontier Developments', 'Frontier Developments'),
(236, 'Myst', 'Adventure', 'unknown', 8.0994, '0000-00-00', 'Mac', 'Cyan Worlds', 'Cyan Worlds'),
(237, 'SimCity 3000', 'Simulator', 'Business', 8.6166, '0000-00-00', 'Linux', 'Loki Software', 'Loki Software'),
(238, 'Riven', 'Adventure', 'Drama', 8.69724, '0000-00-00', 'Sega Saturn', 'Cyan Worlds', 'Cyan Worlds'),
(239, 'StarCraft II: Wings of Liberty', 'Real Time Strategy (RTS)', 'Warfare', 9.03605, '0000-00-00', 'Mac', 'Blizzard Entertainment', 'Blizzard Entertainment'),
(240, 'Battlefield 1942', 'Shooter', 'Warfare', 7.85134, '0000-00-00', 'Microsoft Windows', 'Aspyr Media', 'Aspyr Media'),
(241, 'Counter-Strike', 'Shooter', 'Warfare', 8.54882, '0000-00-00', 'Microsoft Windows', 'Valve Corporation', 'Valve Corporation'),
(242, 'Cossacks: European Wars', 'Real Time Strategy (RTS)', 'Warfare', 0, '0000-00-00', 'Microsoft Windows', 'Strategy First', 'Strategy First'),
(243, 'Who Wants to Be a Millionaire?', 'Quiz/Trivia', 'unknown', 0, '0000-00-00', 'Microsoft Windows', 'Jellyvision', 'Jellyvision'),
(244, 'The Bureau: XCOM Declassified', 'Shooter', 'Science fiction', 6.31597, '0000-00-00', 'Xbox 360', '2K Marin', '2K Marin'),
(245, 'Command & Conquer: Red Alert 2', 'Real Time Strategy (RTS)', 'Science fiction', 8.19921, '0000-00-00', 'Microsoft Windows', 'Westwood Pacific', 'Westwood Pacific'),
(246, 'Diablo II: Lord of Destruction', 'Role-playing (RPG)', 'Fantasy', 8.82875, '0000-00-00', 'Mac', 'Sierra Entertainment', 'Sierra Entertainment'),
(247, 'Half-Life 2: Episode Two', 'Puzzle', 'Science fiction', 8.60657, '0000-00-00', 'Xbox 360', 'Valve Corporation', 'Valve Corporation'),
(248, 'Populous', 'Real Time Strategy (RTS)', 'unknown', 7.98344, '0000-00-00', 'Amiga', 'Electronic Arts', 'Electronic Arts'),
(249, 'Superhero League of Hoboken', 'Role-playing (RPG)', 'Comedy', 0, '0000-00-00', 'Microsoft Windows', 'Legend Entertainment', 'Legend Entertainment'),
(250, 'The Chronicles of Riddick: Escape from Butcher Bay', 'Adventure', 'Science fiction', 8.35913, '0000-00-00', 'Xbox', 'Starbreeze Studios', 'Starbreeze Studios'),
(251, 'Where in the World Is Carmen Sandiego?', 'Adventure', 'Kids', 0, '0000-00-00', 'PC DOS', 'Brøderbund Software', 'Brøderbund Software'),
(252, 'Deer Hunters Extended Season', 'Shooter', 'Non-fiction', 0, '0000-00-00', 'Microsoft Windows', 'Sunstorm Interactive', 'Sunstorm Interactive'),
(253, 'Stonekeep', 'Role-playing (RPG)', 'Fantasy', 0, '0000-00-00', 'PC DOS', 'Interplay Entertainment', 'Interplay Entertainment'),
(254, 'RollerCoaster Tycoon', 'Simulator', 'Business', 8.14086, '0000-00-00', 'Microsoft Windows', 'MicroProse', 'MicroProse'),
(255, 'Arcanum: Of Steamworks and Magick Obscura', 'Role-playing (RPG)', 'Science fiction', 9.0359, '0000-00-00', 'Microsoft Windows', 'Troika Games', 'Troika Games'),
(256, 'Deer Hunter 3 Gold', 'Shooter', 'Non-fiction', 0, '0000-00-00', 'Microsoft Windows', 'Sunstorm Interactive', 'Sunstorm Interactive'),
(257, 'Warhammer 40,000: Dawn of War', 'Real Time Strategy (RTS)', 'Science fiction', 7.97664, '0000-00-00', 'Microsoft Windows', 'Relic Entertainment', 'Relic Entertainment'),
(258, 'Deer Hunter 4: World-Class Record Bucks', 'Shooter', 'Non-fiction', 0, '0000-00-00', 'Microsoft Windows', 'Sunstorm Interactive', 'Sunstorm Interactive'),
(259, 'Deer Hunter 5: Tracking Trophies', 'Shooter', 'Non-fiction', 0, '0000-00-00', 'Microsoft Windows', 'Sunstorm Interactive', 'Sunstorm Interactive'),
(260, 'The Sims 3', 'Simulator', 'Open world', 8.1256, '0000-00-00', 'Mac', 'Electronic Arts', 'Electronic Arts'),
(261, 'Deer Hunter 2003: Legendary Hunting', 'Shooter', 'Non-fiction', 0, '0000-00-00', 'Microsoft Windows', 'Sunstorm Interactive', 'Sunstorm Interactive'),
(262, 'Deer Hunter 2004', 'Shooter', 'Non-fiction', 0, '0000-00-00', 'Microsoft Windows', 'Southlogic Studios', 'Southlogic Studios'),
(263, 'Deer Hunter: Interactive Hunting Experience', 'Shooter', 'Non-fiction', 0, '0000-00-00', 'Microsoft Windows', 'Sunstorm Interactive', 'Sunstorm Interactive'),
(264, 'Deer Hunter 2005', 'Shooter', 'Non-fiction', 0, '0000-00-00', 'Microsoft Windows', 'Atari', 'Atari'),
(265, 'Deer Hunter II: The Hunt Continues', 'Shooter', 'Non-fiction', 0, '0000-00-00', 'Mac', 'Sunstorm Interactive', 'Sunstorm Interactive'),
(266, 'Deer Hunter Tournament', 'Shooter', 'Non-fiction', 0, '0000-00-00', 'Microsoft Windows', 'Southlogic Studios', 'Southlogic Studios'),
(267, 'Deer Hunter 3: The Legend Continues', 'Shooter', 'Non-fiction', 0, '0000-00-00', 'Microsoft Windows', 'Sunstorm Interactive', 'Sunstorm Interactive'),
(268, 'Deer Hunter 3D', 'Shooter', 'Non-fiction', 0, '0000-00-00', 'iOS', 'Glu Mobile', 'Glu Mobile'),
(269, 'Deer Hunter Challenge', 'Shooter', 'Non-fiction', 0, '0000-00-00', 'iOS', 'Glu Mobile', 'Glu Mobile'),
(270, 'Age of Conan: Hyborian Adventures', 'Role-playing (RPG)', 'Fantasy', 0, '0000-00-00', 'Microsoft Windows', 'Eidos Interactive', 'Eidos Interactive'),
(271, 'Vietcong', 'Shooter', 'Warfare', 7.59289, '0000-00-00', 'Microsoft Windows', 'Pterodon', 'Pterodon'),
(272, 'Unreal Tournament', 'Shooter', 'Action', 8.6118, '0000-00-00', 'Microsoft Windows', 'Epic Games', 'Epic Games'),
(273, 'Unreal', 'Shooter', 'Action', 8.14231, '0000-00-00', 'Mac', 'Epic MegaGames', 'Epic MegaGames'),
(274, 'Tropico', 'Strategy', 'unknown', 0, '0000-00-00', 'Mac', 'PopTop Software', 'PopTop Software'),
(275, 'Commandos: Strike Force', 'Shooter', 'Warfare', 6.09561, '0000-00-00', 'Microsoft Windows', 'Pyro Studios', 'Pyro Studios'),
(276, 'Supreme Commander', 'Real Time Strategy (RTS)', 'Science fiction', 7.79345, '0000-00-00', 'Microsoft Windows', 'Gas Powered Games', 'Gas Powered Games'),
(277, 'Battlefield 2', 'Shooter', 'Warfare', 8.15635, '0000-00-00', 'Microsoft Windows', 'Electronic Arts', 'Electronic Arts'),
(278, 'Runaway: A Road Adventure', 'Point-and-click', 'Drama', 7.13682, '0000-00-00', 'Microsoft Windows', 'Péndulo Studios', 'Péndulo Studios'),
(279, 'Return to Zork', 'Point-and-click', 'Fantasy', 0, '0000-00-00', 'Mac', 'Activision', 'Activision'),
(280, 'Doom 3', 'Shooter', 'Science fiction', 7.78715, '0000-00-00', 'Microsoft Windows', 'id Software', 'id Software'),
(281, 'Return to Castle Wolfenstein', 'Shooter', 'Science fiction', 7.96008, '0000-00-00', 'Microsoft Windows', 'Gray Matter Interactive', 'Gray Matter Interactive'),
(282, 'EverQuest', 'unknown', 'Fantasy', 9.60952, '0000-00-00', 'Mac', '989 Studios', '989 Studios'),
(283, 'Theme Park', 'Real Time Strategy (RTS)', 'Business', 7.51065, '0000-00-00', '3DO Interactive Multiplayer', 'Electronic Arts', 'Electronic Arts'),
(284, 'Wolfenstein 3D', 'Shooter', 'Science fiction', 8.16813, '0000-00-00', 'PC DOS', 'id Software', 'id Software'),
(285, 'Railroad Tycoon II', 'Strategy', 'Business', 0, '0000-00-00', 'Dreamcast', 'PopTop Software', 'PopTop Software'),
(286, 'Quake II', 'Shooter', 'Science fiction', 8.6831, '0000-00-00', 'Microsoft Windows', 'id Software', 'id Software'),
(287, 'Patrician III: Rise of the Hanse', 'Real Time Strategy (RTS)', 'unknown', 0, '0000-00-00', 'Microsoft Windows', 'Encore', 'Encore'),
(288, 'Operation Flashpoint: Cold War Crisis', 'Shooter', 'Warfare', 0, '0000-00-00', 'Microsoft Windows', 'Codemasters', 'Codemasters'),
(289, 'Age of Empires', 'Real Time Strategy (RTS)', 'Historical', 8.96612, '0000-00-00', 'Microsoft Windows', 'Ensemble Studios', 'Ensemble Studios'),
(290, 'Imperivm III: Great Battles of Rome', 'Real Time Strategy (RTS)', 'Action', 0, '0000-00-00', 'Microsoft Windows', 'Haemimont Games', 'Haemimont Games'),
(291, 'Age of Empires: The Rise of Rome', 'Real Time Strategy (RTS)', 'Historical', 7.93855, '0000-00-00', 'Microsoft Windows', 'Ensemble Studios', 'Ensemble Studios'),
(292, 'Hotel Giant', 'Simulator', 'Business', 0, '0000-00-00', 'Microsoft Windows', 'Enlight Software', 'Enlight Software'),
(293, 'Sid Meiers Civilization IV', 'Turn-based strategy (TBS)', '4X (explore, expand, exploit, and exterminate)', 8.55501, '0000-00-00', 'Microsoft Windows', 'Firaxis Games', 'Firaxis Games'),
(294, 'Hidden & Dangerous', 'Shooter', 'Historical', 7.99754, '0000-00-00', 'Microsoft Windows', 'Illusion Softworks', 'Illusion Softworks'),
(295, 'Command & Conquer: Red Alert', 'Real Time Strategy (RTS)', 'Science fiction', 8.90621, '0000-00-00', 'Microsoft Windows', 'Westwood Studios', 'Westwood Studios'),
(296, 'Crysis', 'Adventure', 'Action', 8.38444, '0000-00-00', 'Microsoft Windows', 'Crytek Frankfurt', 'Crytek Frankfurt'),
(297, 'Counter-Strike: Condition Zero', 'Shooter', 'unknown', 7.23997, '0000-00-00', 'Microsoft Windows', 'Valve Corporation', 'Valve Corporation'),
(298, 'Glory of the Roman Empire', 'Real Time Strategy (RTS)', 'unknown', 0, '0000-00-00', 'Microsoft Windows', 'Haemimont Games', 'Haemimont Games'),
(299, 'Age of Empires III', 'Real Time Strategy (RTS)', 'Historical', 8.16747, '0000-00-00', 'Mac', 'Ensemble Studios', 'Ensemble Studios'),
(300, 'Anno 1503', 'Real Time Strategy (RTS)', 'Historical', 0, '0000-00-00', 'Microsoft Windows', 'Max Design', 'Max Design'),
(301, 'Microsoft Flight Simulator X', 'Simulator', 'Non-fiction', 7.4029, '0000-00-00', 'Microsoft Windows', 'Microsoft Game Studios', 'Microsoft Game Studios'),
(302, 'Empire Earth', 'Real Time Strategy (RTS)', 'Historical', 8.28041, '0000-00-00', 'Microsoft Windows', 'Stainless Steel Studios', 'Stainless Steel Studios'),
(303, 'Anno 1602: Creation of a New World', 'Real Time Strategy (RTS)', 'Historical', 8.38601, '0000-00-00', 'Microsoft Windows', 'Max Design', 'Max Design'),
(304, 'Dungeon Lords', 'Role-playing (RPG)', 'Fantasy', 0, '0000-00-00', 'Microsoft Windows', 'Heuristic Park', 'Heuristic Park'),
(305, 'Cossacks II: Napoleonic Wars', 'Real Time Strategy (RTS)', 'Historical', 0, '0000-00-00', 'Microsoft Windows', 'GSC Game World', 'GSC Game World'),
(306, 'Far Cry', 'Shooter', 'Science fiction', 7.86253, '0000-00-00', 'Microsoft Windows', 'Crytek Frankfurt', 'Crytek Frankfurt'),
(307, 'Counter-Strike: Source', 'Shooter', 'Action', 8.12741, '0000-00-00', 'Microsoft Windows', 'Valve Corporation', 'Valve Corporation'),
(308, 'Black & White', 'Real Time Strategy (RTS)', 'unknown', 7.15609, '0000-00-00', 'Mac', 'Feral Interactive', 'Feral Interactive'),
(309, 'Daryl F. Gates Police Quest: SWAT', 'Tactical', 'unknown', 0, '0000-00-00', 'Microsoft Windows', 'Sierra Entertainment', 'Sierra Entertainment'),
(310, 'Sid Meiers Civilization III', 'Turn-based strategy (TBS)', '4X (explore, expand, exploit, and exterminate)', 8.39787, '0000-00-00', 'Mac', 'Aspyr Media', 'Aspyr Media'),
(311, 'Police Quest: SWAT 2', 'Tactical', 'Action', 0, '0000-00-00', 'Microsoft Windows', 'Yosemite Entertainment', 'Yosemite Entertainment'),
(312, 'Doom II: Hell on Earth', 'Shooter', 'Science fiction', 8.7298, '0000-00-00', 'PC DOS', 'id Software', 'id Software'),
(313, 'SWAT 3: Close Quarters Battle', 'Shooter', 'unknown', 8.16904, '0000-00-00', 'Microsoft Windows', 'Sierra Northwest', 'Sierra Northwest'),
(314, 'SWAT: Global Strike Team', 'Shooter', 'unknown', 0, '0000-00-00', 'PlayStation 2', 'Argonaut Games', 'Argonaut Games'),
(316, 'SWAT 4', 'Shooter', 'Stealth', 8.16549, '0000-00-00', 'Microsoft Windows', 'Sierra Entertainment', 'Sierra Entertainment'),
(317, 'SWAT 4: The Stetchkov Syndicate', 'Shooter', 'unknown', 0, '0000-00-00', 'Microsoft Windows', 'Irrational Games', 'Irrational Games'),
(318, 'Ragnarok Online', 'Role-playing (RPG)', 'Fantasy', 6.65262, '0000-00-00', 'Microsoft Windows', 'GRAVITY', 'GRAVITY'),
(319, 'SWAT: Target Liberty', 'Tactical', 'Action', 0, '0000-00-00', 'PlayStation Portable', '3G Studios', '3G Studios'),
(320, 'S.T.A.L.K.E.R.: Shadow of Chernobyl', 'Shooter', 'Survival', 7.58076, '0000-00-00', 'Microsoft Windows', 'GSC Game World', 'GSC Game World'),
(321, 'Command & Conquer 3: Tiberium Wars', 'Real Time Strategy (RTS)', 'Science fiction', 8.5954, '0000-00-00', 'Microsoft Windows', 'EA Los Angeles', 'EA Los Angeles'),
(322, 'Blade Runner', 'Point-and-click', 'Science fiction', 8.09075, '0000-00-00', 'Microsoft Windows', 'Westwood Studios', 'Westwood Studios'),
(323, 'The 7th Guest', 'Puzzle', 'Drama', 0, '0000-00-00', 'Mac', 'Virgin Interactive', 'Virgin Interactive'),
(324, 'Age of Mythology', 'Real Time Strategy (RTS)', 'Fantasy', 8.91609, '0000-00-00', 'Mac', 'Ensemble Studios', 'Ensemble Studios'),
(325, 'Hellgate: London', 'Shooter', 'Science fiction', 8.15082, '0000-00-00', 'Microsoft Windows', 'Flagship Studios', 'Flagship Studios'),
(326, 'Medal of Honor: Allied Assault', 'Shooter', 'Warfare', 7.89665, '0000-00-00', 'Microsoft Windows', '2015', '2015'),
(327, 'Age of Empires II: The Age of Kings', 'Real Time Strategy (RTS)', 'Historical', 8.81163, '0000-00-00', 'Mac', 'Ensemble Studios', 'Ensemble Studios'),
(328, 'Sacred', 'Role-playing (RPG)', 'Fantasy', 7.87547, '0000-00-00', 'Mac', 'Ascaron Entertainment', 'Ascaron Entertainment'),
(329, 'Dungeon Siege', 'Role-playing (RPG)', 'Fantasy', 8.01543, '0000-00-00', 'Microsoft Windows', 'Microsoft Game Studios', 'Microsoft Game Studios'),
(330, 'SimCity 2000', 'Strategy', 'unknown', 8.06429, '0000-00-00', 'Amiga', 'Maxis', 'Maxis'),
(331, 'RollerCoaster Tycoon 2', 'Simulator', 'Business', 9.00503, '0000-00-00', 'Microsoft Windows', 'Chris Sawyer', 'Chris Sawyer'),
(332, 'Monopoly', 'unknown', 'Business', 0, '0000-00-00', 'Microsoft Windows', 'Hasbro Interactive', 'Hasbro Interactive'),
(333, 'Quake', 'Shooter', 'Science fiction', 8.44761, '0000-00-00', 'Amiga', 'id Software', 'id Software'),
(334, 'Zoo Tycoon', 'Strategy', 'unknown', 7.05207, '0000-00-00', 'Mac', 'Blue Fang Games', 'Blue Fang Games'),
(335, 'Battlefield Vietnam', 'Shooter', 'Warfare', 6.59215, '0000-00-00', 'Microsoft Windows', 'Electronic Arts', 'Electronic Arts'),
(336, 'Crysis Warhead', 'Shooter', 'Science fiction', 7.97751, '0000-00-00', 'Microsoft Windows', 'Electronic Arts', 'Electronic Arts'),
(337, 'American McGees Alice', 'Platform', 'Action', 7.89977, '0000-00-00', 'Microsoft Windows', 'Rogue Entertainment', 'Rogue Entertainment'),
(338, 'Half-Life 2: Episode One', 'Shooter', 'Science fiction', 8.36586, '0000-00-00', 'Microsoft Windows', 'Valve Corporation', 'Valve Corporation'),
(339, 'The Orange Box', 'Shooter', 'unknown', 8.78903, '0000-00-00', 'Mac', 'Valve Corporation', 'Valve Corporation'),
(340, 'Command & Conquer: Tiberian Sun', 'Real Time Strategy (RTS)', 'Science fiction', 8.15927, '0000-00-00', 'Microsoft Windows', 'Westwood Studios', 'Westwood Studios'),
(341, 'Harry Potter and the Sorcerers Stone', 'Adventure', 'Action', 7.01557, '0000-00-00', 'Game Boy Advance', 'KnowWonder', 'KnowWonder'),
(342, 'Duke Nukem 3D', 'Shooter', 'Science fiction', 8.72085, '0000-00-00', 'PC DOS', '3D Realms', '3D Realms'),
(343, 'Battlefield 3', 'Shooter', 'Warfare', 8.37986, '0000-00-00', 'iOS', 'EA Digital Illusions CE', 'EA Digital Illusions CE'),
(344, 'Codename Eagle', 'Shooter', 'unknown', 0, '0000-00-00', 'Microsoft Windows', 'Refraction Games', 'Refraction Games'),
(345, 'Battlefield 1942: The Road to Rome', 'Shooter', 'Warfare', 0, '0000-00-00', 'Microsoft Windows', 'Electronic Arts', 'Electronic Arts'),
(346, 'Battlefield 1942: Secret Weapons of WWII', 'Shooter', 'Warfare', 8.00253, '0000-00-00', 'Microsoft Windows', 'Electronic Arts', 'Electronic Arts'),
(347, 'Battlefield 2: Special Forces', 'Shooter', 'unknown', 0, '0000-00-00', 'Microsoft Windows', 'Digital Illusions CE: Canada', 'Digital Illusions CE: Canada'),
(348, 'Battlefield 2: Modern Combat', 'Shooter', 'unknown', 7.69637, '0000-00-00', 'Xbox', 'Electronic Arts', 'Electronic Arts'),
(349, 'Battlefield 2142', 'Shooter', 'Science fiction', 7.98305, '0000-00-00', 'Mac', 'Electronic Arts', 'Electronic Arts'),
(350, 'Battlefield Heroes', 'Shooter', 'unknown', 7.99204, '0000-00-00', 'Microsoft Windows', 'EA Digital Illusions CE', 'EA Digital Illusions CE'),
(351, 'Battlefield 1943', 'Shooter', 'Historical', 7.2779, '0000-00-00', 'Xbox 360', 'Electronic Arts', 'Electronic Arts'),
(352, 'Battlefield: Bad Company 2', 'Shooter', 'unknown', 8.34027, '0000-00-00', 'Microsoft Windows', 'EA Digital Illusions CE', 'EA Digital Illusions CE'),
(353, 'Battlefield Online', 'Shooter', 'unknown', 0, '0000-00-00', 'Microsoft Windows', 'Neowiz Games', 'Neowiz Games'),
(354, 'Battlefield Play4Free', 'Shooter', 'unknown', 0, '0000-00-00', 'Microsoft Windows', 'EA Digital Illusions CE', 'EA Digital Illusions CE'),
(355, 'Quake III Arena', 'Shooter', 'Science fiction', 8.55081, '0000-00-00', 'Microsoft Windows', 'id Software', 'id Software'),
(356, 'Quake 4', 'Shooter', 'Science fiction', 7.75053, '0000-00-00', 'Microsoft Windows', 'Raven Software', 'Raven Software'),
(357, 'Tachyon: The Fringe', 'Simulator', 'Science fiction', 0, '0000-00-00', 'Microsoft Windows', 'NovaLogic', 'NovaLogic'),
(358, 'Super Mario Bros.', 'Platform', 'Action', 8.89411, '0000-00-00', 'Family Computer Disk System', 'Nintendo Creative Department', 'Nintendo Creative Department'),
(359, 'Final Fantasy XV', 'Adventure', 'Action', 0, '0000-00-00', 'PlayStation 4', 'Square Enix 1st Production Department', 'Square Enix 1st Production Department'),
(360, 'Disneys Donald Duck: Goin Quackers', 'Platform', 'Action', 0, '0000-00-00', 'Microsoft Windows', 'Disney Interactive', 'Disney Interactive'),
(361, 'Far Cry 2', 'Shooter', 'unknown', 7.12885, '0000-00-00', 'Microsoft Windows', 'Ubisoft Montreal', 'Ubisoft Montreal');
INSERT INTO `FirstGame` (`idGame`, `GameName`, `GameGenre`, `GameTheme`, `Rating`, `ReleaseDate`, `GamePlateform`, `GameDeveloper`, `GamePublisher`) VALUES
(362, 'Heroes of Might and Magic: A Strategic Quest', 'Role-playing (RPG)', 'Fantasy', 0, '0000-00-00', 'PC DOS', 'New World Computing', 'New World Computing'),
(363, 'Heroes of Might and Magic II: The Succession Wars', 'Role-playing (RPG)', 'Fantasy', 8.89501, '0000-00-00', 'Microsoft Windows', 'The 3DO Company', 'The 3DO Company'),
(364, 'Heroes of Might and Magic III: The Restoration of Erathia', 'Role-playing (RPG)', 'Fantasy', 9.19059, '0000-00-00', 'Microsoft Windows', 'Loki Software', 'Loki Software'),
(365, 'Heroes of Might and Magic III: Armageddons Blade', 'Role-playing (RPG)', 'Fantasy', 8.55999, '0000-00-00', 'Microsoft Windows', 'Buka Entertainment', 'Buka Entertainment'),
(366, 'Heroes of Might and Magic III: The Shadow of Death', 'Role-playing (RPG)', 'Fantasy', 8.6817, '0000-00-00', 'Microsoft Windows', 'Buka Entertainment', 'Buka Entertainment'),
(367, 'Heroes of Might and Magic IV', 'Turn-based strategy (TBS)', 'Fantasy', 7.98925, '0000-00-00', 'Microsoft Windows', 'New World Computing', 'New World Computing'),
(368, 'Heroes of Might and Magic IV: The Gathering Storm', 'Role-playing (RPG)', 'Fantasy', 0, '0000-00-00', 'Microsoft Windows', 'Buka Entertainment', 'Buka Entertainment'),
(369, 'Heroes of Might and Magic IV: Winds of War', 'Role-playing (RPG)', 'Fantasy', 7.01115, '0000-00-00', 'Microsoft Windows', 'Buka Entertainment', 'Buka Entertainment'),
(370, 'Heroes of Might and Magic V', 'Role-playing (RPG)', 'Fantasy', 8.08445, '0000-00-00', 'Microsoft Windows', 'Ubisoft Entertainment', 'Ubisoft Entertainment'),
(371, 'Heroes of Might and Magic V: Hammers of Fate', 'Role-playing (RPG)', 'Fantasy', 8.39592, '0000-00-00', 'Microsoft Windows', 'Nival Interactive', 'Nival Interactive'),
(372, 'Heroes of Might and Magic V: Tribes of the East', 'Role-playing (RPG)', 'Fantasy', 8.39582, '0000-00-00', 'Microsoft Windows', 'Nival Interactive', 'Nival Interactive'),
(373, 'Might & Magic: Heroes VI', 'Role-playing (RPG)', 'Fantasy', 7.52386, '0000-00-00', 'Microsoft Windows', 'Ubisoft Entertainment', 'Ubisoft Entertainment'),
(374, 'Metal Gear', 'Adventure', 'Stealth', 7.85646, '0000-00-00', 'MSX2', 'Ultra Games', 'Ultra Games'),
(375, 'Metal Gear Solid', 'unknown', 'Stealth', 8.99307, '0000-00-00', 'PlayStation', 'Konami Computer Entertainment Japan', 'Konami Computer Entertainment Japan'),
(376, 'Metal Gear Solid 2: Sons of Liberty', 'unknown', 'Stealth', 8.735, '0000-00-00', 'PlayStation 2', 'Konami Computer Entertainment Japan', 'Konami Computer Entertainment Japan'),
(377, 'Metal Gear 2: Solid Snake', 'unknown', 'Stealth', 8.99412, '0000-00-00', 'MSX', 'Konami', 'Konami'),
(378, 'Metal Gear Rising: Revengeance', 'Adventure', 'Stealth', 7.98323, '0000-00-00', 'PlayStation 3', 'Konami', 'Konami'),
(379, 'Metal Gear Solid 3: Snake Eater', 'Adventure', 'Stealth', 9.16058, '0000-00-00', 'PlayStation 2', 'Konami Computer Entertainment Japan', 'Konami Computer Entertainment Japan'),
(380, 'Metal Gear Solid 4: Guns of the Patriots', 'Adventure', 'Stealth', 9.07274, '0000-00-00', 'PlayStation 3', 'Kojima Productions', 'Kojima Productions'),
(381, 'Metal Gear Solid: Portable Ops', 'Adventure', 'Warfare', 7.00127, '0000-00-00', 'PlayStation Portable', 'Konami', 'Konami'),
(382, 'Metal Gear Solid: Peace Walker', 'unknown', 'Stealth', 8.93923, '0000-00-00', 'PlayStation Portable', 'Kojima Productions', 'Kojima Productions'),
(383, 'Final Fantasy Type-0', 'Role-playing (RPG)', 'unknown', 0, '0000-00-00', 'PlayStation Portable', 'Square Enix', 'Square Enix'),
(384, 'Final Fantasy XIII-2', 'Role-playing (RPG)', 'Science fiction', 7.8079, '0000-00-00', 'PlayStation 3', 'Square Enix', 'Square Enix'),
(385, 'Final Fantasy', 'Role-playing (RPG)', 'Action', 7.43234, '0000-00-00', 'Nintendo Entertainment System (NES)', 'Square', 'Square'),
(386, 'Final Fantasy XIV: A Realm Reborn', 'Role-playing (RPG)', 'Fantasy', 8.79453, '0000-00-00', 'Microsoft Windows', 'Square Product Development Division 3', 'Square Product Development Division 3'),
(387, 'Final Fantasy II', 'Role-playing (RPG)', 'Action', 6.66208, '0000-00-00', 'PlayStation', 'Square', 'Square'),
(388, 'Final Fantasy IV: The After Years', 'Role-playing (RPG)', 'Fantasy', 0, '0000-00-00', 'Wii', 'Matrix Software', 'Matrix Software'),
(389, 'Final Fantasy XIII', 'Adventure', 'Action', 7.52974, '0000-00-00', 'PlayStation 3', 'Square Enix', 'Square Enix'),
(390, 'Lego Racers 2', 'Racing', 'unknown', 0, '0000-00-00', 'Microsoft Windows', 'Lego Media', 'Lego Media'),
(391, 'Dissidia: Final Fantasy', 'Adventure', 'Action', 7.98006, '0000-00-00', 'PlayStation Portable', 'Square Enix', 'Square Enix'),
(392, 'Final Fantasy XII: Revenant Wings', 'Role-playing (RPG)', 'Fantasy', 0, '0000-00-00', 'Nintendo DS', 'Think & Feel', 'Think & Feel'),
(393, 'Final Fantasy III', 'Role-playing (RPG)', 'Action', 8.4434, '0000-00-00', 'Nintendo Entertainment System (NES)', 'Square', 'Square'),
(394, 'Final Fantasy Tactics: War of the Lions', 'Role-playing (RPG)', 'Fantasy', 0, '0000-00-00', 'PlayStation Portable', 'Tose', 'Tose'),
(395, 'Final Fantasy II Anniversary Edition', 'Role-playing (RPG)', 'Fantasy', 0, '0000-00-00', 'PlayStation Portable', 'Square Enix', 'Square Enix'),
(396, 'The Final Fantasy Legend', 'Role-playing (RPG)', 'Fantasy', 0, '0000-00-00', 'Game Boy', 'Square', 'Square'),
(397, 'Final Fantasy Anniversary Edition', 'Role-playing (RPG)', 'Fantasy', 0, '0000-00-00', 'PlayStation Portable', 'Square Enix', 'Square Enix'),
(398, 'Final Fantasy XII', 'Role-playing (RPG)', 'Fantasy', 8.49108, '0000-00-00', 'PlayStation 2', 'Square Enix Product Development Division 4', 'Square Enix Product Development Division 4'),
(399, 'Final Fantasy IV', 'Role-playing (RPG)', 'Action', 8.45409, '0000-00-00', 'Nintendo DS', 'Square', 'Square'),
(400, 'Final Fantasy III DS', 'Role-playing (RPG)', 'Fantasy', 0, '0000-00-00', 'Nintendo DS', 'Square', 'Square'),
(401, 'Final Fantasy Crystal Chronicles: The Crystal Bearers', 'Role-playing (RPG)', 'Fantasy', 0, '0000-00-00', 'Wii', 'Square Enix', 'Square Enix'),
(402, 'Final Fantasy XI: Wings of the Goddess', 'Role-playing (RPG)', 'Fantasy', 0, '0000-00-00', 'Microsoft Windows', 'Square Enix', 'Square Enix'),
(403, 'Final Fantasy Legend II', 'Role-playing (RPG)', 'Fantasy', 0, '0000-00-00', 'Game Boy', 'Sunsoft', 'Sunsoft'),
(404, 'Final Fantasy VII: Dirge of Cerberus', 'Role-playing (RPG)', 'unknown', 8.00876, '0000-00-00', 'PlayStation 2', 'Square Enix 1st Production Department', 'Square Enix 1st Production Department'),
(405, 'Final Fantasy XI: Treasures of Aht Urhgan', 'Role-playing (RPG)', 'Fantasy', 0, '0000-00-00', 'Microsoft Windows', 'Square Enix', 'Square Enix'),
(406, 'Final Fantasy IV Advance', 'Role-playing (RPG)', 'Fantasy', 0, '0000-00-00', 'Game Boy Advance', 'Square', 'Square'),
(407, 'Final Fantasy Adventure', 'Role-playing (RPG)', 'Fantasy', 0, '0000-00-00', 'Game Boy', 'Square', 'Square'),
(408, 'Final Fantasy I & II: Dawn of Souls', 'Role-playing (RPG)', 'Fantasy', 0, '0000-00-00', 'Game Boy Advance', 'Square Enix', 'Square Enix'),
(409, 'Final Fantasy XI: Chains of Promathia', 'Role-playing (RPG)', 'Fantasy', 0, '0000-00-00', 'PlayStation 2', 'Square Enix', 'Square Enix'),
(410, 'Final Fantasy Legend III', 'Role-playing (RPG)', 'Fantasy', 0, '0000-00-00', 'Game Boy', 'Square', 'Square'),
(411, 'Final Fantasy XI', 'Role-playing (RPG)', 'Fantasy', 0, '0000-00-00', 'PlayStation 2', 'Square Product Development Division 3', 'Square Product Development Division 3'),
(412, 'Final Fantasy: Crystal Chronicles', 'Role-playing (RPG)', 'Fantasy', 7.60469, '0000-00-00', 'Nintendo GameCube', 'The Game Designers Studio', 'The Game Designers Studio'),
(413, 'Final Fantasy X-2', 'Role-playing (RPG)', 'Fantasy', 6.92565, '0000-00-00', 'PlayStation 2', 'Square', 'Square'),
(414, 'Final Fantasy Tactics Advance', 'Role-playing (RPG)', 'Fantasy', 0, '0000-00-00', 'Game Boy Advance', 'Square Enix Product Development Division 4', 'Square Enix Product Development Division 4'),
(415, 'Final Fantasy: Mystic Quest', 'Role-playing (RPG)', 'Action', 8.02561, '0000-00-00', 'Super Nintendo Entertainment System (SNES)', 'Nintendo', 'Nintendo'),
(416, 'Final Fantasy XI: Rise of the Zilart', 'Role-playing (RPG)', 'Fantasy', 0, '0000-00-00', 'PlayStation 2', 'Square Enix', 'Square Enix'),
(417, 'Final Fantasy: Origins', 'Role-playing (RPG)', 'Fantasy', 0, '0000-00-00', 'PlayStation', 'Square Enix', 'Square Enix'),
(418, 'Final Fantasy X', 'Role-playing (RPG)', 'Fantasy', 8.96841, '0000-00-00', 'PlayStation 2', 'Square', 'Square'),
(419, 'Final Fantasy V', 'Role-playing (RPG)', 'Open world', 0, '0000-00-00', 'Super Nintendo Entertainment System (SNES)', 'Square Enix', 'Square Enix'),
(420, 'Final Fantasy: Chronicles', 'Role-playing (RPG)', 'Fantasy', 0, '0000-00-00', 'PlayStation', 'Square', 'Square'),
(421, 'Final Fantasy IX', 'Role-playing (RPG)', 'Fantasy', 9.17741, '0000-00-00', 'PlayStation', 'Square Enix', 'Square Enix'),
(422, 'Lego Racers', 'Racing', 'Kids', 6.78289, '0000-00-00', 'Nintendo 64', 'Lego Media', 'Lego Media'),
(423, 'Final Fantasy: Anthology', 'Role-playing (RPG)', 'Fantasy', 0, '0000-00-00', 'PlayStation', 'Square', 'Square'),
(424, 'Resident Evil', 'unknown', 'Fantasy', 8.90123, '0000-00-00', 'PlayStation', 'Capcom', 'Capcom'),
(425, 'Final Fantasy VIII', 'Role-playing (RPG)', 'Fantasy', 8.04217, '0000-00-00', 'PlayStation', 'Eidos Interactive', 'Eidos Interactive'),
(426, 'Final Fantasy VI', 'Role-playing (RPG)', 'Fantasy', 9.21421, '0000-00-00', 'Super Famicom', 'Square Soft', 'Square Soft'),
(427, 'Final Fantasy VII', 'Role-playing (RPG)', 'Science fiction', 9.11964, '0000-00-00', 'PlayStation', 'Square', 'Square'),
(428, 'Final Fantasy Tactics', 'Role-playing (RPG)', 'Fantasy', 8.4247, '0000-00-00', 'PlayStation', 'Square Enix', 'Square Enix'),
(429, 'Call Of Juarez', 'Shooter', 'Action', 7.99555, '0000-00-00', 'Microsoft Windows', 'Techland', 'Techland'),
(430, 'Call Of Juarez: Bound In Blood', 'Shooter', 'Action', 8.15344, '0000-00-00', 'Microsoft Windows', 'Techland', 'Techland'),
(431, 'Uncharted: Drakes Fortune', 'Shooter', 'Action', 7.79112, '0000-00-00', 'PlayStation 3', 'Naughty Dog', 'Naughty Dog'),
(432, 'Total War: Shogun 2', 'Strategy', 'Warfare', 8.78411, '0000-00-00', 'Microsoft Windows', 'The Creative Assembly', 'The Creative Assembly'),
(433, 'The Chronicles of Riddick: Assault on Dark Athena', 'Shooter', 'Science fiction', 8.15349, '0000-00-00', 'Microsoft Windows', 'Starbreeze Studios', 'Starbreeze Studios'),
(434, 'Red Dead Redemption', 'Shooter', 'Action', 9.1216, '0000-00-00', 'PlayStation 3', 'Rockstar Games', 'Rockstar Games'),
(435, 'Oil Imperium', 'Strategy', 'Business', 0, '0000-00-00', 'PC DOS', 'Electronic Zoo', 'Electronic Zoo'),
(436, 'Shogun: Total War', 'Turn-based strategy (TBS)', 'Warfare', 8.7163, '0000-00-00', 'Microsoft Windows', 'The Creative Assembly', 'The Creative Assembly'),
(437, 'Medieval: Total War', 'Turn-based strategy (TBS)', 'unknown', 7.99218, '0000-00-00', 'Microsoft Windows', 'The Creative Assembly', 'The Creative Assembly'),
(438, 'Rome: Total War', 'Turn-based strategy (TBS)', 'Historical', 8.64238, '0000-00-00', 'Mac', 'The Creative Assembly', 'The Creative Assembly'),
(439, 'Spartan: Total Warrior', 'unknown', 'Action', 0, '0000-00-00', 'Nintendo GameCube', 'The Creative Assembly', 'The Creative Assembly'),
(440, 'Medieval II: Total War', 'Turn-based strategy (TBS)', 'Historical', 8.57259, '0000-00-00', 'Microsoft Windows', 'The Creative Assembly', 'The Creative Assembly'),
(441, 'Empire: Total War', 'Turn-based strategy (TBS)', 'unknown', 7.85146, '0000-00-00', 'Microsoft Windows', 'The Creative Assembly', 'The Creative Assembly'),
(442, 'Napoleon: Total War', 'Turn-based strategy (TBS)', 'Historical', 8.16364, '0000-00-00', 'Microsoft Windows', 'The Creative Assembly', 'The Creative Assembly'),
(443, 'Shogun: Total War - Mongol Invasion', 'Turn-based strategy (TBS)', 'Historical', 0, '0000-00-00', 'Microsoft Windows', 'The Creative Assembly', 'The Creative Assembly'),
(444, 'Medieval: Total War - Viking Invasion', 'Turn-based strategy (TBS)', 'unknown', 0, '0000-00-00', 'Microsoft Windows', 'The Creative Assembly', 'The Creative Assembly'),
(445, 'Rome: Total War - Barbarian Invasion', 'Turn-based strategy (TBS)', 'Historical', 8.39987, '0000-00-00', 'Mac', 'The Creative Assembly', 'The Creative Assembly'),
(446, 'Rome: Total War - Alexander', 'Turn-based strategy (TBS)', 'Historical', 0, '0000-00-00', 'Microsoft Windows', 'The Creative Assembly', 'The Creative Assembly'),
(447, 'Medieval II: Total War - Kingdoms', 'Turn-based strategy (TBS)', 'unknown', 0, '0000-00-00', 'Microsoft Windows', 'The Creative Assembly', 'The Creative Assembly'),
(448, 'Operation Flashpoint: Resistance', 'Shooter', 'unknown', 0, '0000-00-00', 'Microsoft Windows', 'Bohemia Interactive Studio', 'Bohemia Interactive Studio'),
(449, 'Operation Flashpoint: Red Hammer', 'Shooter', 'unknown', 0, '0000-00-00', 'Microsoft Windows', 'Codemasters', 'Codemasters'),
(450, 'Operation Flashpoint: Red River', 'Shooter', 'unknown', 0, '0000-00-00', 'Microsoft Windows', 'Codemasters', 'Codemasters'),
(451, 'Operation Flashpoint: Dragon Rising', 'Shooter', 'unknown', 0, '0000-00-00', 'Microsoft Windows', 'Codemasters', 'Codemasters'),
(452, 'Blackthorne', 'Platform', 'Action', 0, '0000-00-00', 'Super Nintendo Entertainment System (SNES)', 'Blizzard Entertainment', 'Blizzard Entertainment'),
(453, 'The Death and Return of Superman', 'Hack and slash/Beat', 'unknown', 0, '0000-00-00', 'Super Nintendo Entertainment System (SNES)', 'Blizzard Entertainment', 'Blizzard Entertainment'),
(454, 'The Lost Vikings', 'Platform', 'Action', 7.45958, '0000-00-00', 'Sega Mega Drive/Genesis', 'Silicon & Synapse', 'Silicon & Synapse'),
(455, 'Justice League Task Force', 'Fighting', 'Action', 0, '0000-00-00', 'Super Nintendo Entertainment System (SNES)', 'Acclaim Entertainment', 'Acclaim Entertainment'),
(456, 'StarCraft: Brood War', 'Real Time Strategy (RTS)', 'Science fiction', 8.92301, '0000-00-00', 'Mac', 'Blizzard Entertainment', 'Blizzard Entertainment'),
(457, 'StarCraft II: Heart of the Swarm', 'Real Time Strategy (RTS)', 'Science fiction', 8.82026, '0000-00-00', 'Mac', 'Blizzard Entertainment', 'Blizzard Entertainment'),
(458, 'StarCraft II: Legacy of the Void', 'Real Time Strategy (RTS)', 'Science fiction', 8.67068, '0000-00-00', 'Mac', 'Blizzard Entertainment', 'Blizzard Entertainment'),
(459, 'Simon the Sorcerer', 'Puzzle', 'Fantasy', 8.2006, '0000-00-00', 'Amiga', 'Adventure Soft', 'Adventure Soft'),
(460, 'Simon the Sorcerer II: The Lion, the Wizard and the Wardrobe', 'Point-and-click', 'Fantasy', 0, '0000-00-00', 'Amiga', 'Adventure Soft', 'Adventure Soft'),
(461, 'Simon the Sorcerer 3D', 'Point-and-click', 'Fantasy', 0, '0000-00-00', 'Microsoft Windows', 'Headfirst Productions', 'Headfirst Productions'),
(462, 'Simon the Sorcerer 4: Chaos Happens', 'Point-and-click', 'Fantasy', 0, '0000-00-00', 'Microsoft Windows', 'Silver Style Entertainment', 'Silver Style Entertainment'),
(463, 'Simon the Sorcerer 5: Whod Even Want Contact?!', 'Point-and-click', 'Fantasy', 0, '0000-00-00', 'Microsoft Windows', 'Silver Style Entertainment', 'Silver Style Entertainment'),
(464, 'Vietcong: Fist Alpha', 'Shooter', 'Warfare', 0, '0000-00-00', 'Microsoft Windows', 'Pterodon', 'Pterodon'),
(465, 'Warhammer 40,000: Dawn of War - Winter Assault', 'Real Time Strategy (RTS)', 'Science fiction', 6.99201, '0000-00-00', 'Microsoft Windows', 'Relic Entertainment', 'Relic Entertainment'),
(466, 'Warhammer 40,000: Dawn of War II', 'Real Time Strategy (RTS)', 'Science fiction', 6.98334, '0000-00-00', 'Microsoft Windows', 'Relic Entertainment', 'Relic Entertainment'),
(467, 'Warhammer 40,000: Dawn of War - Dark Crusade', 'Real Time Strategy (RTS)', 'Science fiction', 7.04855, '0000-00-00', 'Microsoft Windows', 'Relic Entertainment', 'Relic Entertainment'),
(468, 'Warhammer 40,000: Dawn of War - Soulstorm', 'Real Time Strategy (RTS)', 'Science fiction', 0, '0000-00-00', 'Microsoft Windows', 'Relic Entertainment', 'Relic Entertainment'),
(469, 'Warhammer 40,000: Dawn of War II - Chaos Rising', 'Real Time Strategy (RTS)', 'Science fiction', 7.00252, '0000-00-00', 'Microsoft Windows', 'Relic Entertainment', 'Relic Entertainment'),
(470, 'Warhammer 40,000: Dawn of War II - Retribution', 'Real Time Strategy (RTS)', 'Science fiction', 7.00158, '0000-00-00', 'Microsoft Windows', 'Relic Entertainment', 'Relic Entertainment'),
(471, 'Crysis 2', 'Adventure', 'Science fiction', 8.04478, '0000-00-00', 'Microsoft Windows', 'Crytek Frankfurt', 'Crytek Frankfurt'),
(472, 'The Elder Scrolls V: Skyrim', 'Role-playing (RPG)', 'Action', 9.01675, '0000-00-00', 'Microsoft Windows', 'Bethesda Softworks', 'Bethesda Softworks'),
(473, 'Battlefield: Bad Company', 'Shooter', 'unknown', 7.79775, '0000-00-00', 'PlayStation 3', 'EA Digital Illusions CE', 'EA Digital Illusions CE'),
(474, 'Metal Gear Solid 2: Substance', 'unknown', 'Stealth', 8.89064, '0000-00-00', 'Xbox', 'Konami Computer Entertainment Japan', 'Konami Computer Entertainment Japan'),
(475, 'Star Wars: The Force Unleashed', 'Role-playing (RPG)', 'Science fiction', 7.24688, '0000-00-00', 'iOS', 'LucasArts Entertainment', 'LucasArts Entertainment'),
(476, 'Star Wars Battlefront: Elite Squadron', 'Shooter', 'Science fiction', 0, '0000-00-00', 'Nintendo DS', 'Rebellion Developments', 'Rebellion Developments'),
(477, 'Commandos 3: Destination Berlin', 'Strategy', 'Stealth', 8.57039, '0000-00-00', 'Microsoft Windows', 'Pyro Studios', 'Pyro Studios'),
(478, 'The Witcher 2: Assassins of Kings', 'Role-playing (RPG)', 'Fantasy', 9.31729, '0000-00-00', 'Microsoft Windows', 'Atari', 'Atari'),
(479, 'Metal Gear Solid 3: Subsistence', 'unknown', 'Stealth', 8.9929, '0000-00-00', 'PlayStation 2', 'Konami Computer Entertainment Japan', 'Konami Computer Entertainment Japan'),
(480, 'Silent Hill', 'Adventure', 'Horror', 8.55541, '0000-00-00', 'PlayStation', 'Konami', 'Konami'),
(481, 'Silent Hill 2', 'Adventure', 'Action', 9.5833, '0000-00-00', 'PlayStation 2', 'Konami Computer Entertainment Tokyo', 'Konami Computer Entertainment Tokyo'),
(482, 'Silent Hill 3', 'Adventure', 'Action', 8.00753, '0000-00-00', 'PlayStation 2', 'Konami', 'Konami'),
(483, 'Silent Hill 4: The Room', 'unknown', 'Survival', 8.33561, '0000-00-00', 'PlayStation 2', 'Konami Computer Entertainment Tokyo', 'Konami Computer Entertainment Tokyo'),
(484, 'Silent Hill: Origins', 'unknown', 'Survival', 7.05555, '0000-00-00', 'PlayStation Portable', 'Konami Digital Entertainment', 'Konami Digital Entertainment'),
(485, 'Silent Hill Homecoming', 'unknown', 'Survival', 7.54877, '0000-00-00', 'PlayStation 3', 'Double Helix Games', 'Double Helix Games'),
(486, 'Silent Hill: Shattered Memories', 'unknown', 'Survival', 6.8974, '0000-00-00', 'Wii', 'Climax Studios', 'Climax Studios'),
(487, 'Silent Hill: Downpour', 'unknown', 'Survival', 0, '0000-00-00', 'PlayStation 3', 'Vatra Games', 'Vatra Games'),
(488, 'Kane & Lynch 2: Dog Days', 'Shooter', 'unknown', 6.94544, '0000-00-00', 'Microsoft Windows', 'Eidos Interactive', 'Eidos Interactive'),
(489, 'Rift', 'Role-playing (RPG)', 'Fantasy', 6.6719, '0000-00-00', 'Microsoft Windows', 'Trion Worlds', 'Trion Worlds'),
(490, 'Duke Nukem Forever', 'Shooter', 'Science fiction', 6.0608, '0000-00-00', 'Microsoft Windows', '3D Realms', '3D Realms'),
(491, 'Castlevania: Lords of Shadow', 'Adventure', 'Action', 8.11448, '0000-00-00', 'PlayStation 3', 'Konami', 'Konami'),
(492, 'Gears of War 3', 'Shooter', 'unknown', 7.98237, '0000-00-00', 'Xbox 360', 'Microsoft Game Studios', 'Microsoft Game Studios'),
(493, 'Heavy Rain', 'Adventure', 'Action', 8.99454, '0000-00-00', 'PlayStation 3', 'Quantic Dream', 'Quantic Dream'),
(494, 'Bulletstorm', 'Shooter', 'Science fiction', 8.26423, '0000-00-00', 'Microsoft Windows', 'Electronic Arts', 'Electronic Arts'),
(495, 'Metro 2033', 'Shooter', 'Horror', 8.78102, '0000-00-00', 'Microsoft Windows', 'THQ', 'THQ'),
(496, 'Dead Rising 2', 'Adventure', 'Survival', 7.7404, '0000-00-00', 'PlayStation 3', 'Capcom', 'Capcom'),
(497, 'Resident Evil: The Darkside Chronicles', 'Shooter', 'Survival', 7.66934, '0000-00-00', 'Wii', 'Capcom', 'Capcom'),
(498, 'Borderlands', 'Shooter', 'Science fiction', 8.44272, '0000-00-00', 'PlayStation 3', 'Gearbox Software', 'Gearbox Software'),
(499, 'God of War III', 'Hack and slash/Beat', 'Action', 8.61798, '0000-00-00', 'PlayStation 3', 'Sony Computer Entertainment', 'Sony Computer Entertainment'),
(500, 'Batman: Arkham Asylum', 'Adventure', 'Stealth', 9.09311, '0000-00-00', 'PlayStation 3', 'Rocksteady Studios', 'Rocksteady Studios'),
(501, 'Batman: Arkham City', 'Adventure', 'Action', 9.06962, '0000-00-00', 'PlayStation 3', 'Rocksteady Studios', 'Rocksteady Studios'),
(502, 'Brink', 'Shooter', 'Science fiction', 2.94262, '0000-00-00', 'Microsoft Windows', 'Splash Damage', 'Splash Damage'),
(503, 'FIFA 11', 'Sport', 'Non-fiction', 7.17282, '0000-00-00', 'Android', 'Electronic Arts', 'Electronic Arts'),
(504, 'Fable III', 'Role-playing (RPG)', 'Fantasy', 6.12228, '0000-00-00', 'Microsoft Windows', 'Lionhead Studios', 'Lionhead Studios'),
(505, 'Hunted: The Demons Forge', 'Adventure', 'Action', 0, '0000-00-00', 'Microsoft Windows', 'inXile Entertainment', 'inXile Entertainment'),
(506, 'Sonic Generations', 'Platform', 'Action', 7.6862, '0000-00-00', 'Nintendo 3DS', 'Sonic Team', 'Sonic Team'),
(507, 'I Am Alive', 'Adventure', 'Action', 7.84849, '0000-00-00', 'PlayStation Network', 'Darkworks', 'Darkworks'),
(508, 'TrackMania 2: Canyon', 'Racing', 'unknown', 0, '0000-00-00', 'Microsoft Windows', 'Nadeo', 'Nadeo'),
(509, 'Rage', 'Shooter', 'Science fiction', 7.84201, '0000-00-00', 'Microsoft Windows', 'Bethesda Softworks', 'Bethesda Softworks'),
(510, 'PowerUp Heroes', 'Fighting', 'unknown', 0, '0000-00-00', 'Xbox 360', 'Longtail Studios', 'Longtail Studios'),
(511, 'Ape Escape 4', 'Platform', 'Action', 0, '0000-00-00', 'PlayStation 3', 'SCE Japan Studio', 'SCE Japan Studio'),
(512, 'Uncharted 3: Drakes Deception', 'Shooter', 'Action', 8.50153, '0000-00-00', 'PlayStation 3', 'Naughty Dog', 'Naughty Dog'),
(513, 'Phantasy Star Online 2', 'Role-playing (RPG)', 'Action', 0, '0000-00-00', 'Microsoft Windows', 'Sega', 'Sega'),
(514, 'F.E.A.R. 3', 'Shooter', 'Horror', 7.00899, '0000-00-00', 'Microsoft Windows', 'Warner Bros. Interactive Entertainment', 'Warner Bros. Interactive Entertainment'),
(515, 'Infamous 2', 'Platform', 'Action', 7.72913, '0000-00-00', 'PlayStation 3', 'Sucker Punch Productions', 'Sucker Punch Productions'),
(516, 'Of Orcs and Men', 'Role-playing (RPG)', 'Fantasy', 0, '0000-00-00', 'Microsoft Windows', 'Focus Home Interactive', 'Focus Home Interactive'),
(517, 'F.E.A.R.', 'Shooter', 'Action', 8.19288, '0000-00-00', 'Microsoft Windows', 'Monolith Productions', 'Monolith Productions'),
(518, 'F.E.A.R. Extraction Point', 'Shooter', 'Action', 8.33771, '0000-00-00', 'Microsoft Windows', 'TimeGate Studios', 'TimeGate Studios'),
(519, 'F.E.A.R. Perseus Mandate', 'Shooter', 'Action', 7.82009, '0000-00-00', 'Microsoft Windows', 'TimeGate Studios', 'TimeGate Studios'),
(520, 'F.E.A.R. 2: Project Origin', 'Shooter', 'Action', 7.87134, '0000-00-00', 'Microsoft Windows', 'Monolith Productions', 'Monolith Productions'),
(521, 'Fable', 'Role-playing (RPG)', 'Fantasy', 8.4155, '0000-00-00', 'Xbox', 'Microsoft Game Studios', 'Microsoft Game Studios'),
(522, 'Fable II', 'Role-playing (RPG)', 'Action', 7.21384, '0000-00-00', 'Xbox 360', 'Lionhead Studios', 'Lionhead Studios'),
(523, 'Infamous', 'Shooter', 'Action', 7.47824, '0000-00-00', 'PlayStation 3', 'Sucker Punch Productions', 'Sucker Punch Productions'),
(524, 'Dirt 3', 'Racing', 'Non-fiction', 8.31746, '0000-00-00', 'Microsoft Windows', 'Codemasters Southam', 'Codemasters Southam'),
(525, 'Prey 2', 'Shooter', 'Science fiction', 0, '0000-00-00', '', 'Human Head Studios', 'Human Head Studios'),
(526, 'Need for Speed: The Run', 'Racing', 'unknown', 6.88693, '0000-00-00', 'Mac', 'EA Black Box', 'EA Black Box'),
(527, 'Serious Sam 3: BFE', 'Shooter', 'Action', 6.99297, '0000-00-00', 'Microsoft Windows', 'Croteam', 'Croteam'),
(528, 'Red Faction: Armageddon', 'Shooter', 'Action', 6.98624, '0000-00-00', 'Microsoft Windows', 'Volition Inc', 'Volition Inc'),
(529, 'Far Cry 3', 'Shooter', 'Action', 9.13906, '0000-00-00', 'Microsoft Windows', 'Ubisoft Entertainment', 'Ubisoft Entertainment'),
(530, 'Hitman: Absolution', 'Shooter', 'Stealth', 8.30598, '0000-00-00', 'Microsoft Windows', 'Square Enix', 'Square Enix'),
(531, 'Ace Combat: Assault Horizon', 'Shooter', 'Action', 0, '0000-00-00', 'PlayStation 3', 'Project Aces', 'Project Aces'),
(532, 'Hard Reset', 'Shooter', 'Science fiction', 8.49345, '0000-00-00', 'Microsoft Windows', 'Flying Wild Hog', 'Flying Wild Hog'),
(533, 'Dishonored', 'Adventure', 'Stealth', 8.37183, '0000-00-00', 'Microsoft Windows', 'Arkane Studios', 'Arkane Studios'),
(534, 'The Legend of Zelda: Skyward Sword', 'Adventure', 'Action', 8.52803, '0000-00-00', 'Wii', 'Nintendo EAD', 'Nintendo EAD'),
(535, 'Wildstar', 'Role-playing (RPG)', 'unknown', 0, '0000-00-00', 'Microsoft Windows', 'Carbine Studios', 'Carbine Studios'),
(536, 'Dead Island', 'Shooter', 'Action', 7.06882, '0000-00-00', 'Microsoft Windows', 'Techland', 'Techland'),
(537, 'Assassins Creed: Revelations', 'Adventure', 'Historical', 7.98782, '0000-00-00', 'Microsoft Windows', 'Ubisoft Entertainment', 'Ubisoft Entertainment'),
(538, 'Bioshock Infinite', 'Shooter', 'Action', 8.77372, '0000-00-00', 'PlayStation 3', 'Aspyr', 'Aspyr'),
(539, 'Metro: Last Light', 'Shooter', 'Survival', 8.80155, '0000-00-00', 'Microsoft Windows', '4A Games', '4A Games'),
(540, 'Disney Universe', 'Adventure', 'Kids', 0, '0000-00-00', 'Mac', 'Eurocom', 'Eurocom'),
(541, 'Ridge Racer Unbounded', 'Racing', 'unknown', 0, '0000-00-00', 'Microsoft Windows', 'Bugbear Entertainment', 'Bugbear Entertainment'),
(542, 'Lego Pirates of the Caribbean: The Video Game', 'Adventure', 'Action', 0, '0000-00-00', 'Mac', 'Travellers Tales', 'Travellers Tales'),
(543, 'Call of Juarez: The Cartel', 'Shooter', 'unknown', 5.99347, '0000-00-00', 'Microsoft Windows', 'Techland', 'Techland'),
(544, 'The Darkness II', 'Shooter', 'Action', 7.76431, '0000-00-00', 'Microsoft Windows', '2K Games', '2K Games'),
(545, 'Call of Duty: Black Ops', 'Shooter', 'Action', 8.44159, '0000-00-00', 'Microsoft Windows', 'n-Space', 'n-Space'),
(546, 'Prey', 'Shooter', 'Science fiction', 7.12145, '0000-00-00', 'Microsoft Windows', '2K Games', '2K Games'),
(547, 'Gears of War', 'Shooter', 'Science fiction', 7.95471, '0000-00-00', 'Xbox 360', 'Epic Games', 'Epic Games'),
(548, 'Gears of War 2', 'Shooter', 'Science fiction', 8.27999, '0000-00-00', 'Xbox 360', 'Epic Games', 'Epic Games'),
(549, 'God of War', 'Adventure', 'Action', 9.34383, '0000-00-00', 'PlayStation 2', 'SCE Studios Santa Monica', 'SCE Studios Santa Monica'),
(550, 'God of War: Ghost of Sparta', 'Adventure', 'Action', 8.98531, '0000-00-00', 'PlayStation Portable', 'Sony Computer Entertainment', 'Sony Computer Entertainment'),
(551, 'God of War II', 'Adventure', 'Action', 8.93836, '0000-00-00', 'PlayStation 2', 'SCE Studios Santa Monica', 'SCE Studios Santa Monica'),
(552, 'God of War: Chains of Olympus', 'Adventure', 'Action', 8.74787, '0000-00-00', 'PlayStation Portable', 'Sony Computer Entertainment', 'Sony Computer Entertainment'),
(553, 'Spider-Man: Shattered Dimensions', 'Platform', 'Stealth', 0, '0000-00-00', 'Nintendo DS', 'Beenox', 'Beenox'),
(554, 'Driver: San Francisco', 'Racing', 'Action', 7.90307, '0000-00-00', 'PlayStation 3', 'Ubisoft Reflections', 'Ubisoft Reflections'),
(555, 'Transformers: War for Cybertron', 'Shooter', 'unknown', 6.9817, '0000-00-00', 'Microsoft Windows', 'High Moon Studios', 'High Moon Studios'),
(556, 'Medal of Honor', 'Shooter', 'unknown', 7.33742, '0000-00-00', 'Microsoft Windows', 'Danger Close', 'Danger Close'),
(557, 'Prison Break: The Conspiracy', 'Hack and slash/Beat', 'Action', 0, '0000-00-00', 'Microsoft Windows', 'ZootFly', 'ZootFly'),
(558, 'Just Cause 2', 'Adventure', 'Action', 7.50446, '0000-00-00', 'Microsoft Windows', 'Avalanche Studios', 'Avalanche Studios'),
(559, 'Call of Duty: Modern Warfare 2', 'Shooter', 'Warfare', 7.75254, '0000-00-00', 'Microsoft Windows', 'Activision', 'Activision'),
(560, 'Aliens vs. Predator', 'Shooter', 'Action', 6.82461, '0000-00-00', 'Microsoft Windows', 'Rebellion Developments', 'Rebellion Developments'),
(561, 'Colin McRae: Dirt 2', 'Racing', 'Non-fiction', 8.38594, '0000-00-00', 'Mac', 'Firebrand Games', 'Firebrand Games'),
(562, 'Tom Clancys Splinter Cell: Conviction', 'Adventure', 'Stealth', 7.9512, '0000-00-00', 'Android', 'Ubisoft Montreal', 'Ubisoft Montreal'),
(563, 'Aion', 'Role-playing (RPG)', 'unknown', 5.40069, '0000-00-00', 'Microsoft Windows', 'Aion Team Development Dept', 'Aion Team Development Dept'),
(564, 'Rogue Warrior', 'Shooter', 'Stealth', 0, '0000-00-00', 'Microsoft Windows', 'Rebellion Developments', 'Rebellion Developments'),
(565, 'Uncharted 2: Among Thieves', 'Shooter', 'Action', 9.30501, '0000-00-00', 'PlayStation 3', 'Naughty Dog', 'Naughty Dog'),
(566, 'Ghostbusters: The Video game (2009)', 'Adventure', 'Science fiction', 0, '0000-00-00', 'Microsoft Windows', 'Sony Computer Entertainment', 'Sony Computer Entertainment'),
(567, 'Fuel', 'Racing', 'Action', 0, '0000-00-00', 'PlayStation 3', 'Asobo Studio', 'Asobo Studio'),
(568, 'Marvel: Ultimate Alliance 2', 'Role-playing (RPG)', 'Action', 7.07651, '0000-00-00', 'Nintendo DS', 'Vicarious Visions', 'Vicarious Visions'),
(569, 'Wolfenstein', 'Shooter', 'Science fiction', 7.8215, '0000-00-00', 'Microsoft Windows', 'Raven Software', 'Raven Software'),
(570, 'Prototype', 'Platform', 'Sandbox', 7.92446, '0000-00-00', 'Microsoft Windows', 'Radical Entertainment', 'Radical Entertainment'),
(571, 'Singularity', 'Shooter', 'unknown', 8.41922, '0000-00-00', 'Microsoft Windows', 'Raven Software', 'Raven Software'),
(572, 'ArmA 2', 'Shooter', 'Warfare', 7.84086, '0000-00-00', 'Microsoft Windows', 'Bohemia Interactive Studio', 'Bohemia Interactive Studio'),
(573, 'X-Men Origins: Wolverine', 'Adventure', 'Action', 6.98764, '0000-00-00', 'Microsoft Windows', 'Raven Software', 'Raven Software'),
(574, 'Eat Lead: The Return of Matt Hazard', 'unknown', 'Action', 0, '0000-00-00', 'PlayStation 3', 'Vicious Cycle Software', 'Vicious Cycle Software'),
(575, 'The Godfather II', 'Adventure', 'Action', 0, '0000-00-00', 'Microsoft Windows', 'EA Redwood Shores', 'EA Redwood Shores'),
(576, 'DC Universe Online', 'Role-playing (RPG)', 'unknown', 0, '0000-00-00', 'Microsoft Windows', 'Sony Online Entertainment', 'Sony Online Entertainment'),
(578, 'Warhammer 40,000: Space Marine', 'Shooter', 'Science fiction', 7.01071, '0000-00-00', 'Microsoft Windows', 'Relic Entertainment', 'Relic Entertainment'),
(582, '101 Airborne: The Airborne Invasion of Normandy', 'Strategy', 'unknown', 0, '0000-00-00', 'Microsoft Windows', 'Empire Interactive', 'Empire Interactive'),
(583, '2002 FIFA World Cup', 'Sport', 'Non-fiction', 0, '0000-00-00', 'PlayStation 2', 'EA Sports', 'EA Sports'),
(584, '4x4 Evolution', 'Racing', 'unknown', 0, '0000-00-00', 'Microsoft Windows', 'Gathering of Developers', 'Gathering of Developers'),
(585, '688(I) Hunter/Killer', 'Simulator', 'Warfare', 0, '0000-00-00', 'Microsoft Windows', 'Electronic Arts', 'Electronic Arts'),
(586, 'Abuse', 'Platform', 'Science fiction', 0, '0000-00-00', 'PC DOS', 'Origin Systems', 'Origin Systems'),
(587, 'Act of War: Direct Action', 'Real Time Strategy (RTS)', 'Warfare', 0, '0000-00-00', 'Microsoft Windows', 'Atari', 'Atari'),
(588, 'Age of Conan: Rise of the Godslayer', 'Role-playing (RPG)', 'Fantasy', 0, '0000-00-00', 'Microsoft Windows', 'Funcom', 'Funcom'),
(589, 'Age of Wonders', 'Strategy', 'Fantasy', 0, '0000-00-00', 'Microsoft Windows', 'Gathering of Developers', 'Gathering of Developers'),
(590, 'Age of Wonders II: The Wizards Throne', 'Strategy', 'Fantasy', 0, '0000-00-00', 'Microsoft Windows', 'Take-Two Interactive', 'Take-Two Interactive'),
(591, 'Age of Wonders: Shadow Magic', 'Strategy', 'Fantasy', 0, '0000-00-00', 'Microsoft Windows', 'Gathering of Developers', 'Gathering of Developers'),
(592, 'AH-64D Longbow', 'Simulator', 'Non-fiction', 0, '0000-00-00', 'Microsoft Windows', 'Origin Systems', 'Origin Systems'),
(593, 'Airstrike II: Gulf Thunder', 'Shooter', 'Action', 0, '0000-00-00', 'Microsoft Windows', 'DivoGames', 'DivoGames'),
(594, 'Aliens versus Predator 2', 'Shooter', 'Action', 8.02056, '0000-00-00', 'Mac', 'Fox Interactive', 'Fox Interactive'),
(595, 'Allegiance', 'Real Time Strategy (RTS)', 'Action', 0, '0000-00-00', 'Microsoft Windows', 'Microsoft', 'Microsoft'),
(596, 'American Conquest', 'Real Time Strategy (RTS)', 'Warfare', 0, '0000-00-00', 'Microsoft Windows', 'cdv Software Entertainment', 'cdv Software Entertainment'),
(597, 'Americas Army', 'Shooter', 'unknown', 0, '0000-00-00', 'Microsoft Windows', 'U.S. Army', 'U.S. Army'),
(598, 'Anarchy Online: Shadowlands', 'Role-playing (RPG)', 'Science fiction', 0, '0000-00-00', 'Microsoft Windows', 'Funcom', 'Funcom'),
(599, 'Age of Empires II: The Conquerors', 'Real Time Strategy (RTS)', 'Historical', 7.82289, '0000-00-00', 'Mac', 'Microsoft Game Studios', 'Microsoft Game Studios'),
(600, 'Apache', 'Simulator', 'Warfare', 0, '0000-00-00', 'Mac', 'Digital Integration', 'Digital Integration'),
(601, 'ArmA 2: Operation Arrowhead', 'Shooter', 'unknown', 7.83745, '0000-00-00', 'Microsoft Windows', 'Meridian4', 'Meridian4'),
(602, 'Arx Fatalis', 'Role-playing (RPG)', 'Action', 7.0165, '0000-00-00', 'Microsoft Windows', 'DreamCatcher Interactive', 'DreamCatcher Interactive'),
(603, 'Asherons Call', 'Role-playing (RPG)', 'unknown', 0, '0000-00-00', 'Microsoft Windows', 'Microsoft Game Studios', 'Microsoft Game Studios'),
(604, 'Bad Mojo', 'Point-and-click', 'Drama', 0, '0000-00-00', 'Mac', 'Pulse Entertainment', 'Pulse Entertainment'),
(605, 'Baseball Mogul', 'Simulator', 'Non-fiction', 0, '0000-00-00', 'Microsoft Windows', 'Infinite Monkey', 'Infinite Monkey'),
(606, 'Battle Realms', 'Real Time Strategy (RTS)', 'unknown', 0, '0000-00-00', 'Microsoft Windows', 'Liquid Entertainment', 'Liquid Entertainment'),
(607, 'Battlefield: Bad Company 2 Vietnam', 'Shooter', 'unknown', 7.78445, '0000-00-00', 'Microsoft Windows', 'EA Digital Illusions CE', 'EA Digital Illusions CE'),
(608, 'Battleground 3: Waterloo', 'Real Time Strategy (RTS)', 'Historical', 0, '0000-00-00', 'PC DOS', 'TalonSoft', 'TalonSoft'),
(609, 'Battleground 4: Shiloh', 'Real Time Strategy (RTS)', 'Historical', 0, '0000-00-00', 'Microsoft Windows', 'TalonSoft', 'TalonSoft'),
(610, 'Battleground 5: Antietam', 'Real Time Strategy (RTS)', 'Historical', 0, '0000-00-00', 'PC DOS', 'TalonSoft', 'TalonSoft'),
(611, 'Battles in Normandy', 'Turn-based strategy (TBS)', 'Historical', 0, '0000-00-00', 'Microsoft Windows', 'Matrix Games', 'Matrix Games'),
(612, 'Beneath a Steel Sky', 'Point-and-click', 'Science fiction', 8.39659, '0000-00-00', 'Amiga', 'Virgin Interactive', 'Virgin Interactive'),
(613, 'Battlezone', 'Shooter', 'unknown', 0, '0000-00-00', 'Microsoft Windows', 'Activision', 'Activision'),
(614, 'Bejeweled 2', 'Puzzle', 'unknown', 0, '0000-00-00', 'Mac', 'PopCap Games', 'PopCap Games'),
(615, 'Big Kahuna Reef', 'Puzzle', 'unknown', 0, '0000-00-00', 'Microsoft Windows', 'Reflexive Entertainment', 'Reflexive Entertainment'),
(616, 'Broken Sword: The Shadow of the Templars', 'Point-and-click', 'Thriller', 8.85415, '0000-00-00', 'Mac', 'Virgin Interactive', 'Virgin Interactive'),
(617, 'Brothers in Arms: Earned in Blood', 'Shooter', 'unknown', 0, '0000-00-00', 'Mac', 'Ubisoft Entertainment', 'Ubisoft Entertainment'),
(618, 'Brothers in Arms: Hells Highway', 'Shooter', 'Action', 7.0197, '0000-00-00', 'PlayStation 3', 'Gearbox Software', 'Gearbox Software'),
(619, 'Brothers in Arms: Road to Hill 30', 'Shooter', 'unknown', 0, '0000-00-00', 'Xbox', 'Ubisoft Entertainment', 'Ubisoft Entertainment'),
(620, 'Burnout Paradise', 'Racing', 'Action', 8.92533, '0000-00-00', 'PlayStation 3', 'Electronic Arts', 'Electronic Arts'),
(621, 'Call of Duty', 'Shooter', 'Warfare', 8.70799, '0000-00-00', 'Microsoft Windows', 'Infinity Ward', 'Infinity Ward'),
(622, 'Call of Duty 2', 'Shooter', 'Warfare', 8.96444, '0000-00-00', 'Microsoft Windows', 'Activision', 'Activision'),
(623, 'Call of Duty 4: Modern Warfare', 'Simulator', 'Warfare', 8.70474, '0000-00-00', 'Microsoft Windows', 'Activision', 'Activision'),
(624, 'Call of Duty: United Offensive', 'Shooter', 'Warfare', 8.43314, '0000-00-00', 'Mac', 'Activision', 'Activision'),
(625, 'Call of Duty: World at War', 'Shooter', 'Action', 7.39664, '0000-00-00', 'Microsoft Windows', 'n-Space', 'n-Space'),
(626, 'Carmageddon', 'Racing', 'Action', 8.27875, '0000-00-00', 'Mac', 'SCi Games', 'SCi Games'),
(627, 'CART Precision Racing', 'Racing', 'unknown', 0, '0000-00-00', 'Microsoft Windows', 'Microsoft Game Studios', 'Microsoft Game Studios'),
(628, 'Championship Manager: Season 03/04', 'Simulator', 'Non-fiction', 0, '0000-00-00', 'Mac', 'Eidos Interactive', 'Eidos Interactive'),
(629, 'Chaos Overlords', 'Turn-based strategy (TBS)', 'Science fiction', 0, '0000-00-00', 'Mac', 'New World Computing', 'New World Computing'),
(630, 'Chessmaster 5000', 'Strategy', 'Non-fiction', 0, '0000-00-00', 'Microsoft Windows', 'Mindscape', 'Mindscape'),
(631, 'Chessmaster 5500', 'Strategy', 'Non-fiction', 0, '0000-00-00', 'Microsoft Windows', 'Mindscape', 'Mindscape'),
(632, 'Chessmaster 6000', 'Strategy', 'Non-fiction', 0, '0000-00-00', 'Mac', 'Mindscape', 'Mindscape'),
(633, 'Sid Meiers Civilization IV: Beyond the Sword', 'Turn-based strategy (TBS)', '4X (explore, expand, exploit, and exterminate)', 8.79856, '0000-00-00', 'Microsoft Windows', 'Firaxis Games', 'Firaxis Games'),
(634, 'Civilization II', 'Strategy', '4X (explore, expand, exploit, and exterminate)', 7.94866, '0000-00-00', 'Mac', 'MicroProse', 'MicroProse'),
(635, 'Sid Meiers Civilization III: Conquests', 'Turn-based strategy (TBS)', 'Historical', 0, '0000-00-00', 'Microsoft Windows', 'Atari', 'Atari'),
(636, 'Clive Barkers Undying', 'Shooter', 'Horror', 8.99083, '0000-00-00', 'Microsoft Windows', 'Westlake Interactive', 'Westlake Interactive'),
(637, 'Close Combat', 'Real Time Strategy (RTS)', 'Historical', 0, '0000-00-00', 'Mac', 'Microsoft Game Studios', 'Microsoft Game Studios'),
(638, 'Close Combat III: The Russian Front', 'Real Time Strategy (RTS)', 'Historical', 0, '0000-00-00', 'Microsoft Windows', 'Microsoft Game Studios', 'Microsoft Game Studios'),
(639, 'Close Combat: A Bridge Too Far', 'Real Time Strategy (RTS)', 'Historical', 0, '0000-00-00', 'Mac', 'Microsoft Game Studios', 'Microsoft Game Studios'),
(640, 'Codename: Panzers - Phase One', 'Real Time Strategy (RTS)', 'Warfare', 0, '0000-00-00', 'Microsoft Windows', 'cdv Software Entertainment', 'cdv Software Entertainment'),
(641, 'Colin McRae Rally 04', 'Racing', 'Non-fiction', 7.00453, '0000-00-00', 'Microsoft Windows', 'Codemasters', 'Codemasters'),
(642, 'Colin McRae Rally 2.0', 'Racing', 'Non-fiction', 8.19015, '0000-00-00', 'PlayStation', 'Codemasters', 'Codemasters'),
(643, 'Comanche 3', 'Simulator', 'unknown', 0, '0000-00-00', 'Microsoft Windows', 'NovaLogic', 'NovaLogic'),
(644, 'Combat Flight Simulator 2: WWII Pacific Theater', 'Simulator', 'Historical', 0, '0000-00-00', 'Microsoft Windows', 'Microsoft Game Studios', 'Microsoft Game Studios'),
(645, 'Combat Mission 2', 'Turn-based strategy (TBS)', 'Historical', 0, '0000-00-00', 'Mac', 'Battlefront.com', 'Battlefront.com'),
(646, 'Combat Mission: Beyond Overlord', 'Turn-based strategy (TBS)', 'Historical', 0, '0000-00-00', 'Mac', 'Battlefront.com', 'Battlefront.com'),
(647, 'Command & Conquer', 'Real Time Strategy (RTS)', 'Science fiction', 8.91813, '0000-00-00', 'Mac', 'Virgin Interactive', 'Virgin Interactive'),
(648, 'Command & Conquer: Yuris Revenge', 'Real Time Strategy (RTS)', 'Science fiction', 7.99091, '0000-00-00', 'Microsoft Windows', 'Electronic Arts', 'Electronic Arts'),
(649, 'Command & Conquer: Generals', 'Real Time Strategy (RTS)', 'Warfare', 8.40994, '0000-00-00', 'Microsoft Windows', 'EA Pacific', 'EA Pacific'),
(650, 'Command & Conquer: Generals - Zero Hour', 'Real Time Strategy (RTS)', 'Warfare', 8.71953, '0000-00-00', 'Microsoft Windows', 'Electronic Arts', 'Electronic Arts'),
(651, 'The Wizard and the Princess', 'Adventure', 'Fantasy', 0, '0000-00-00', 'Commodore C64/128', 'On-Line Systems', 'On-Line Systems'),
(652, 'Command & Conquer: Red Alert - The Aftermath', 'Real Time Strategy (RTS)', 'Science fiction', 0, '0000-00-00', 'Microsoft Windows', 'Westwood Studios', 'Westwood Studios'),
(653, 'Commandos 2: Men of Courage', 'Strategy', 'Stealth', 8.61226, '0000-00-00', 'Microsoft Windows', 'Eidos Interactive', 'Eidos Interactive'),
(654, 'Company of Heroes', 'Real Time Strategy (RTS)', 'Warfare', 8.70682, '0000-00-00', 'Microsoft Windows', 'THQ', 'THQ'),
(655, 'Conquest of the New World', 'Turn-based strategy (TBS)', 'Historical', 0, '0000-00-00', 'Mac', 'Interplay Entertainment', 'Interplay Entertainment'),
(656, 'Crusader: No Regret', 'Shooter', 'Science fiction', 0, '0000-00-00', 'PC DOS', 'Origin Systems', 'Origin Systems'),
(657, 'Dark Age of Camelot', 'Role-playing (RPG)', 'unknown', 0, '0000-00-00', 'Microsoft Windows', 'Mythic Entertainment', 'Mythic Entertainment'),
(658, 'Dark Reign: Rise of the Shadowhand', 'Real Time Strategy (RTS)', 'unknown', 0, '0000-00-00', 'Microsoft Windows', 'Activision', 'Activision'),
(659, 'Dark Reign: The Future of War', 'Real Time Strategy (RTS)', 'Science fiction', 0, '0000-00-00', 'Microsoft Windows', 'Activision', 'Activision'),
(660, 'Darkstone', 'Role-playing (RPG)', 'Action', 0, '0000-00-00', 'Microsoft Windows', 'Gathering of Developers', 'Gathering of Developers'),
(661, 'Darwinia', 'Strategy', 'unknown', 0, '0000-00-00', 'Microsoft Windows', 'Introversion', 'Introversion'),
(662, 'Anno 1404', 'Real Time Strategy (RTS)', 'Historical', 8.05089, '0000-00-00', 'Microsoft Windows', 'Ubisoft Entertainment', 'Ubisoft Entertainment'),
(663, 'Command & Conquer: The Covert Operations', 'Real Time Strategy (RTS)', 'Science fiction', 0, '0000-00-00', 'Microsoft Windows', 'Virgin Interactive', 'Virgin Interactive'),
(664, 'Command & Conquer: Sole Survivor', 'Real Time Strategy (RTS)', 'Science fiction', 0, '0000-00-00', 'Microsoft Windows', 'Westwood Studios', 'Westwood Studios'),
(665, 'Death Rally', 'Racing', 'Action', 8.92989, '0000-00-00', 'PC DOS', 'Mountain Sheep', 'Mountain Sheep'),
(666, 'Delta Force', 'Shooter', 'Action', 0, '0000-00-00', 'Microsoft Windows', 'NovaLogic', 'NovaLogic'),
(667, 'Descent 3', 'Shooter', 'Science fiction', 7.99658, '0000-00-00', 'Microsoft Windows', 'Outrage Games', 'Outrage Games'),
(668, 'Descent II', 'Shooter', 'Science fiction', 7.65904, '0000-00-00', 'Microsoft Windows', 'Interplay', 'Interplay'),
(669, 'Descent: Freespace - The Great War', 'Simulator', 'Science fiction', 0, '0000-00-00', 'Amiga', 'Interplay Entertainment', 'Interplay Entertainment'),
(670, 'Command & Conquer 4: Tiberian Twilight', 'Real Time Strategy (RTS)', 'Science fiction', 5.33366, '0000-00-00', 'Microsoft Windows', 'Electronic Arts', 'Electronic Arts'),
(671, 'Divine Divinity', 'Role-playing (RPG)', 'Fantasy', 7.99871, '0000-00-00', 'Microsoft Windows', 'cdv Software Entertainment', 'cdv Software Entertainment'),
(672, 'Doom 3: Resurrection of Evil', 'Shooter', 'Science fiction', 7.00503, '0000-00-00', 'Microsoft Windows', 'Activision', 'Activision'),
(673, 'Doom', 'Shooter', 'Action', 8.9935, '0000-00-00', 'Mac', 'Atari', 'Atari'),
(674, 'Dungeons & Dragons: Dragonshard', 'Role-playing (RPG)', 'Fantasy', 0, '0000-00-00', 'Microsoft Windows', 'Atari', 'Atari'),
(675, 'Driver', 'Racing', 'Action', 7.83396, '0000-00-00', 'PlayStation', 'GT Interactive', 'GT Interactive'),
(676, 'Command & Conquer: Red Alert - Counterstrike', 'Real Time Strategy (RTS)', 'Science fiction', 0, '0000-00-00', 'Microsoft Windows', 'Virgin Interactive', 'Virgin Interactive'),
(677, 'EF2000 v2.0', 'Simulator', 'Non-fiction', 0, '0000-00-00', 'Microsoft Windows', 'Ocean', 'Ocean'),
(678, 'Empires: Dawn of the Modern World', 'Real Time Strategy (RTS)', 'Historical', 0, '0000-00-00', 'Microsoft Windows', 'Activision', 'Activision'),
(679, 'Enemy Engaged', 'Simulator', 'Non-fiction', 0, '0000-00-00', 'Mac', 'Empire Interactive', 'Empire Interactive'),
(680, 'Enemy Territory: Quake Wars', 'Shooter', 'Science fiction', 0, '0000-00-00', 'Microsoft Windows', 'Nerve Software', 'Nerve Software'),
(681, 'Europa 1400: The Guild', 'Real Time Strategy (RTS)', 'Historical', 0, '0000-00-00', 'Microsoft Windows', 'JoWood Productions', 'JoWood Productions'),
(682, 'Europa Universalis II', 'Strategy', 'Historical', 0, '0000-00-00', 'Mac', 'Strategy First', 'Strategy First'),
(683, 'Europa Universalis III', 'Strategy', 'Historical', 8.22259, '0000-00-00', 'Mac', 'Paradox Interactive', 'Paradox Interactive'),
(684, 'Europa Universalis III: In Nomine', 'Strategy', 'Historical', 0, '0000-00-00', 'Mac', 'Paradox Interactive', 'Paradox Interactive'),
(685, 'European Air War', 'Simulator', 'Historical', 0, '0000-00-00', 'Microsoft Windows', 'MicroProse', 'MicroProse'),
(686, 'EverQuest: The Ruins of Kunark', 'Role-playing (RPG)', 'Fantasy', 0, '0000-00-00', 'Microsoft Windows', 'Sony Online Entertainment', 'Sony Online Entertainment'),
(687, 'Janes F/A-18', 'Simulator', 'unknown', 0, '0000-00-00', 'Microsoft Windows', 'Electronic Arts', 'Electronic Arts'),
(688, 'F/A-18 Korea', 'Simulator', 'Historical', 0, '0000-00-00', 'Microsoft Windows', 'Graphic Simulations', 'Graphic Simulations'),
(689, 'F1 Challenge 99-02', 'Simulator', 'unknown', 0, '0000-00-00', 'Game Boy Advance', 'EA Sports', 'EA Sports'),
(690, 'F1 Championship Season 2000', 'Simulator', 'Non-fiction', 0, '0000-00-00', 'Game Boy Color', 'EA Sports', 'EA Sports'),
(691, 'F1 Racing Simulation', 'Racing', 'Non-fiction', 0, '0000-00-00', 'Microsoft Windows', 'Ubisoft Entertainment', 'Ubisoft Entertainment'),
(692, 'Janes F-15', 'Simulator', 'unknown', 0, '0000-00-00', 'Microsoft Windows', 'Electronic Arts', 'Electronic Arts'),
(693, 'F-22 Air Dominance Fighter', 'Simulator', 'Non-fiction', 0, '0000-00-00', 'Microsoft Windows', 'Digital Image Design', 'Digital Image Design'),
(694, 'Fable: The Lost Chapters', 'Role-playing (RPG)', 'Fantasy', 8.83514, '0000-00-00', 'Microsoft Windows', 'Microsoft Game Studios', 'Microsoft Game Studios'),
(695, 'Falcon 4.0: Allied Force', 'Simulator', 'Non-fiction', 0, '0000-00-00', 'Mac', 'Graphsim Entertainment', 'Graphsim Entertainment'),
(696, 'FIFA 07', 'Sport', 'Non-fiction', 7.89706, '0000-00-00', 'Game Boy Advance', 'EA Sports', 'EA Sports'),
(697, 'FIFA 2000: Major League Soccer', 'Sport', 'Non-fiction', 0, '0000-00-00', 'Game Boy Color', 'EA Sports', 'EA Sports'),
(698, 'FIFA 2001', 'Sport', 'Non-fiction', 0, '0000-00-00', 'Microsoft Windows', 'EA Sports', 'EA Sports'),
(699, 'FIFA 99', 'Sport', 'Non-fiction', 7.04066, '0000-00-00', 'Microsoft Windows', 'EA Sports', 'EA Sports'),
(700, 'FIFA 06', 'Sport', 'Non-fiction', 7.55269, '0000-00-00', 'PlayStation Portable', 'Electronic Arts', 'Electronic Arts'),
(701, 'FIFA Football 2002', 'Sport', 'Non-fiction', 8.80677, '0000-00-00', 'Microsoft Windows', 'EA Canada', 'EA Canada'),
(702, 'FIFA Football 2003', 'Sport', 'Non-fiction', 7.73529, '0000-00-00', 'PlayStation 2', 'Electronic Arts', 'Electronic Arts'),
(703, 'FIFA Football 2005', 'Sport', 'Non-fiction', 0, '0000-00-00', 'Game Boy Advance', 'Electronic Arts', 'Electronic Arts'),
(704, 'FIFA Soccer 96', 'Sport', 'Non-fiction', 0, '0000-00-00', 'PC DOS', 'Black Pearl Software', 'Black Pearl Software'),
(705, 'FIFA: Road to World Cup 98', 'Sport', 'Non-fiction', 8.95752, '0000-00-00', 'Sega Mega Drive/Genesis', 'Extended Play Productions', 'Extended Play Productions'),
(706, 'Command & Conquer: Renegade', 'Shooter', 'Science fiction', 7.25359, '0000-00-00', 'Microsoft Windows', 'Westwood Studios', 'Westwood Studios'),
(707, 'Command & Conquer 3: Kanes Wrath', 'Real Time Strategy (RTS)', 'Science fiction', 8.59331, '0000-00-00', 'Microsoft Windows', 'EA Los Angeles', 'EA Los Angeles'),
(708, 'Flanker 2.0', 'Simulator', 'unknown', 0, '0000-00-00', 'Microsoft Windows', 'SSI (Strategic Simulations, Inc.)', 'SSI (Strategic Simulations, Inc.)'),
(709, 'Flanker 2.5', 'Simulator', 'unknown', 0, '0000-00-00', 'Microsoft Windows', 'Ubisoft Entertainment', 'Ubisoft Entertainment'),
(710, 'Flash Point Korea: AH-64D Longbow', 'Simulator', 'unknown', 0, '0000-00-00', 'PC DOS', 'Electronic Arts', 'Electronic Arts'),
(711, 'Microsoft Flight Simulator 2002 Professional Edition', 'Simulator', 'unknown', 0, '0000-00-00', 'Microsoft Windows', 'Microsoft Game Studios', 'Microsoft Game Studios'),
(712, 'Microsoft Flight Simulator 2004', 'Simulator', 'unknown', 0, '0000-00-00', 'Microsoft Windows', 'Microsoft Game Studios', 'Microsoft Game Studios'),
(713, 'Microsoft Flight Simulator X: Acceleration', 'Simulator', 'unknown', 0, '0000-00-00', 'Microsoft Windows', 'Microsoft Game Studios', 'Microsoft Game Studios'),
(714, 'Flight Unlimited II', 'Simulator', 'unknown', 0, '0000-00-00', 'Microsoft Windows', 'Eidos Interactive', 'Eidos Interactive'),
(715, 'Flight Unlimited III', 'Simulator', 'unknown', 0, '0000-00-00', 'Microsoft Windows', 'Electronic Arts', 'Electronic Arts'),
(716, 'Football Manager 2010', 'Strategy', 'Non-fiction', 0, '0000-00-00', 'Mac', 'Sega', 'Sega'),
(717, 'Football Manager 2011', 'Strategy', 'Non-fiction', 0, '0000-00-00', 'Mac', 'Sega', 'Sega'),
(718, 'Forsaken', 'Shooter', 'Science fiction', 0, '0000-00-00', 'PlayStation', 'Acclaim Entertainment', 'Acclaim Entertainment'),
(719, 'Freedom Fighters', 'Shooter', 'unknown', 6.91577, '0000-00-00', 'Microsoft Windows', 'Electronic Arts', 'Electronic Arts'),
(720, 'Freedom Force', 'Role-playing (RPG)', 'unknown', 0, '0000-00-00', 'Mac', 'Crave Entertainment', 'Crave Entertainment'),
(721, 'Freedom Force vs. The 3rd Reich', 'Role-playing (RPG)', 'unknown', 0, '0000-00-00', 'Microsoft Windows', 'Irrational Games', 'Irrational Games'),
(722, 'Freespace 2', 'Simulator', 'Science fiction', 8.01799, '0000-00-00', 'Microsoft Windows', 'Interplay Entertainment', 'Interplay Entertainment'),
(723, 'Galactic Civilizations II: Twilight of the Arnor', 'Turn-based strategy (TBS)', 'Science fiction', 0, '0000-00-00', 'Microsoft Windows', 'Stardock', 'Stardock');
INSERT INTO `FirstGame` (`idGame`, `GameName`, `GameGenre`, `GameTheme`, `Rating`, `ReleaseDate`, `GamePlateform`, `GameDeveloper`, `GamePublisher`) VALUES
(724, 'Galactic Civilizations II: Dark Avatar', 'Turn-based strategy (TBS)', 'Science fiction', 0, '0000-00-00', 'Microsoft Windows', 'Stardock', 'Stardock'),
(725, 'Galactic Civilizations II: Dread Lords', 'Turn-based strategy (TBS)', 'Science fiction', 0, '0000-00-00', 'Microsoft Windows', 'Stardock', 'Stardock'),
(726, 'Ghost Master', 'Strategy', 'Comedy', 0, '0000-00-00', 'Mac', 'Empire Interactive', 'Empire Interactive'),
(727, 'Grand Prix 3', 'Racing', 'Non-fiction', 0, '0000-00-00', 'Microsoft Windows', 'Hasbro Interactive', 'Hasbro Interactive'),
(728, 'Grand Prix II', 'Racing', 'Non-fiction', 0, '0000-00-00', 'PC DOS', 'MicroProse', 'MicroProse'),
(729, 'Grand Prix Legends', 'Racing', 'Non-fiction', 0, '0000-00-00', 'Microsoft Windows', 'Sierra Entertainment', 'Sierra Entertainment'),
(730, 'Grand Theft Auto III', 'Shooter', 'Action', 8.62735, '0000-00-00', 'PlayStation 2', 'Rockstar Vienna', 'Rockstar Vienna'),
(731, 'Grand Theft Auto IV', 'Shooter', 'Action', 8.54934, '0000-00-00', 'PlayStation 3', 'Take-Two Interactive', 'Take-Two Interactive'),
(732, 'Grand Theft Auto: San Andreas', 'Shooter', 'Action', 9.13038, '0000-00-00', 'PlayStation 2', 'Rockstar Games', 'Rockstar Games'),
(733, 'Grand Theft Auto: Vice City', 'Shooter', 'Action', 9.00507, '0000-00-00', 'PlayStation 2', 'Rockstar Vienna', 'Rockstar Vienna'),
(734, 'Ground Control', 'Real Time Strategy (RTS)', 'Science fiction', 0, '0000-00-00', 'Microsoft Windows', 'Sierra Entertainment', 'Sierra Entertainment'),
(735, 'Ground Control II: Operation Exodus', 'Real Time Strategy (RTS)', 'Science fiction', 0, '0000-00-00', 'Microsoft Windows', 'Sierra Entertainment', 'Sierra Entertainment'),
(736, 'GT Legends', 'Simulator', 'unknown', 0, '0000-00-00', 'Microsoft Windows', '10tacle Studios', '10tacle Studios'),
(737, 'GTR 2 – FIA GT Racing Game', 'Racing', 'Non-fiction', 0, '0000-00-00', 'Microsoft Windows', 'Blimey! Games', 'Blimey! Games'),
(738, 'GTR – FIA GT Racing Game', 'Simulator', 'unknown', 0, '0000-00-00', 'Microsoft Windows', '10tacle Studios', '10tacle Studios'),
(739, 'Guild Wars: Factions', 'Role-playing (RPG)', 'Fantasy', 7.71212, '0000-00-00', 'Microsoft Windows', 'NCsoft', 'NCsoft'),
(740, 'Halo: Combat Evolved', 'Shooter', 'Science fiction', 8.47668, '0000-00-00', 'Xbox', 'Gearbox Software', 'Gearbox Software'),
(741, 'Hearts of Iron III', 'Real Time Strategy (RTS)', 'Historical', 0, '0000-00-00', 'Microsoft Windows', 'Paradox Interactive', 'Paradox Interactive'),
(742, 'Heavy Gear II', 'Real Time Strategy (RTS)', 'Science fiction', 0, '0000-00-00', 'Microsoft Windows', 'Activision', 'Activision'),
(743, 'Europa Universalis III: Heir to the Throne', 'Strategy', 'Historical', 0, '0000-00-00', 'Mac', 'Paradox Interactive', 'Paradox Interactive'),
(744, 'Kings Quest IV: The Perils of Rosella', 'Puzzle', 'Fantasy', 0, '0000-00-00', 'PC DOS', 'Sierra On-Line', 'Sierra On-Line'),
(745, 'Hexen II Mission Pack: Portal of Praevus', 'Shooter', 'unknown', 0, '0000-00-00', 'Mac', 'id Software', 'id Software'),
(746, 'High Heat Baseball 2000', 'Sport', 'Non-fiction', 0, '0000-00-00', 'Microsoft Windows', '3DO', '3DO'),
(747, 'HIND: The Russian Combat Helicopter Simulation', 'Simulator', 'unknown', 0, '0000-00-00', 'PC DOS', 'Interactive Magic', 'Interactive Magic'),
(748, 'Hitman 2: Silent Assassin', 'Shooter', 'Stealth', 8.47833, '0000-00-00', 'Xbox', 'IO Interactive', 'IO Interactive'),
(749, 'Homeworld', 'Real Time Strategy (RTS)', 'Warfare', 8.55789, '0000-00-00', 'Mac', 'Sierra Entertainment', 'Sierra Entertainment'),
(750, 'Homeworld 2', 'Real Time Strategy (RTS)', 'Science fiction', 8.88769, '0000-00-00', 'Mac', 'Sierra Entertainment', 'Sierra Entertainment'),
(751, 'Homeworld: Cataclysm', 'Real Time Strategy (RTS)', 'Science fiction', 8.22769, '0000-00-00', 'Microsoft Windows', 'Sierra Entertainment', 'Sierra Entertainment'),
(752, 'Hostile Waters: Antaeus Rising', 'Strategy', 'unknown', 0, '0000-00-00', 'Microsoft Windows', 'Rage Software', 'Rage Software'),
(753, 'Icewind Dale', 'Role-playing (RPG)', 'Fantasy', 8.32599, '0000-00-00', 'Mac', 'Interplay Entertainment', 'Interplay Entertainment'),
(754, 'IL-2 Sturmovik', 'Simulator', 'Warfare', 0, '0000-00-00', 'Microsoft Windows', 'Ubisoft Entertainment', 'Ubisoft Entertainment'),
(755, 'IL-2 Sturmovik: Forgotten Battles', 'Simulator', 'Warfare', 0, '0000-00-00', 'Microsoft Windows', 'Ubisoft Entertainment', 'Ubisoft Entertainment'),
(756, 'IL-2 Sturmovik: Forgotten Battles - Ace', 'Simulator', 'Warfare', 0, '0000-00-00', 'Microsoft Windows', 'Ubisoft Entertainment', 'Ubisoft Entertainment'),
(757, 'Independence War', 'Simulator', 'Science fiction', 0, '0000-00-00', 'Microsoft Windows', 'Infogrames', 'Infogrames'),
(758, 'Independence War 2: Edge of Chaos', 'Simulator', 'Science fiction', 0, '0000-00-00', 'Microsoft Windows', 'Infogrames', 'Infogrames'),
(759, 'Command & Conquer: Red Alert 3 – Uprising', 'Real Time Strategy (RTS)', 'Science fiction', 0, '0000-00-00', 'Microsoft Windows', 'EA Los Angeles', 'EA Los Angeles'),
(760, 'Interstate 76', 'Shooter', 'Action', 0, '0000-00-00', 'Microsoft Windows', 'Activision', 'Activision'),
(761, 'Jack Nicklaus 5', 'Sport', 'Non-fiction', 0, '0000-00-00', 'Microsoft Windows', 'Accolade', 'Accolade'),
(762, 'Jack Nicklaus 6: Golden Bear Challenge', 'Sport', 'Non-fiction', 0, '0000-00-00', 'Microsoft Windows', 'Activision', 'Activision'),
(763, 'Heroes of Newerth', 'Real Time Strategy (RTS)', 'Fantasy', 0, '0000-00-00', 'Linux', 'S2 Games', 'S2 Games'),
(764, 'Jazz Jackrabbit 2', 'Platform', 'Action', 7.90787, '0000-00-00', 'Mac', 'Gathering of Developers', 'Gathering of Developers'),
(765, 'Jumpgate: The Reconstruction Initiative', 'Role-playing (RPG)', 'Science fiction', 0, '0000-00-00', 'Microsoft Windows', '3DO', '3DO'),
(766, 'Kohan II: Kings of War', 'Real Time Strategy (RTS)', 'Fantasy', 0, '0000-00-00', 'Microsoft Windows', 'Global Star Software', 'Global Star Software'),
(767, 'Kohan: Immortal Sovereigns', 'Real Time Strategy (RTS)', 'Fantasy', 0, '0000-00-00', 'Linux', 'Strategy First', 'Strategy First'),
(768, 'Decisive Battles of WWII: Korsun Pocket', 'Turn-based strategy (TBS)', 'Historical', 0, '0000-00-00', 'Microsoft Windows', 'Matrix Games', 'Matrix Games'),
(769, 'Lara Croft and the Guardian of Light', 'Platform', 'Action', 7.8245, '0000-00-00', 'Microsoft Windows', 'Square Enix', 'Square Enix'),
(770, 'Links 2001', 'Sport', 'Non-fiction', 0, '0000-00-00', 'Microsoft Windows', 'Microsoft Game Studios', 'Microsoft Game Studios'),
(771, 'Links LS 1998 Edition', 'Sport', 'Non-fiction', 0, '0000-00-00', 'Microsoft Windows', 'Access Software', 'Access Software'),
(772, 'Links LS 1999', 'Sport', 'Non-fiction', 0, '0000-00-00', 'Microsoft Windows', 'Access Software', 'Access Software'),
(773, 'Longbow 2', 'Simulator', 'unknown', 0, '0000-00-00', 'Microsoft Windows', 'Electronic Arts', 'Electronic Arts'),
(774, 'The Lord of the Rings Online: Mines of Moria', 'Adventure', 'Fantasy', 0, '0000-00-00', 'Microsoft Windows', 'Warner Bros. Interactive Entertainment', 'Warner Bros. Interactive Entertainment'),
(775, 'M.A.X.: Mechanized Assault & Exploration', 'Turn-based strategy (TBS)', 'Science fiction', 0, '0000-00-00', 'PC DOS', 'Interplay Entertainment', 'Interplay Entertainment'),
(776, 'Madden NFL 2003', 'Sport', 'Non-fiction', 0, '0000-00-00', 'Game Boy Advance', 'EA Sports', 'EA Sports'),
(777, 'Madden NFL 2004', 'Sport', 'Non-fiction', 0, '0000-00-00', 'Game Boy Advance', 'EA Sports', 'EA Sports'),
(778, 'Madden NFL 2005', 'Sport', 'Non-fiction', 0, '0000-00-00', 'Game Boy Advance', 'EA Sports', 'EA Sports'),
(779, 'Madden NFL 99', 'Sport', 'Non-fiction', 0, '0000-00-00', 'Microsoft Windows', 'EA Sports', 'EA Sports'),
(780, 'Magic Carpet 2: The Netherworlds', 'Shooter', 'Action', 0, '0000-00-00', 'PC DOS', 'Bullfrog Productions', 'Bullfrog Productions'),
(781, 'Majesty: The Fantasy Kingdom Sim', 'Real Time Strategy (RTS)', 'Fantasy', 0, '0000-00-00', 'Mac', 'MicroProse', 'MicroProse'),
(782, 'Mass Effect 2: Lair of the Shadow Broker', 'Role-playing (RPG)', 'Science fiction', 8.28726, '0000-00-00', 'Microsoft Windows', 'Electronic Arts', 'Electronic Arts'),
(783, 'Mass Effect 2: Overlord', 'Role-playing (RPG)', 'Science fiction', 8.18652, '0000-00-00', 'Microsoft Windows', 'Electronic Arts', 'Electronic Arts'),
(784, 'MechWarrior 2: 31st Century Combat', 'Simulator', 'Science fiction', 0, '0000-00-00', 'Microsoft Windows', 'Activision', 'Activision'),
(785, 'MechWarrior 2: Mercenaries', 'Simulator', 'Science fiction', 0, '0000-00-00', 'Microsoft Windows', 'Activision', 'Activision'),
(786, 'MechWarrior 4: Vengeance', 'Simulator', 'Science fiction', 0, '0000-00-00', 'Microsoft Windows', 'Microsoft Game Studios', 'Microsoft Game Studios'),
(787, 'Serious Sam II', 'Shooter', 'Warfare', 6.92749, '0000-00-00', 'Linux', '2K Games', '2K Games'),
(788, 'Microsoft Flight Simulator 2000', 'Simulator', 'unknown', 0, '0000-00-00', 'Microsoft Windows', 'Microsoft Game Studios', 'Microsoft Game Studios'),
(789, 'MiG Alley', 'Simulator', 'Warfare', 0, '0000-00-00', 'Microsoft Windows', 'Empire Interactive', 'Empire Interactive'),
(790, 'Might and Magic VI: The Mandate of Heaven', 'Role-playing (RPG)', 'Fantasy', 8.38474, '0000-00-00', 'Microsoft Windows', '3DO', '3DO'),
(791, 'Mission Critical', 'Point-and-click', 'Science fiction', 0, '0000-00-00', 'PC DOS', 'Legend Entertainment', 'Legend Entertainment'),
(792, 'MissionForce: CyberStorm', 'Strategy', 'Science fiction', 0, '0000-00-00', 'Microsoft Windows', 'Sierra Entertainment', 'Sierra Entertainment'),
(793, 'Mobil 1 Rally Championship', 'Simulator', 'unknown', 0, '0000-00-00', 'Microsoft Windows', 'Actualize', 'Actualize'),
(794, 'Wing Commander: Privateer', 'Simulator', 'Science fiction', 0, '0000-00-00', 'PC DOS', 'Origin Systems', 'Origin Systems'),
(795, 'Motocross Madness 2', 'Racing', 'Non-fiction', 0, '0000-00-00', 'Microsoft Windows', 'Microsoft Game Studios', 'Microsoft Game Studios'),
(796, 'MVP Baseball 2005', 'Sport', 'Non-fiction', 0, '0000-00-00', 'Microsoft Windows', 'Electronic Arts', 'Electronic Arts'),
(797, 'Myst III: Exile', 'Adventure', 'Drama', 0, '0000-00-00', 'Mac', 'Ubisoft Entertainment', 'Ubisoft Entertainment'),
(798, 'Myst IV: Revelation', 'Adventure', 'Drama', 7.64017, '0000-00-00', 'Mac', 'Ubisoft Entertainment', 'Ubisoft Entertainment'),
(799, 'Myth II: Soulblighter', 'Real Time Strategy (RTS)', 'Fantasy', 0, '0000-00-00', 'Linux', 'Bungie', 'Bungie'),
(800, 'Myth: The Fallen Lords', 'Real Time Strategy (RTS)', 'Fantasy', 0, '0000-00-00', 'Mac', 'Bungie', 'Bungie'),
(801, 'NASCAR Legends', 'Racing', 'Non-fiction', 0, '0000-00-00', 'Microsoft Windows', 'Sierra Entertainment', 'Sierra Entertainment'),
(802, 'NASCAR Racing 2', 'Racing', 'Non-fiction', 0, '0000-00-00', 'Microsoft Windows', 'Sierra On-Line', 'Sierra On-Line'),
(803, 'NASCAR Racing 2002 Season', 'Racing', 'Non-fiction', 0, '0000-00-00', 'Mac', 'Sierra Entertainment', 'Sierra Entertainment'),
(804, 'NASCAR Racing 2003 Season', 'Racing', 'Non-fiction', 0, '0000-00-00', 'Mac', 'Sierra Entertainment', 'Sierra Entertainment'),
(805, 'NASCAR Racing 3', 'Racing', 'Non-fiction', 0, '0000-00-00', 'Microsoft Windows', 'Sierra Entertainment', 'Sierra Entertainment'),
(806, 'NASCAR Racing 4', 'Racing', 'Non-fiction', 0, '0000-00-00', 'Microsoft Windows', 'Sierra Entertainment', 'Sierra Entertainment'),
(807, 'NASCAR SimRacing', 'Racing', 'Non-fiction', 0, '0000-00-00', 'Microsoft Windows', 'EA Tiburon', 'EA Tiburon'),
(808, 'NBA Live 2003', 'Sport', 'Non-fiction', 0, '0000-00-00', 'Microsoft Windows', 'EA Sports', 'EA Sports'),
(809, 'NBA Live 96', 'Sport', 'Non-fiction', 0, '0000-00-00', 'Super Nintendo Entertainment System (SNES)', 'Electronic Arts', 'Electronic Arts'),
(810, 'Privateer 2: The Darkening', 'Simulator', 'Science fiction', 0, '0000-00-00', 'PC DOS', 'Electronic Arts', 'Electronic Arts'),
(811, 'NBA Live 99', 'Sport', 'Non-fiction', 0, '0000-00-00', 'Microsoft Windows', 'Electronic Arts', 'Electronic Arts'),
(812, 'NFL Blitz', 'Sport', 'Non-fiction', 0, '0000-00-00', 'Microsoft Windows', 'Midway Games', 'Midway Games'),
(813, 'NHL 2000', 'Sport', 'Non-fiction', 0, '0000-00-00', 'Game Boy Color', 'EA Sports', 'EA Sports'),
(814, 'NHL 2001', 'Sport', 'Non-fiction', 0, '0000-00-00', 'Microsoft Windows', 'EA Sports', 'EA Sports'),
(815, 'NHL 2002', 'Sport', 'Non-fiction', 0, '0000-00-00', 'Microsoft Windows', 'EA Sports', 'EA Sports'),
(816, 'NHL 2004', 'Sport', 'Non-fiction', 0, '0000-00-00', 'Microsoft Windows', 'EA Sports', 'EA Sports'),
(817, 'NHL 97', 'Sport', 'Non-fiction', 0, '0000-00-00', 'Microsoft Windows', 'EA Sports', 'EA Sports'),
(818, 'NHL 98', 'Sport', 'Non-fiction', 0, '0000-00-00', 'Microsoft Windows', 'EA Sports', 'EA Sports'),
(819, 'Grand Theft Auto 2', 'Shooter', 'Open world', 8.32419, '0000-00-00', 'Microsoft Windows', 'Rockstar Games', 'Rockstar Games'),
(820, 'No One Lives Forever 2: A Spy in H.A.R.M.s Way', 'Shooter', 'Stealth', 8.9901, '0000-00-00', 'Microsoft Windows', 'Monolith Productions', 'Monolith Productions'),
(821, 'Oasis', 'Turn-based strategy (TBS)', 'Historical', 0, '0000-00-00', 'Microsoft Windows', 'PlayFirst', 'PlayFirst'),
(822, 'Obsidian', 'Puzzle', 'Science fiction', 0, '0000-00-00', 'Mac', 'SegaSoft', 'SegaSoft'),
(823, 'The Operational Art of War II: Modern Battles 1956-2000', 'Turn-based strategy (TBS)', 'Historical', 0, '0000-00-00', 'Microsoft Windows', 'TalonSoft', 'TalonSoft'),
(824, 'NHL 09', 'Sport', 'Non-fiction', 0, '0000-00-00', 'PlayStation 3', 'EA Canada', 'EA Canada'),
(825, 'Saints Row', 'Adventure', 'Action', 5.6604, '0000-00-00', 'Xbox 360', 'Volition Inc', 'Volition Inc'),
(826, 'Saints Row 2', 'Adventure', 'Action', 7.0772, '0000-00-00', 'Mobile', 'THQ', 'THQ'),
(827, 'Outcast', 'Adventure', 'Science fiction', 8.01025, '0000-00-00', 'Microsoft Windows', 'Infogrames', 'Infogrames'),
(828, 'Painkiller', 'Shooter', 'Action', 7.56675, '0000-00-00', 'Microsoft Windows', 'DreamCatcher Interactive', 'DreamCatcher Interactive'),
(829, 'Peoples General', 'Turn-based strategy (TBS)', 'unknown', 0, '0000-00-00', 'Microsoft Windows', 'SSI (Strategic Simulations, Inc.)', 'SSI (Strategic Simulations, Inc.)'),
(830, 'PGA Championship Golf 1999 Edition', 'Sport', 'Non-fiction', 0, '0000-00-00', 'Microsoft Windows', 'Sierra On-Line', 'Sierra On-Line'),
(831, 'PGA Championship Golf 2000', 'Sport', 'Non-fiction', 0, '0000-00-00', 'Microsoft Windows', 'Sierra On-Line', 'Sierra On-Line'),
(832, 'Planescape: Torment', 'Role-playing (RPG)', 'Drama', 9.00764, '0000-00-00', 'Microsoft Windows', 'Interplay Entertainment', 'Interplay Entertainment'),
(833, 'Command & Conquer: Red Alert 3 – Commanders Challenge', 'Real Time Strategy (RTS)', 'Science fiction', 0, '0000-00-00', 'PlayStation 3', 'EA Los Angeles', 'EA Los Angeles'),
(834, 'Port Royale: Gold, Power and Pirates', 'Strategy', 'Business', 0, '0000-00-00', 'Microsoft Windows', 'Ascaron Entertainment', 'Ascaron Entertainment'),
(835, 'Master of Atlantis - Poseidon', 'Real Time Strategy (RTS)', 'unknown', 0, '0000-00-00', 'Microsoft Windows', 'Sierra Entertainment', 'Sierra Entertainment'),
(836, 'Prince of Persia: The Sands of Time', 'Platform', 'Action', 8.78205, '0000-00-00', 'Game Boy Advance', 'Ubisoft Entertainment', 'Ubisoft Entertainment'),
(837, 'Prince of Persia: Warrior Within', 'Platform', 'Action', 8.46692, '0000-00-00', 'Microsoft Windows', 'Ubisoft Montreal', 'Ubisoft Montreal'),
(838, 'Pro Pinball: Big Race USA', 'Pinball', 'unknown', 0, '0000-00-00', 'Microsoft Windows', 'Empire Interactive', 'Empire Interactive'),
(839, 'Race – The Official WTCC Game', 'Racing', 'Non-fiction', 0, '0000-00-00', 'Microsoft Windows', 'Eidos Interactive', 'Eidos Interactive'),
(840, 'Railroad Tycoon 3', 'Simulator', 'Business', 0, '0000-00-00', 'Mac', 'Gathering of Developers', 'Gathering of Developers'),
(841, 'Rallisport Challenge', 'Racing', 'Non-fiction', 0, '0000-00-00', 'Microsoft Windows', 'Microsoft Game Studios', 'Microsoft Game Studios'),
(842, 'Rally Trophy', 'Racing', 'Non-fiction', 8.48278, '0000-00-00', 'Microsoft Windows', 'JoWooD Entertainment AG', 'JoWooD Entertainment AG'),
(843, 'Rayman 2: The Great Escape', 'Platform', 'unknown', 7.07842, '0000-00-00', 'Nintendo 64', 'Ubisoft Entertainment', 'Ubisoft Entertainment'),
(844, 'Realms of the Haunting', 'Shooter', 'Thriller', 0, '0000-00-00', 'PC DOS', 'Interplay Entertainment', 'Interplay Entertainment'),
(845, 'Red Baron II', 'Simulator', 'Historical', 0, '0000-00-00', 'Microsoft Windows', 'Sierra Entertainment', 'Sierra Entertainment'),
(846, 'Red Faction: Guerrilla', 'Shooter', 'Science fiction', 7.70301, '0000-00-00', 'PlayStation 3', 'THQ', 'THQ'),
(847, 'Resident Evil 5', 'Shooter', 'Survival', 8.51247, '0000-00-00', 'PlayStation 3', 'Capcom', 'Capcom'),
(848, 'Rise of Nations', 'Real Time Strategy (RTS)', 'Warfare', 8.01684, '0000-00-00', 'Mac', 'Microsoft Game Studios', 'Microsoft Game Studios'),
(849, 'Rise of Nations: Thrones & Patriots', 'Real Time Strategy (RTS)', 'unknown', 0, '0000-00-00', 'Microsoft Windows', 'Microsoft Game Studios', 'Microsoft Game Studios'),
(850, 'Rising Sun', 'Turn-based strategy (TBS)', 'unknown', 0, '0000-00-00', 'Microsoft Windows', 'TalonSoft', 'TalonSoft'),
(851, 'Robin Hood: The Legend of Sherwood', 'Strategy', 'Historical', 8.71731, '0000-00-00', 'Linux', 'Strategy First', 'Strategy First'),
(852, 'Kings Quest II: Romancing the Throne', 'Puzzle', 'Fantasy', 0, '0000-00-00', 'PC DOS', 'Sierra On-Line', 'Sierra On-Line'),
(853, 'Sacrifice', 'Real Time Strategy (RTS)', 'Action', 8.1568, '0000-00-00', 'Microsoft Windows', 'Interplay Entertainment', 'Interplay Entertainment'),
(854, 'Sam & Max: Beyond Time and Space', 'Point-and-click', 'Comedy', 0, '0000-00-00', 'Microsoft Windows', 'Telltale Games', 'Telltale Games'),
(855, 'Sammy Sosa High Heat Baseball 2001', 'Sport', 'Non-fiction', 0, '0000-00-00', 'Microsoft Windows', 'The 3DO Company', 'The 3DO Company'),
(856, 'NHL 2003', 'Sport', 'Non-fiction', 0, '0000-00-00', 'Microsoft Windows', 'EA Sports', 'EA Sports'),
(857, 'Serious Sam: The First Encounter', 'Shooter', 'Science fiction', 8.19981, '0000-00-00', 'Linux', 'Gathering of Developers', 'Gathering of Developers'),
(858, 'Serious Sam: The Second Encounter', 'Shooter', 'Science fiction', 7.94038, '0000-00-00', 'Microsoft Windows', 'Gathering of Developers', 'Gathering of Developers'),
(859, 'Seven Kingdoms', 'Real Time Strategy (RTS)', 'Historical', 0, '0000-00-00', 'Microsoft Windows', 'Enlight Software', 'Enlight Software'),
(860, 'Seven Kingdoms II: The Fryhtan Wars', 'Real Time Strategy (RTS)', 'Fantasy', 0, '0000-00-00', 'Microsoft Windows', 'Ubisoft Entertainment', 'Ubisoft Entertainment'),
(861, 'Shivers Two: Harvest of Souls', 'Point-and-click', 'Horror', 0, '0000-00-00', 'Microsoft Windows', 'Sierra On-Line', 'Sierra On-Line'),
(862, 'Sam & Max: Save the World', 'Point-and-click', 'Comedy', 0, '0000-00-00', 'Microsoft Windows', 'Telltale Games', 'Telltale Games'),
(863, 'Sid Meiers Alpha Centauri', 'Turn-based strategy (TBS)', 'Science fiction', 8.40656, '0000-00-00', 'Microsoft Windows', 'Electronic Arts', 'Electronic Arts'),
(864, 'Sid Meiers Antietam!', 'Real Time Strategy (RTS)', 'Historical', 0, '0000-00-00', 'Microsoft Windows', 'Firaxis Games', 'Firaxis Games'),
(865, 'Sid Meiers Civilization IV: Warlords', 'Turn-based strategy (TBS)', '4X (explore, expand, exploit, and exterminate)', 7.3983, '0000-00-00', 'Microsoft Windows', 'Take-Two Interactive', 'Take-Two Interactive'),
(866, 'Sid Meiers Civilization V', 'Strategy', '4X (explore, expand, exploit, and exterminate)', 8.76871, '0000-00-00', 'Microsoft Windows', '2K Games', '2K Games'),
(867, 'Sid Meiers Gettysburg!', 'Real Time Strategy (RTS)', 'Historical', 0, '0000-00-00', 'Microsoft Windows', 'Electronic Arts', 'Electronic Arts'),
(868, 'Sid Meiers Pirates!', 'Adventure', 'Action', 8.39274, '0000-00-00', 'Mac', 'Firaxis Games', 'Firaxis Games'),
(869, 'Sid Meiers SimGolf', 'Strategy', 'Non-fiction', 0, '0000-00-00', 'Microsoft Windows', 'Electronic Arts', 'Electronic Arts'),
(870, 'Silent Hunter III', 'Simulator', 'Warfare', 0, '0000-00-00', 'Microsoft Windows', 'Ubisoft Entertainment', 'Ubisoft Entertainment'),
(871, 'Silent Thunder: A-10 Tank Killer II', 'Simulator', 'unknown', 0, '0000-00-00', 'Microsoft Windows', 'Sierra Entertainment', 'Sierra Entertainment'),
(872, 'Sins of a Solar Empire', 'Real Time Strategy (RTS)', 'Science fiction', 0, '0000-00-00', 'Microsoft Windows', 'Stardock', 'Stardock'),
(873, 'Saints Row: The Third', 'Shooter', 'Action', 8.25535, '0000-00-00', 'Microsoft Windows', 'Volition Inc', 'Volition Inc'),
(874, 'Tom Clancys Splinter Cell: Pandora Tomorrow', 'Tactical', 'Stealth', 8.74671, '0000-00-00', 'Game Boy Advance', 'Ubisoft Shanghai', 'Ubisoft Shanghai'),
(875, 'NHL 08', 'Sport', 'Non-fiction', 0, '0000-00-00', 'Microsoft Windows', 'EA Canada', 'EA Canada'),
(876, 'Icewind Dale II', 'Role-playing (RPG)', 'Fantasy', 8.10091, '0000-00-00', 'Microsoft Windows', 'Black Isle Studios', 'Black Isle Studios'),
(877, 'Star Trek: Voyager – Elite Force', 'Shooter', 'Science fiction', 7.00386, '0000-00-00', 'Microsoft Windows', 'Raven Software', 'Raven Software'),
(878, 'Isle of the Dead', 'Shooter', 'Action', 0, '0000-00-00', 'PC DOS', 'Rainmaker Software', 'Rainmaker Software'),
(879, 'Commandos: Behind Enemy Lines', 'Strategy', 'Historical', 8.35417, '0000-00-00', 'Microsoft Windows', 'Pyro Studios', 'Pyro Studios'),
(880, 'Resident Evil 2', 'Shooter', 'Survival', 8.66687, '0000-00-00', 'PlayStation', 'Capcom', 'Capcom'),
(881, 'Starsiege: Tribes', 'Shooter', 'Science fiction', 0, '0000-00-00', 'Microsoft Windows', 'Sierra On-Line', 'Sierra On-Line'),
(882, 'Steel Beasts', 'Simulator', 'unknown', 0, '0000-00-00', 'Microsoft Windows', 'Shrapnel Games', 'Shrapnel Games'),
(883, 'Steel Panthers II: Modern Battles', 'Turn-based strategy (TBS)', 'Warfare', 0, '0000-00-00', 'PC DOS', 'SSI (Strategic Simulations, Inc.)', 'SSI (Strategic Simulations, Inc.)'),
(884, 'Street Fighter IV', 'Fighting', 'unknown', 8.11776, '0000-00-00', 'PlayStation 3', 'Capcom', 'Capcom'),
(885, 'Super Meat Boy', 'Platform', 'unknown', 9.0312, '0000-00-00', 'Xbox Live Arcade', 'Team Meat', 'Team Meat'),
(886, 'Superbike 2000', 'Racing', 'Non-fiction', 0, '0000-00-00', 'PlayStation', 'Electronic Arts', 'Electronic Arts'),
(887, 'Superbike 2001', 'Racing', 'Non-fiction', 0, '0000-00-00', 'Microsoft Windows', 'Electronic Arts', 'Electronic Arts'),
(888, 'Supreme Commander: Forged Alliance', 'Real Time Strategy (RTS)', 'Science fiction', 0, '0000-00-00', 'Microsoft Windows', 'THQ', 'THQ'),
(889, 'SWIV 3D', 'Shooter', 'Action', 0, '0000-00-00', 'Microsoft Windows', 'SCi Games', 'SCi Games'),
(890, 'Syberia', 'Puzzle', 'Drama', 8.54901, '0000-00-00', 'Microsoft Windows', '1C Company', '1C Company'),
(891, 'Team Fortress 2', 'Shooter', 'Action', 8.32163, '0000-00-00', 'Microsoft Windows', 'Electronic Arts', 'Electronic Arts'),
(892, 'Kings Quest: Quest for the Crown', 'Puzzle', 'Fantasy', 0, '0000-00-00', 'PC DOS', 'Sierra On-Line', 'Sierra On-Line'),
(893, 'Kings Quest III: To Heir Is Human', 'Puzzle', 'Fantasy', 0, '0000-00-00', 'PC DOS', 'Sierra On-Line', 'Sierra On-Line'),
(894, 'The Elder Scrolls IV: Shivering Isles', 'Role-playing (RPG)', 'Fantasy', 9.13411, '0000-00-00', 'Microsoft Windows', 'Bethesda Softworks', 'Bethesda Softworks'),
(895, 'The Longest Journey', 'Point-and-click', 'Science fiction', 8.9292, '0000-00-00', 'Microsoft Windows', 'Funcom', 'Funcom'),
(896, 'The Operational Art of War I: 1939-1955', 'Turn-based strategy (TBS)', 'Historical', 0, '0000-00-00', 'Microsoft Windows', 'TalonSoft', 'TalonSoft'),
(897, 'The Operative: No One Lives Forever', 'Shooter', 'Stealth', 8.70914, '0000-00-00', 'Microsoft Windows', 'Fox Interactive', 'Fox Interactive'),
(898, 'The Sims 3: World Adventures', 'Simulator', 'unknown', 0, '0000-00-00', 'iOS', 'The Sims Studio', 'The Sims Studio'),
(899, 'The Sims: Hot Date', 'Simulator', 'unknown', 0, '0000-00-00', 'Mac', 'Maxis', 'Maxis'),
(900, 'Command & Conquer: Tiberian Sun: Firestorm', 'Real Time Strategy (RTS)', 'Science fiction', 8.09676, '0000-00-00', 'Microsoft Windows', 'Westwood Studios', 'Westwood Studios'),
(901, 'The Wheel of Time', 'Shooter', 'Fantasy', 0, '0000-00-00', 'Microsoft Windows', 'GT Interactive', 'GT Interactive'),
(902, 'Sid Meiers Civilization', 'Turn-based strategy (TBS)', '4X (explore, expand, exploit, and exterminate)', 8.89947, '0000-00-00', 'Microsoft Windows', 'Koei', 'Koei'),
(903, 'Tiger Woods PGA Tour 06', 'Sport', 'Non-fiction', 0, '0000-00-00', 'Microsoft Windows', 'EA Sports', 'EA Sports'),
(904, 'Tiger Woods PGA Tour 2003', 'Sport', 'Non-fiction', 0, '0000-00-00', 'Xbox', 'Electronic Arts', 'Electronic Arts'),
(905, 'Tiger Woods PGA Tour 2004', 'Sport', 'Non-fiction', 0, '0000-00-00', 'Game Boy Advance', 'EA Sports', 'EA Sports'),
(906, 'Tiger Woods PGA Tour 2005', 'Sport', 'Non-fiction', 0, '0000-00-00', 'Microsoft Windows', 'EA Sports', 'EA Sports'),
(907, 'TOCA Race Driver 3', 'Racing', 'Non-fiction', 8.43893, '0000-00-00', 'Mac', 'Codemasters', 'Codemasters'),
(908, 'Tom Clancys Rainbow Six 3: Raven Shield', 'Shooter', 'unknown', 7.5002, '0000-00-00', 'Microsoft Windows', 'Ubisoft Entertainment', 'Ubisoft Entertainment'),
(909, 'Tom Clancys Rainbow Six: Vegas', 'Shooter', 'Action', 7.01846, '0000-00-00', 'Xbox 360', 'Ubisoft Entertainment', 'Ubisoft Entertainment'),
(910, 'Tom Clancys Splinter Cell', 'Tactical', 'Stealth', 8.43741, '0000-00-00', 'Game Boy Advance', 'Ubisoft Montreal', 'Ubisoft Montreal'),
(911, 'Tom Clancys Splinter Cell: Chaos Theory', 'Tactical', 'Stealth', 8.63, '0000-00-00', 'Microsoft Windows', 'Ubisoft Montreal', 'Ubisoft Montreal'),
(912, 'Tomb Raider', 'Platform', 'Action', 8.5847, '0000-00-00', 'Sega Saturn', 'Eidos Interactive', 'Eidos Interactive'),
(913, 'Tony Hawks Pro Skater 2', 'Sport', 'unknown', 8.32233, '0000-00-00', 'Microsoft Windows', 'Activision', 'Activision'),
(914, 'Tony Hawks Pro Skater 3', 'Sport', 'Non-fiction', 7.53677, '0000-00-00', 'PlayStation 2', 'Activision', 'Activision'),
(915, 'Tony Hawks Pro Skater 4', 'Sport', 'Non-fiction', 7.71381, '0000-00-00', 'Nintendo GameCube', 'Aspyr Media', 'Aspyr Media'),
(916, 'Toonstruck', 'Point-and-click', 'Comedy', 0, '0000-00-00', 'Mac', 'Virgin Interactive', 'Virgin Interactive'),
(917, 'Total Air War', 'Simulator', 'unknown', 0, '0000-00-00', 'Microsoft Windows', 'Infogrames', 'Infogrames'),
(918, 'Total Annihilation', 'Real Time Strategy (RTS)', 'Science fiction', 9.21148, '0000-00-00', 'Mac', 'GT Interactive', 'GT Interactive'),
(919, 'Beneath a Steel Sky: Remastered', 'Point-and-click', 'Science fiction', 0, '0000-00-00', 'iOS', 'Revolution Software', 'Revolution Software'),
(920, 'Trainz', 'Simulator', 'unknown', 0, '0000-00-00', 'Microsoft Windows', 'Auran Games', 'Auran Games'),
(921, 'Trevor Chans Capitalism II', 'Simulator', 'Business', 0, '0000-00-00', 'Microsoft Windows', 'Ubisoft Entertainment', 'Ubisoft Entertainment'),
(922, 'Tribes 2', 'Shooter', 'Science fiction', 0, '0000-00-00', 'Microsoft Windows', 'Sierra Entertainment', 'Sierra Entertainment'),
(923, 'Tribes: Vengeance', 'Shooter', 'Science fiction', 0, '0000-00-00', 'Microsoft Windows', 'VU Games', 'VU Games'),
(924, 'Wing Commander', 'Simulator', 'Science fiction', 0, '0000-00-00', 'Mac', 'Origin Systems', 'Origin Systems'),
(925, 'UEFA Euro 2004: Portugal', 'Sport', 'Non-fiction', 0, '0000-00-00', 'Microsoft Windows', 'Electronic Arts', 'Electronic Arts'),
(926, 'Unreal Tournament 2003', 'Shooter', 'Science fiction', 8.88844, '0000-00-00', 'Linux', 'Atari', 'Atari'),
(927, 'Unreal Tournament 2004', 'Shooter', 'Science fiction', 8.58843, '0000-00-00', 'Linux', 'MacSoft Games', 'MacSoft Games'),
(928, 'Unreal Tournament III', 'Shooter', 'Science fiction', 7.97917, '0000-00-00', 'Microsoft Windows', 'Midway Games', 'Midway Games'),
(929, 'War Wind', 'Real Time Strategy (RTS)', 'Fantasy', 0, '0000-00-00', 'Microsoft Windows', 'SSI (Strategic Simulations, Inc.)', 'SSI (Strategic Simulations, Inc.)'),
(930, 'WarBirds', 'Simulator', 'unknown', 0, '0000-00-00', 'Microsoft Windows', 'Interactive Magic', 'Interactive Magic'),
(931, 'Warlords III: Darklords Rising', 'Turn-based strategy (TBS)', 'Fantasy', 0, '0000-00-00', 'Microsoft Windows', 'Red Orb Entertainment', 'Red Orb Entertainment'),
(932, 'Warlords III: Reign of Heroes', 'Real Time Strategy (RTS)', 'Fantasy', 0, '0000-00-00', 'Microsoft Windows', 'Broderbund', 'Broderbund'),
(933, 'Wik & the Fable of Souls', 'Platform', 'unknown', 0, '0000-00-00', 'Microsoft Windows', 'Reflexive Entertainment', 'Reflexive Entertainment'),
(934, 'Wing Commander IV: The Price of Freedom', 'Simulator', 'Science fiction', 8.93285, '0000-00-00', 'Mac', 'Electronic Arts', 'Electronic Arts'),
(935, 'Wing Commander: Prophecy', 'Simulator', 'Science fiction', 0, '0000-00-00', 'Microsoft Windows', 'Electronic Arts', 'Electronic Arts'),
(936, 'Pro Evolution Soccer 3', 'Sport', 'Non-fiction', 0, '0000-00-00', 'Microsoft Windows', 'Konami', 'Konami'),
(937, 'Viper Racing', 'Simulator', 'unknown', 0, '0000-00-00', 'Microsoft Windows', 'Sierra Entertainment', 'Sierra Entertainment'),
(938, 'Virtual Pool 3', 'Sport', 'unknown', 0, '0000-00-00', 'Microsoft Windows', 'Interplay Entertainment', 'Interplay Entertainment'),
(939, 'Wizardry 8', 'Role-playing (RPG)', 'Fantasy', 0, '0000-00-00', 'Microsoft Windows', 'Sir-tech Software', 'Sir-tech Software'),
(940, 'Wing Commander II: Vengeance of the Kilrathi', 'Simulator', 'unknown', 0, '0000-00-00', 'PC DOS', 'Origin Systems', 'Origin Systems'),
(941, 'World in Conflict', 'Real Time Strategy (RTS)', 'unknown', 7.51697, '0000-00-00', 'Microsoft Windows', 'Sierra Entertainment', 'Sierra Entertainment'),
(942, 'World of Goo', 'Indie', 'Sandbox', 8.01189, '0000-00-00', 'Microsoft Windows', 'Brighter Minds', 'Brighter Minds'),
(943, 'Colin McRae: Dirt', 'Racing', 'Non-fiction', 8.45428, '0000-00-00', 'Microsoft Windows', 'Codemasters', 'Codemasters'),
(944, 'Football Manager 2005', 'Strategy', 'unknown', 0, '0000-00-00', 'Mac', 'Sega', 'Sega'),
(945, 'Football Manager 2007', 'Strategy', 'unknown', 0, '0000-00-00', 'Mac', 'Sports Interactive', 'Sports Interactive'),
(946, 'Football Manager 2008', 'Strategy', 'unknown', 0, '0000-00-00', 'Mac', 'Sega', 'Sega'),
(947, 'Worms 2', 'Strategy', 'unknown', 8.27512, '0000-00-00', 'Microsoft Windows', 'MicroProse', 'MicroProse'),
(948, 'Worms Armageddon', 'Strategy', 'unknown', 8.13499, '0000-00-00', 'Dreamcast', 'MicroProse', 'MicroProse'),
(949, 'Call of Duty 3', 'Shooter', 'Warfare', 7.00768, '0000-00-00', 'PlayStation 2', 'Activision', 'Activision'),
(950, 'Janes Combat Simulations: WWII Fighters', 'Simulator', 'Warfare', 0, '0000-00-00', 'Microsoft Windows', 'Electronic Arts', 'Electronic Arts'),
(951, 'Carmageddon II: Carpocalypse Now', 'Racing', 'Action', 7.98204, '0000-00-00', 'Game Boy Color', 'Stainless Games', 'Stainless Games'),
(952, 'NHL 12', 'Sport', 'Non-fiction', 0, '0000-00-00', 'PlayStation 3', 'EA Canada', 'EA Canada'),
(953, 'NHL 10', 'Sport', 'Non-fiction', 0, '0000-00-00', 'PlayStation 3', 'EA Canada', 'EA Canada'),
(954, 'NHL 11', 'Sport', 'Non-fiction', 0, '0000-00-00', 'PlayStation 3', 'EA Canada', 'EA Canada'),
(955, 'Under a Killing Moon', 'Point-and-click', 'Thriller', 0, '0000-00-00', 'Mac', 'Access Software', 'Access Software'),
(956, 'Duke Nukem II', 'Platform', 'Science fiction', 0, '0000-00-00', 'PC DOS', 'Apogee Software', 'Apogee Software'),
(957, 'Duke Nukem', 'Platform', 'Science fiction', 7.25705, '0000-00-00', 'PC DOS', 'Apogee Software', 'Apogee Software'),
(958, 'Zeus: Master of Olympus', 'Strategy', 'unknown', 0, '0000-00-00', 'Microsoft Windows', 'Sierra Entertainment', 'Sierra Entertainment'),
(959, 'Command & Conquer: Red Alert 3', 'Real Time Strategy (RTS)', 'Science fiction', 6.98341, '0000-00-00', 'Microsoft Windows', 'EA Los Angeles', 'EA Los Angeles'),
(960, 'Max Payne 3', 'Shooter', 'Thriller', 8.65862, '0000-00-00', 'PlayStation 3', 'Rockstar Games', 'Rockstar Games'),
(961, 'Commandos: Beyond the Call of Duty', 'Strategy', 'Stealth', 9.02106, '0000-00-00', 'Microsoft Windows', 'Pyro Studios', 'Pyro Studios'),
(962, 'Sid Meiers Railroad Tycoon', 'Strategy', 'Business', 0, '0000-00-00', 'Mac', 'MicroProse', 'MicroProse'),
(963, 'Sid Meiers Railroad Tycoon Deluxe', 'Strategy', 'Business', 0, '0000-00-00', 'Amiga', 'MicroProse', 'MicroProse'),
(964, 'Stronghold Crusader', 'Real Time Strategy (RTS)', 'Historical', 8.95675, '0000-00-00', 'Microsoft Windows', 'Firefly Studios', 'Firefly Studios'),
(965, 'Stronghold', 'Strategy', 'unknown', 8.34681, '0000-00-00', 'Mac', 'Firefly Studios', 'Firefly Studios'),
(966, 'Resident Evil 3: Nemesis', 'Shooter', 'Survival', 8.44252, '0000-00-00', 'PlayStation', 'Capcom', 'Capcom'),
(967, 'Resident Evil Survivor', 'Shooter', 'Survival', 6, '0000-00-00', 'PlayStation', 'Capcom', 'Capcom'),
(968, 'Resident Evil Code: Veronica', 'Shooter', 'Survival', 7.30226, '0000-00-00', 'Dreamcast', 'Capcom Production Studio 4', 'Capcom Production Studio 4'),
(969, 'Resident Evil Gaiden', 'unknown', 'Survival', 0, '0000-00-00', 'Game Boy Color', 'Capcom', 'Capcom'),
(970, 'Resident Evil Zero', 'Shooter', 'Survival', 7.84087, '0000-00-00', 'Nintendo GameCube', 'Capcom Production Studio 3', 'Capcom Production Studio 3'),
(971, 'Resident Evil: Dead Aim', 'Shooter', 'Survival', 0, '0000-00-00', 'PlayStation 2', 'Capcom Production Studio 3', 'Capcom Production Studio 3'),
(972, 'Resident Evil: Outbreak', 'Adventure', 'Action', 7.78306, '0000-00-00', 'PlayStation 2', 'Capcom', 'Capcom'),
(973, 'Resident Evil Outbreak File #2', 'Shooter', 'Survival', 0, '0000-00-00', 'PlayStation 2', 'Capcom', 'Capcom'),
(974, 'Resident Evil 4', 'Shooter', 'Action', 9.04765, '0000-00-00', 'Nintendo GameCube', 'Capcom', 'Capcom'),
(975, 'Resident Evil: The Umbrella Chronicles', 'Shooter', 'Action', 6.3822, '0000-00-00', 'Wii', 'Cavia', 'Cavia'),
(976, 'Resident Evil: The Mercenaries 3D', 'Shooter', 'Action', 0, '0000-00-00', 'Nintendo 3DS', 'Tose', 'Tose'),
(977, 'Resident Evil: Operation Raccoon City', 'Shooter', 'Action', 5.90655, '0000-00-00', 'Microsoft Windows', 'Slant Six Games', 'Slant Six Games'),
(978, 'Resident Evil: Revelations', 'Adventure', 'Action', 7.94534, '0000-00-00', 'Nintendo 3DS', 'Capcom', 'Capcom'),
(979, 'Call of Duty: Modern Warfare 3', 'Shooter', 'Action', 6.91878, '0000-00-00', 'Wii', 'Activision', 'Activision'),
(980, 'Grand Theft Auto', 'Shooter', 'Action', 8.13214, '0000-00-00', 'Microsoft Windows', 'Tarantula Studios', 'Tarantula Studios'),
(981, 'Rayman Origins', 'Platform', 'Fantasy', 8.48209, '0000-00-00', 'PlayStation 3', 'Ubisoft Montpellier', 'Ubisoft Montpellier'),
(982, 'Heavy Fire: Afghanistan', 'Shooter', 'Action', 0, '0000-00-00', 'PlayStation 3', 'Teyon', 'Teyon'),
(983, 'Tom Clancys H.A.W.X', 'Shooter', 'unknown', 6.65479, '0000-00-00', 'PlayStation 3', 'Ubisoft Romania', 'Ubisoft Romania'),
(984, 'Tom Clancys H.A.W.X 2', 'Simulator', 'Action', 0, '0000-00-00', 'Xbox 360', 'Ubisoft Romania', 'Ubisoft Romania'),
(985, 'Dead Space: Extraction', 'Shooter', 'Science fiction', 0, '0000-00-00', 'Wii', 'Visceral Games', 'Visceral Games'),
(986, 'Halo 2', 'Shooter', 'Science fiction', 8.66081, '0000-00-00', 'Xbox', 'Pi Studios', 'Pi Studios'),
(987, 'Halo 3', 'Shooter', 'Science fiction', 8.84323, '0000-00-00', 'Xbox 360', 'Bungie', 'Bungie'),
(988, 'Halo Wars', 'Real Time Strategy (RTS)', 'Warfare', 7.57103, '0000-00-00', 'Xbox 360', 'Ensemble Studios', 'Ensemble Studios'),
(989, 'Halo 3: ODST', 'Shooter', 'Warfare', 8.15634, '0000-00-00', 'Xbox 360', 'Bungie', 'Bungie'),
(990, 'Halo: Reach', 'Shooter', 'Action', 8.95874, '0000-00-00', 'Xbox 360', 'Bungie', 'Bungie'),
(991, 'Halo 4', 'Shooter', 'Warfare', 8.99048, '0000-00-00', 'Xbox 360', 'Microsoft Game Studios', 'Microsoft Game Studios'),
(992, 'Silent Hunter II', 'Simulator', 'Warfare', 0, '0000-00-00', 'Microsoft Windows', 'Aeon Electronic Entertainment', 'Aeon Electronic Entertainment'),
(993, 'Silent Hunter 4: Wolves of the Pacific', 'Simulator', 'Warfare', 0, '0000-00-00', 'Microsoft Windows', 'Ubisoft Romania', 'Ubisoft Romania'),
(994, 'Silent Hunter 4: Wolves of the Pacific - U-Boat Missions', 'Simulator', 'Warfare', 0, '0000-00-00', 'Microsoft Windows', 'Ubisoft Romania', 'Ubisoft Romania'),
(995, 'Silent Hunter 5: Battle of the Atlantic', 'Simulator', 'Warfare', 0, '0000-00-00', 'Microsoft Windows', 'Ubisoft Romania', 'Ubisoft Romania'),
(996, 'Army of Two', 'Shooter', 'Action', 4.32284, '0000-00-00', 'PlayStation 3', 'EA Montreal', 'EA Montreal'),
(997, 'Army of Two: The 40th Day', 'Shooter', 'Action', 0, '0000-00-00', 'PlayStation 3', 'EA Montreal', 'EA Montreal'),
(998, 'Uncharted: Golden Abyss', 'Platform', 'Action', 7.20724, '0000-00-00', 'PlayStation Vita', 'SCE Bend Studio', 'SCE Bend Studio'),
(999, 'Oddworld: Abes Oddysee', 'Platform', 'Action', 8.49173, '0000-00-00', 'PlayStation', 'Oddworld Inhabitants', 'Oddworld Inhabitants'),
(1000, 'Oddworld: Abes Exoddus', 'Platform', 'Action', 7.98164, '0000-00-00', 'Microsoft Windows', 'Oddworld Inhabitants', 'Oddworld Inhabitants');

-- --------------------------------------------------------

--
-- Structure de la table `Game`
--

DROP TABLE IF EXISTS `Game`;
CREATE TABLE IF NOT EXISTS `Game` (
  `idGame` int(11) NOT NULL,
  `GameName` varchar(100) NOT NULL,
  `Rating` float NOT NULL,
  `ReleaseDate` date NOT NULL,
  PRIMARY KEY  (`idGame`)
) ENGINE=InnoDB DEFAULT CHARSET=latin1;

--
-- Contenu de la table `Game`
--

INSERT INTO `Game` (`idGame`, `GameName`, `Rating`, `ReleaseDate`) VALUES
(1, 'Thief II: The Metal Age', 9.13119, '2000-03-21'),
(2, 'Thief: The Dark Project', 8.39062, '1998-11-30'),
(3, 'Thief: Deadly Shadows', 8.04091, '2004-05-25'),
(4, 'Thief', 7.17337, '2014-02-25'),
(5, 'Baldurs Gate', 9.0846, '1998-11-30'),
(6, 'Baldurs Gate II: Shadows Of Amn', 9.36577, '2000-09-24'),
(7, 'Jagged Alliance', 0, '1994-06-02'),
(8, 'Jagged Alliance: Deadly Games', 0, '0000-00-00'),
(9, 'Jagged Alliance 2', 8.99596, '1999-07-23'),
(10, 'Jade Empire: Special Edition', 8.85779, '2005-04-12'),
(11, 'Vampire: The Masquerade - Bloodlines', 9.06693, '2004-11-16'),
(12, 'Vampire: The Masquerade - Redemption', 8.48235, '2000-06-07'),
(13, 'Fallout', 8.91979, '1997-09-30'),
(14, 'Fallout 2', 8.97385, '1998-09-30'),
(15, 'Fallout 3', 8.79272, '2008-10-28'),
(16, 'Fallout: New Vegas', 8.91661, '2010-10-19'),
(17, 'Fallout Tactics: Brotherhood Of Steel', 6.98015, '2001-03-15'),
(18, 'Max Payne', 9.18291, '2001-07-23'),
(19, 'Max Payne 2: The Fall Of Max Payne', 8.65202, '2003-10-24'),
(20, 'BioShock', 8.91896, '2007-08-21'),
(21, 'BioShock 2', 8.45943, '2010-02-09'),
(22, 'System Shock 2', 9.36646, '1999-08-11'),
(23, 'System Shock', 7.99914, '1994-09-22'),
(24, 'UFO: Enemy Unknown', 9.10062, '1995-10-25'),
(25, 'X-COM: Terror From The Deep', 8.59164, '0000-00-00'),
(26, 'X-COM: Apocalypse', 0, '1997-06-30'),
(27, 'X-COM: Interceptor', 0, '1998-05-31'),
(28, 'Space Quest: The Sarien Encounter', 0, '1987-10-01'),
(29, 'Space Quest II: Vohauls Revenge', 0, '1987-11-14'),
(30, 'Space Quest III: The Pirates Of Pestulon', 8.79733, '0000-00-00'),
(31, 'Space Quest IV: Roger Wilco And The Time Rippers', 0, '0000-00-00'),
(32, 'Space Quest V: The Next Mutation', 0, '0000-00-00'),
(33, 'Space Quest 6: The Spinal Frontier', 0, '0000-00-00'),
(34, 'Giants: Citizen Kabuto', 0, '2000-12-06'),
(35, 'Dungeon Keeper', 9.0474, '1997-06-26'),
(36, 'Dungeon Keeper 2', 9.20055, '1999-06-30'),
(37, 'Dead Space', 8.74795, '2008-10-14'),
(38, 'Dead Space 2', 8.86021, '2011-01-25'),
(39, 'Mafia', 9.54461, '2002-08-28'),
(40, 'Mafia II', 8.21731, '2010-08-24'),
(41, 'Deus Ex', 9.5395, '2000-06-26'),
(42, 'Deus Ex: Invisible War', 8.01301, '2003-12-02'),
(43, 'Deus Ex: Human Revolution', 8.64646, '2011-08-23'),
(44, 'Overlord', 7.9558, '2007-06-26'),
(45, 'Overlord: Raising Hell', 7.02673, '2008-02-15'),
(46, 'Overlord II', 7.82866, '2009-06-23'),
(47, 'Overlord: Dark Legend', 0, '2009-06-23'),
(48, 'Overlord: Minions', 0, '2009-06-23'),
(49, 'Syndicate', 8.76975, '0000-00-00'),
(50, 'Syndicate: American Revolt', 0, '0000-00-00'),
(51, 'Syndicate Wars', 0, '1996-10-31'),
(52, 'The Elder Scrolls: Arena', 0, '1994-04-01'),
(53, 'The Elder Scrolls: Chapter II - Daggerfall', 0, '1996-08-31'),
(54, 'An Elder Scrolls Legend: Battlespire', 0, '1997-11-30'),
(55, 'The Elder Scrolls Adventures: Redguard', 0, '1998-10-31'),
(56, 'The Elder Scrolls III: Morrowind', 8.83106, '2002-05-01'),
(57, 'The Elder Scrolls III: Tribunal', 7.81511, '2002-11-06'),
(58, 'The Elder Scrolls III: Bloodmoon', 8.31821, '2003-06-03'),
(59, 'The Elder Scrolls IV: Oblivion', 9.04739, '2006-03-20'),
(60, 'The Secret of Monkey Island', 8.95986, '1990-10-01'),
(61, 'Monkey Island 2: LeChucks Revenge', 9.22315, '1991-12-01'),
(62, 'The Curse of Monkey Island', 8.50431, '1997-10-31'),
(63, 'Escape from Monkey Island', 7.64763, '2000-11-01'),
(64, 'Tales of Monkey Island', 8.04463, '2009-07-07'),
(65, 'The Secret of Monkey Island: Special Edition', 8.89163, '2009-07-15'),
(66, 'Monkey Island 2 Special Edition: LeChuck’s Revenge', 8.8118, '2010-06-07'),
(67, 'Master of Orion', 8.36102, '1993-09-06'),
(68, 'Master of Orion II: Battle at Antares', 9.73143, '1996-10-31'),
(69, 'Master of Orion III', 0, '2003-02-25'),
(70, 'Terra Nova: Strike Force Centauri', 0, '1996-03-05'),
(71, 'Portal', 8.72216, '2007-10-09'),
(72, 'Portal 2', 9.13104, '2011-04-19'),
(73, 'Mass Effect', 9.27992, '2007-11-20'),
(74, 'Mass Effect 2', 9.22361, '2010-01-26'),
(75, 'Mass Effect 3', 9.22889, '2012-03-06'),
(76, 'Dragon Age: Origins', 8.6476, '2009-11-03'),
(77, 'Dragon Age: Origins Awakening', 8.82692, '2010-03-16'),
(78, 'Dragon Age II', 7.46478, '2011-03-08'),
(79, 'Stubbs the Zombie in Rebel Without a Pulse', 7.46126, '2005-10-18'),
(80, 'The Witcher', 8.5045, '2007-10-26'),
(81, 'Baldurs Gate: Tales of the Sword Coast', 8.00523, '1999-04-30'),
(82, 'Baldurs Gate II: Throne of Bhaal', 8.61029, '2001-06-21'),
(83, 'Baldurs Gate: Dark Alliance', 8.01403, '2001-12-02'),
(84, 'Baldurs Gate: Dark Alliance II', 8.00645, '2004-01-20'),
(85, 'Dune', 7.34898, '1993-12-01'),
(86, 'Dune II: The Building of a Dynasty', 8.98521, '1992-12-01'),
(87, 'Dune 2000', 7.86008, '1998-08-31'),
(88, 'Frank Herberts Dune', 0, '2001-12-14'),
(89, 'Emperor: Battle for Dune', 0, '2001-06-12'),
(90, 'The Need for Speed', 7.36034, '1995-08-31'),
(91, 'Need for Speed II', 7.02001, '1997-03-30'),
(92, 'Need for Speed III: Hot Pursuit', 8.14053, '1998-03-25'),
(93, 'Need for Speed: High Stakes', 6.98533, '1999-01-21'),
(94, 'Need for Speed: Porsche Unleashed', 9.27476, '2000-01-22'),
(95, 'Need for Speed: Hot Pursuit 2', 7.03266, '2002-09-30'),
(96, 'Need for Speed: Underground', 8.66854, '2003-05-06'),
(97, 'Need for Speed: Underground 2', 8.35832, '2004-05-11'),
(98, 'Need for Speed: Most Wanted', 8.491, '2005-03-20'),
(99, 'Need for Speed: Carbon', 7.25857, '2006-10-31'),
(100, 'Need for Speed: ProStreet', 6.30625, '2007-11-14'),
(101, 'Need for Speed: Undercover', 6.26326, '2008-11-18'),
(102, 'Need for Speed: Shift', 7.81595, '2009-09-18'),
(103, 'Need for Speed: Nitro', 0, '2009-11-03'),
(104, 'Need for Speed: World', 0, '2010-07-27'),
(105, 'Need for Speed: Hot Pursuit', 8.30467, '2010-11-16'),
(106, 'Zak McKracken and the Alien Mindbenders', 0, '1988-10-01'),
(107, 'Hidden & Dangerous 2', 7.80842, '2003-10-21'),
(108, 'Hidden & Dangerous: Devils Bridge', 0, '0000-00-00'),
(109, 'L.A. Noire', 8.21021, '2011-05-17'),
(110, 'Freddy Pharkas: Frontier Pharmacist', 0, '0000-00-00'),
(111, 'Amnesia: The Dark Descent', 8.85734, '2010-09-08'),
(112, 'Devil May Cry 4', 8.39353, '2008-01-31'),
(113, 'Assassins Creed: Brotherhood', 8.69598, '2010-11-16'),
(114, 'Star Wars: The Old Republic', 8.26901, '2011-12-20'),
(115, 'League of Legends', 7.03474, '2009-10-27'),
(116, 'Star Wars: Knights of the Old Republic', 9.2406, '2003-07-15'),
(117, 'The Last Guardian', 0, '2016-12-31'),
(118, 'Star Wars: Knights of the Old Republic II - The Sith Lords', 9.02076, '2004-12-06'),
(119, 'Mortal Kombat', 8.34492, '2011-04-19'),
(120, 'Diablo III', 8.67917, '2012-05-15'),
(121, 'Minecraft', 8.12031, '2011-10-07'),
(122, 'Left 4 Dead', 8.07675, '2008-11-18'),
(123, 'World of Warcraft', 8.07704, '2004-11-23'),
(124, 'Left 4 Dead 2', 8.17719, '2009-11-17'),
(125, 'Diablo', 8.52783, '1996-12-31'),
(126, 'Diablo II', 8.53047, '2000-06-29'),
(127, 'Assassins Creed II', 8.50009, '2009-11-17'),
(128, 'Assassins Creed', 7.60426, '2007-11-13'),
(129, 'Warcraft: Orcs & Humans', 7.96785, '1994-11-23'),
(130, 'Warcraft II: Tides of Darkness', 8.85823, '1995-12-09'),
(131, 'Warcraft II: Beyond the Dark Portal', 7.9729, '1996-04-30'),
(132, 'Warcraft III: Reign of Chaos', 9.04768, '2002-07-03'),
(133, 'Warcraft III: The Frozen Throne', 8.75806, '2003-07-01'),
(134, 'Devil May Cry', 8.7492, '2001-08-23'),
(135, 'Devil May Cry 2', 7.46355, '2003-01-25'),
(136, 'Devil May Cry 3: Dantes Awakening', 8.62199, '2005-02-17'),
(137, 'Star Wars: The Force Unleashed 2', 6.04298, '2010-10-26'),
(138, 'Lego Indiana Jones 2: The Adventure Continues', 0, '2009-11-17'),
(139, 'Star Wars Galactic Battlegrounds', 8.92499, '2001-11-13'),
(140, 'Star Wars Galactic Battlegrounds: Clone Campaigns', 0, '2002-05-14'),
(141, 'Star Wars Battlefront', 8.32048, '2004-09-20'),
(142, 'Star Wars Battlefront II', 8.84423, '2005-10-31'),
(143, 'Star Wars Demolition', 0, '2000-11-12'),
(144, 'Star Wars: Empire At War', 7.59047, '2006-02-16'),
(145, 'Star Wars Galaxies: An Empire Divided', 0, '2003-06-26'),
(146, 'Star Wars Galaxies: Episode III Rage of the Wookiees', 0, '2005-05-05'),
(147, 'Star Wars Galaxies: Jump to Lightspeed', 0, '2004-10-27'),
(148, 'Star Wars Republic Commando', 8.60936, '2005-02-17'),
(149, 'Star Wars Starfighter', 0, '2001-02-20'),
(150, 'Star Wars Jedi Knight: Dark Forces II', 8.66709, '1997-09-30'),
(151, 'Star Wars: Rebellion', 0, '1998-02-28'),
(152, 'Star Wars Jedi Knight II: Jedi Outcast', 8.51726, '2002-03-26'),
(153, 'Star Wars Jedi Knight: Jedi Academy', 8.77353, '2003-09-16'),
(154, 'Star Wars Episode I: Racer', 7.70222, '1999-05-01'),
(155, 'Star Wars: Yoda Stories', 0, '1997-03-31'),
(156, 'Star Wars: Episode I - Battle for Naboo', 0, '2000-12-18'),
(157, 'Star Wars: Dark Forces', 8.38983, '1995-02-28'),
(158, 'Star Wars Episode I: The Phantom Menace', 7.0506, '1999-04-30'),
(159, 'Star Wars: Force Commander', 0, '2000-03-22'),
(160, 'Star Wars: Jedi Knight - Mysteries of the Sith', 0, '1998-02-24'),
(161, 'Star Wars: Rebel Assault', 0, '1993-11-01'),
(162, 'Star Wars: Rebel Assault II - The Hidden Empire', 0, '1995-11-01'),
(163, 'Star Wars: Rogue Squadron', 7.64639, '1998-12-03'),
(164, 'Star Wars: Shadows of the Empire', 7.0021, '1996-12-03'),
(165, 'Star Wars: Super Return of the Jedi', 0, '1994-06-22'),
(166, 'Star Wars: TIE Fighter', 9.44769, '1994-01-01'),
(167, 'Star Wars: TIE Fighter - Defender of the Empire', 0, '1994-06-01'),
(168, 'Star Wars: X-Wing', 8.22701, '1993-02-01'),
(169, 'Star Wars: X-Wing Alliance', 8.43975, '1999-02-28'),
(170, 'Star Wars: X-Wing vs. TIE Fighter', 0, '1997-04-30'),
(171, 'Star Wars: X-Wing - B-Wing', 0, '0000-00-00'),
(172, 'Star Wars: X-Wing vs. TIE Fighter - Balance of Power', 0, '1997-04-30'),
(173, 'Star Wars: X-Wing Imperial Pursuit', 0, '0000-00-00'),
(174, 'Star Wars: Empire at War - Forces of Corruption', 0, '2006-10-24'),
(175, 'Afterlife', 0, '2015-04-09'),
(176, 'Ballblazer', 0, '1984-03-01'),
(177, 'Ballblazer Champions', 0, '1997-03-31'),
(178, 'Battlehawks 1942', 0, '1988-10-01'),
(179, 'Do 335 Pfeil Tour of Duty', 0, '0000-00-00'),
(180, 'Full Throttle', 8.45855, '1995-04-30'),
(181, 'Grim Fandango', 9.44257, '1998-10-30'),
(182, 'He-162 Volksjäger Tour Of Duty', 0, '0000-00-00'),
(183, 'Indiana Jones and His Desktop Adventures', 0, '1996-04-01'),
(184, 'Indiana Jones and the Fate of Atlantis: The Graphic Adventure', 9.599, '1992-06-01'),
(185, 'Indiana Jones and the Last Crusade: The Action Game', 0, '0000-00-00'),
(186, 'Indiana Jones and the Last Crusade: The Graphic Adventure', 0, '1989-07-01'),
(187, 'Indiana Jones and the Emperors Tomb', 0, '2003-02-24'),
(188, 'Indiana Jones and the Infernal Machine', 0, '1999-11-23'),
(189, 'Lego Indiana Jones: The Original Adventures', 7.86689, '2008-06-03'),
(190, 'Lego Star Wars II: The Original Trilogy', 8.15869, '2006-09-11'),
(191, 'Loom', 8.83816, '1990-01-01'),
(192, 'Maniac Mansion', 8.01402, '1987-10-01'),
(193, 'Day of the Tentacle', 9.25434, '1993-06-01'),
(194, 'Mortimer and the Riddles of the Medallion', 0, '0000-00-00'),
(195, 'Night Shift', 0, '1990-10-01'),
(196, 'Outlaws', 8.85789, '1997-03-31'),
(197, 'P-38 Lightning Tour of Duty', 0, '0000-00-00'),
(198, 'P-80 Shooting Star Tour of Duty', 0, '0000-00-00'),
(199, 'PHM Pegasus', 0, '0000-00-00'),
(200, 'Pipe Mania', 0, '1989-06-01'),
(201, 'Rescue on Fractalus!', 0, '1984-03-01'),
(202, 'Sam & Max Hit the Road', 8.96783, '1993-11-01'),
(203, 'Secret Weapons Over Normandy', 0, '2003-11-18'),
(204, 'Secret Weapons of the Luftwaffe', 0, '1991-08-01'),
(205, 'Strike Fleet', 0, '1987-06-06'),
(206, 'Star Wars Galaxies: Trials of Obi-Wan', 0, '2005-08-19'),
(207, 'The Dig', 8.89961, '1995-11-30'),
(208, 'Their Finest Hour: The Battle of Britain', 0, '0000-00-00'),
(209, 'Thrillville: Off the Rails', 0, '2007-10-09'),
(210, 'Star Wars The Clone Wars: Republic Heroes', 0, '2009-10-06'),
(211, 'Armed and Dangerous', 8.55978, '2003-12-02'),
(212, 'Brütal Legend', 8.44904, '2009-10-13'),
(213, 'Mass Effect Galaxy', 0, '2009-06-22'),
(214, 'Neverwinter Nights 2', 8.10699, '2006-10-31'),
(215, 'Warhammer Online: Age of Reckoning', 0, '2008-09-18'),
(216, 'Neverwinter Nights', 8.62219, '2002-06-18'),
(217, 'Sonic Chronicles: The Dark Brotherhood', 0, '2008-09-25'),
(218, 'MDK2', 8.08791, '2000-03-31'),
(219, 'MDK', 8.43924, '1997-01-01'),
(220, 'Shattered Steel', 0, '1996-09-30'),
(221, 'Phantasmagoria', 8.60876, '1995-08-01'),
(222, 'Phantasmagoria: A Puzzle of Flesh', 0, '1996-11-30'),
(223, 'The Sims', 8.63143, '2000-02-04'),
(224, 'The Sims 2', 7.48968, '2004-09-14'),
(225, 'The Sims 2: Pets', 7.06806, '2006-10-01'),
(226, 'The Sims 2: Seasons', 0, '2007-03-01'),
(227, 'World of Warcraft: The Burning Crusade', 8.99723, '2007-01-16'),
(228, 'World of Warcraft: Wrath of the Lich King', 8.85192, '2008-11-13'),
(229, 'World of Warcraft: Cataclysm', 8.07082, '2010-12-07'),
(230, 'StarCraft', 9.20275, '1998-03-31'),
(231, 'Half-Life', 9.59298, '1998-11-08'),
(232, 'Half-Life: Opposing Force', 8.32052, '1999-11-10'),
(233, 'Half-Life 2', 9.34208, '2004-11-16'),
(234, 'Guild Wars', 7.90471, '2005-04-01'),
(235, 'RollerCoaster Tycoon 3', 8.89915, '2004-10-26'),
(236, 'Myst', 8.0994, '1993-09-24'),
(237, 'SimCity 3000', 8.6166, '1999-01-31'),
(238, 'Riven', 8.69724, '1997-07-01'),
(239, 'StarCraft II: Wings of Liberty', 9.03605, '2010-07-27'),
(240, 'Battlefield 1942', 7.85134, '2002-09-10'),
(241, 'Counter-Strike', 8.54882, '1999-06-12'),
(242, 'Cossacks: European Wars', 0, '2001-03-30'),
(243, 'Who Wants to Be a Millionaire?', 0, '1999-11-23'),
(244, 'The Bureau: XCOM Declassified', 6.31597, '2013-08-06'),
(245, 'Command & Conquer: Red Alert 2', 8.19921, '2000-10-23'),
(246, 'Diablo II: Lord of Destruction', 8.82875, '2001-06-27'),
(247, 'Half-Life 2: Episode Two', 8.60657, '2007-10-09'),
(248, 'Populous', 7.98344, '1989-06-05'),
(249, 'Superhero League of Hoboken', 0, '0000-00-00'),
(250, 'The Chronicles of Riddick: Escape from Butcher Bay', 8.35913, '2004-06-01'),
(251, 'Where in the World Is Carmen Sandiego?', 0, '0000-00-00'),
(252, 'Deer Hunters Extended Season', 0, '1998-12-31'),
(253, 'Stonekeep', 0, '1995-11-08'),
(254, 'RollerCoaster Tycoon', 8.14086, '1999-03-31'),
(255, 'Arcanum: Of Steamworks and Magick Obscura', 9.0359, '2001-08-21'),
(256, 'Deer Hunter 3 Gold', 0, '2000-02-29'),
(257, 'Warhammer 40,000: Dawn of War', 7.97664, '2004-09-20'),
(258, 'Deer Hunter 4: World-Class Record Bucks', 0, '2001-01-15'),
(259, 'Deer Hunter 5: Tracking Trophies', 0, '2001-08-29'),
(260, 'The Sims 3', 8.1256, '2009-06-02'),
(261, 'Deer Hunter 2003: Legendary Hunting', 0, '2002-10-16'),
(262, 'Deer Hunter 2004', 0, '2003-10-13'),
(263, 'Deer Hunter: Interactive Hunting Experience', 0, '1997-11-13'),
(264, 'Deer Hunter 2005', 0, '2004-09-28'),
(265, 'Deer Hunter II: The Hunt Continues', 0, '1998-10-31'),
(266, 'Deer Hunter Tournament', 0, '2008-10-14'),
(267, 'Deer Hunter 3: The Legend Continues', 0, '1999-10-01'),
(268, 'Deer Hunter 3D', 0, '2009-05-15'),
(269, 'Deer Hunter Challenge', 0, '2010-12-01'),
(270, 'Age of Conan: Hyborian Adventures', 0, '2008-05-20'),
(271, 'Vietcong', 7.59289, '2003-03-26'),
(272, 'Unreal Tournament', 8.6118, '1999-11-30'),
(273, 'Unreal', 8.14231, '1998-05-22'),
(274, 'Tropico', 0, '2001-04-21'),
(275, 'Commandos: Strike Force', 6.09561, '2006-03-17'),
(276, 'Supreme Commander', 7.79345, '2007-02-16'),
(277, 'Battlefield 2', 8.15635, '2005-06-21'),
(278, 'Runaway: A Road Adventure', 7.13682, '2001-07-06'),
(279, 'Return to Zork', 0, '1993-08-20'),
(280, 'Doom 3', 7.78715, '2004-08-03'),
(281, 'Return to Castle Wolfenstein', 7.96008, '2001-11-19'),
(282, 'EverQuest', 9.60952, '1999-03-16'),
(283, 'Theme Park', 7.51065, '1995-03-01'),
(284, 'Wolfenstein 3D', 8.16813, '1992-05-05'),
(285, 'Railroad Tycoon II', 0, '0000-00-00'),
(286, 'Quake II', 8.6831, '1997-12-09'),
(287, 'Patrician III: Rise of the Hanse', 0, '0000-00-00'),
(288, 'Operation Flashpoint: Cold War Crisis', 0, '2001-06-22'),
(289, 'Age of Empires', 8.96612, '1997-10-15'),
(290, 'Imperivm III: Great Battles of Rome', 0, '2005-05-10'),
(291, 'Age of Empires: The Rise of Rome', 7.93855, '1998-10-31'),
(292, 'Hotel Giant', 0, '2002-05-17'),
(293, 'Sid Meiers Civilization IV', 8.55501, '2005-10-25'),
(294, 'Hidden & Dangerous', 7.99754, '1999-07-29'),
(295, 'Command & Conquer: Red Alert', 8.90621, '1996-10-31'),
(296, 'Crysis', 8.38444, '2007-11-13'),
(297, 'Counter-Strike: Condition Zero', 7.23997, '2004-03-23'),
(298, 'Glory of the Roman Empire', 0, '2006-06-26'),
(299, 'Age of Empires III', 8.16747, '2005-10-18'),
(300, 'Anno 1503', 0, '2003-03-23'),
(301, 'Microsoft Flight Simulator X', 7.4029, '2006-10-10'),
(302, 'Empire Earth', 8.28041, '2001-11-12'),
(303, 'Anno 1602: Creation of a New World', 8.38601, '1998-09-24'),
(304, 'Dungeon Lords', 0, '2005-05-05'),
(305, 'Cossacks II: Napoleonic Wars', 0, '2005-04-15'),
(306, 'Far Cry', 7.86253, '2004-03-23'),
(307, 'Counter-Strike: Source', 8.12741, '2004-11-01'),
(308, 'Black & White', 7.15609, '2001-03-25'),
(309, 'Daryl F. Gates Police Quest: SWAT', 0, '1995-09-30'),
(310, 'Sid Meiers Civilization III', 8.39787, '2001-10-30'),
(311, 'Police Quest: SWAT 2', 0, '1998-06-30'),
(312, 'Doom II: Hell on Earth', 8.7298, '1994-09-30'),
(313, 'SWAT 3: Close Quarters Battle', 8.16904, '1999-11-23'),
(314, 'SWAT: Global Strike Team', 0, '2003-10-28'),
(316, 'SWAT 4', 8.16549, '2005-04-05'),
(317, 'SWAT 4: The Stetchkov Syndicate', 0, '2006-02-28'),
(318, 'Ragnarok Online', 6.65262, '2002-08-31'),
(319, 'SWAT: Target Liberty', 0, '2007-10-16'),
(320, 'S.T.A.L.K.E.R.: Shadow of Chernobyl', 7.58076, '2007-03-20'),
(321, 'Command & Conquer 3: Tiberium Wars', 8.5954, '2007-03-28'),
(322, 'Blade Runner', 8.03835, '1997-10-31'),
(323, 'The 7th Guest', 0, '1993-01-01'),
(324, 'Age of Mythology', 8.91609, '2002-10-30'),
(325, 'Hellgate: London', 8.15082, '2007-10-31'),
(326, 'Medal of Honor: Allied Assault', 7.89665, '2002-01-22'),
(327, 'Age of Empires II: The Age of Kings', 8.81163, '1999-09-30'),
(328, 'Sacred', 7.87547, '0000-00-00'),
(329, 'Dungeon Siege', 8.01543, '2002-04-05'),
(330, 'SimCity 2000', 8.06429, '0000-00-00'),
(331, 'RollerCoaster Tycoon 2', 9.00503, '2002-10-15'),
(332, 'Monopoly', 0, '0000-00-00'),
(333, 'Quake', 8.44761, '1996-06-22'),
(334, 'Zoo Tycoon', 7.05207, '2001-10-17'),
(335, 'Battlefield Vietnam', 6.59215, '2004-03-14'),
(336, 'Crysis Warhead', 7.97751, '2008-09-12'),
(337, 'American McGees Alice', 7.89977, '2000-12-06'),
(338, 'Half-Life 2: Episode One', 8.36586, '2006-06-01'),
(339, 'The Orange Box', 8.78903, '2007-10-10'),
(340, 'Command & Conquer: Tiberian Sun', 8.15927, '1999-08-27'),
(341, 'Harry Potter and the Sorcerers Stone', 7.01557, '2001-11-15'),
(342, 'Duke Nukem 3D', 8.72085, '1996-01-29'),
(343, 'Battlefield 3', 8.37986, '2011-10-25'),
(344, 'Codename Eagle', 0, '1999-11-01'),
(345, 'Battlefield 1942: The Road to Rome', 0, '2003-02-02'),
(346, 'Battlefield 1942: Secret Weapons of WWII', 8.00253, '2003-09-04'),
(347, 'Battlefield 2: Special Forces', 0, '2005-11-22'),
(348, 'Battlefield 2: Modern Combat', 7.69637, '2005-10-24'),
(349, 'Battlefield 2142', 7.98305, '2006-10-17'),
(350, 'Battlefield Heroes', 7.99204, '2009-06-25'),
(351, 'Battlefield 1943', 7.2779, '2009-07-08'),
(352, 'Battlefield: Bad Company 2', 8.34027, '2010-03-02'),
(353, 'Battlefield Online', 0, '2010-03-25'),
(354, 'Battlefield Play4Free', 0, '2011-04-04'),
(355, 'Quake III Arena', 8.55081, '1999-12-02'),
(356, 'Quake 4', 7.75053, '2005-10-18'),
(357, 'Tachyon: The Fringe', 0, '2000-03-30'),
(358, 'Super Mario Bros.', 8.89411, '1985-09-13'),
(359, 'Final Fantasy XV', 0, '2016-09-30'),
(360, 'Disneys Donald Duck: Goin Quackers', 0, '2000-10-19'),
(361, 'Far Cry 2', 7.12885, '2008-10-21'),
(362, 'Heroes of Might and Magic: A Strategic Quest', 0, '1995-08-31'),
(363, 'Heroes of Might and Magic II: The Succession Wars', 8.89501, '1996-10-01'),
(364, 'Heroes of Might and Magic III: The Restoration of Erathia', 9.19059, '1999-02-28'),
(365, 'Heroes of Might and Magic III: Armageddons Blade', 8.55999, '1999-09-30'),
(366, 'Heroes of Might and Magic III: The Shadow of Death', 8.6817, '2000-03-31'),
(367, 'Heroes of Might and Magic IV', 7.98925, '2002-03-28'),
(368, 'Heroes of Might and Magic IV: The Gathering Storm', 0, '2002-09-26'),
(369, 'Heroes of Might and Magic IV: Winds of War', 7.01115, '2003-02-25'),
(370, 'Heroes of Might and Magic V', 8.08445, '2006-05-16'),
(371, 'Heroes of Might and Magic V: Hammers of Fate', 8.39592, '2006-11-14'),
(372, 'Heroes of Might and Magic V: Tribes of the East', 8.39582, '2007-10-11'),
(373, 'Might & Magic: Heroes VI', 7.52386, '2011-10-13'),
(374, 'Metal Gear', 7.06343, '1987-07-07'),
(375, 'Metal Gear Solid', 8.99269, '1998-09-03'),
(376, 'Metal Gear Solid 2: Sons of Liberty', 8.73868, '2001-11-13'),
(377, 'Metal Gear 2: Solid Snake', 8.99412, '1990-07-20'),
(378, 'Metal Gear Rising: Revengeance', 7.99262, '2013-02-19'),
(379, 'Metal Gear Solid 3: Snake Eater', 9.17333, '2004-11-17'),
(380, 'Metal Gear Solid 4: Guns of the Patriots', 9.14909, '2008-06-12'),
(381, 'Metal Gear Solid: Portable Ops', 7.00127, '2006-12-05'),
(382, 'Metal Gear Solid: Peace Walker', 8.96906, '2010-04-29'),
(383, 'Final Fantasy Type-0', 0, '2011-01-01'),
(384, 'Final Fantasy XIII-2', 7.8079, '2011-12-15'),
(385, 'Final Fantasy', 7.45848, '1987-12-18'),
(386, 'Final Fantasy XIV: A Realm Reborn', 8.79453, '2013-08-27'),
(387, 'Final Fantasy II', 6.66208, '2002-10-31'),
(388, 'Final Fantasy IV: The After Years', 0, '2009-06-01'),
(389, 'Final Fantasy XIII', 7.52974, '2009-12-17'),
(390, 'Lego Racers 2', 0, '2001-10-04'),
(391, 'Dissidia: Final Fantasy', 7.98006, '2008-12-18'),
(392, 'Final Fantasy XII: Revenant Wings', 0, '2007-04-26'),
(393, 'Final Fantasy III', 8.4434, '1990-04-27'),
(394, 'Final Fantasy Tactics: War of the Lions', 0, '2007-05-08'),
(395, 'Final Fantasy II Anniversary Edition', 0, '0000-00-00'),
(396, 'The Final Fantasy Legend', 0, '1989-12-15'),
(397, 'Final Fantasy Anniversary Edition', 0, '0000-00-00'),
(398, 'Final Fantasy XII', 8.49108, '2006-03-16'),
(399, 'Final Fantasy IV', 8.45409, '2007-12-20'),
(400, 'Final Fantasy III DS', 0, '2006-08-24'),
(401, 'Final Fantasy Crystal Chronicles: The Crystal Bearers', 0, '2009-11-12'),
(402, 'Final Fantasy XI: Wings of the Goddess', 0, '2007-11-20'),
(403, 'Final Fantasy Legend II', 0, '1990-12-14'),
(404, 'Final Fantasy VII: Dirge of Cerberus', 8.00876, '2006-01-26'),
(405, 'Final Fantasy XI: Treasures of Aht Urhgan', 0, '2006-04-18'),
(406, 'Final Fantasy IV Advance', 0, '2005-12-15'),
(407, 'Final Fantasy Adventure', 0, '1991-06-08'),
(408, 'Final Fantasy I & II: Dawn of Souls', 0, '2004-07-29'),
(409, 'Final Fantasy XI: Chains of Promathia', 0, '2004-09-16'),
(410, 'Final Fantasy Legend III', 0, '1991-12-13'),
(411, 'Final Fantasy XI', 0, '2002-05-16'),
(412, 'Final Fantasy: Crystal Chronicles', 7.60469, '2003-08-08'),
(413, 'Final Fantasy X-2', 6.92565, '2003-03-13'),
(414, 'Final Fantasy Tactics Advance', 0, '2003-02-14'),
(415, 'Final Fantasy: Mystic Quest', 8.02561, '1992-10-05'),
(416, 'Final Fantasy XI: Rise of the Zilart', 0, '2003-04-17'),
(417, 'Final Fantasy: Origins', 0, '2002-10-31'),
(418, 'Final Fantasy X', 8.96841, '2001-07-19'),
(419, 'Final Fantasy V', 0, '1992-12-06'),
(420, 'Final Fantasy: Chronicles', 0, '2001-06-29'),
(421, 'Final Fantasy IX', 9.17741, '2000-07-07'),
(422, 'Lego Racers', 6.78289, '1998-11-01'),
(423, 'Final Fantasy: Anthology', 0, '1999-09-30'),
(424, 'Resident Evil', 8.90123, '1996-03-22'),
(425, 'Final Fantasy VIII', 8.04217, '1999-02-11'),
(426, 'Final Fantasy VI', 9.21421, '1994-04-02'),
(427, 'Final Fantasy VII', 9.10462, '1997-01-31'),
(428, 'Final Fantasy Tactics', 8.4247, '1997-06-20'),
(429, 'Call Of Juarez', 7.99555, '2006-09-07'),
(430, 'Call Of Juarez: Bound In Blood', 8.15344, '2009-06-30'),
(431, 'Uncharted: Drakes Fortune', 7.76389, '2007-11-16'),
(432, 'Total War: Shogun 2', 8.78411, '2011-03-15'),
(433, 'The Chronicles of Riddick: Assault on Dark Athena', 8.15349, '2009-04-07'),
(434, 'Red Dead Redemption', 9.1216, '2010-05-18'),
(435, 'Oil Imperium', 0, '0000-00-00'),
(436, 'Shogun: Total War', 8.7163, '2000-06-13'),
(437, 'Medieval: Total War', 7.99218, '2002-08-20'),
(438, 'Rome: Total War', 8.64238, '2004-09-20'),
(439, 'Spartan: Total Warrior', 0, '2005-10-07'),
(440, 'Medieval II: Total War', 8.57259, '2006-11-11'),
(441, 'Empire: Total War', 7.85146, '2009-03-03'),
(442, 'Napoleon: Total War', 8.16364, '2010-02-23'),
(443, 'Shogun: Total War - Mongol Invasion', 0, '2001-08-08'),
(444, 'Medieval: Total War - Viking Invasion', 0, '2003-01-07'),
(445, 'Rome: Total War - Barbarian Invasion', 8.39987, '2005-09-27'),
(446, 'Rome: Total War - Alexander', 0, '2006-06-19'),
(447, 'Medieval II: Total War - Kingdoms', 0, '2007-08-28'),
(448, 'Operation Flashpoint: Resistance', 0, '2002-07-10'),
(449, 'Operation Flashpoint: Red Hammer', 0, '0000-00-00'),
(450, 'Operation Flashpoint: Red River', 0, '2011-04-21'),
(451, 'Operation Flashpoint: Dragon Rising', 0, '2009-10-06'),
(452, 'Blackthorne', 0, '1994-09-23'),
(453, 'The Death and Return of Superman', 0, '0000-00-00'),
(454, 'The Lost Vikings', 7.45958, '1993-04-01'),
(455, 'Justice League Task Force', 0, '1995-06-01'),
(456, 'StarCraft: Brood War', 8.92301, '1998-11-30'),
(457, 'StarCraft II: Heart of the Swarm', 8.82026, '2013-03-12'),
(458, 'StarCraft II: Legacy of the Void', 8.67068, '2015-11-10'),
(459, 'Simon the Sorcerer', 8.2006, '1993-01-02'),
(460, 'Simon the Sorcerer II: The Lion, the Wizard and the Wardrobe', 0, '0000-00-00'),
(461, 'Simon the Sorcerer 3D', 0, '2002-04-13'),
(462, 'Simon the Sorcerer 4: Chaos Happens', 0, '2007-02-23'),
(463, 'Simon the Sorcerer 5: Whod Even Want Contact?!', 0, '0000-00-00'),
(464, 'Vietcong: Fist Alpha', 0, '2004-01-30'),
(465, 'Warhammer 40,000: Dawn of War - Winter Assault', 6.99201, '2005-09-23'),
(466, 'Warhammer 40,000: Dawn of War II', 6.98334, '2009-02-19'),
(467, 'Warhammer 40,000: Dawn of War - Dark Crusade', 7.04855, '2006-10-09'),
(468, 'Warhammer 40,000: Dawn of War - Soulstorm', 0, '2008-03-04'),
(469, 'Warhammer 40,000: Dawn of War II - Chaos Rising', 7.00252, '2010-03-11'),
(470, 'Warhammer 40,000: Dawn of War II - Retribution', 7.00158, '2011-03-01'),
(471, 'Crysis 2', 8.04478, '2011-03-22'),
(472, 'The Elder Scrolls V: Skyrim', 9.01675, '2011-11-11'),
(473, 'Battlefield: Bad Company', 7.79775, '2008-06-23'),
(474, 'Metal Gear Solid 2: Substance', 8.89064, '2002-11-05'),
(475, 'Star Wars: The Force Unleashed', 7.24688, '2008-09-16'),
(476, 'Star Wars Battlefront: Elite Squadron', 0, '2009-11-03'),
(477, 'Commandos 3: Destination Berlin', 8.57039, '2003-10-14'),
(478, 'The Witcher 2: Assassins of Kings', 9.31729, '2011-05-17'),
(479, 'Metal Gear Solid 3: Subsistence', 8.9929, '2005-12-22'),
(480, 'Silent Hill', 8.55541, '1999-01-31'),
(481, 'Silent Hill 2', 9.5833, '2001-09-24'),
(482, 'Silent Hill 3', 8.00753, '2003-05-23'),
(483, 'Silent Hill 4: The Room', 8.33641, '2004-06-17'),
(484, 'Silent Hill: Origins', 7.05555, '2007-11-06'),
(485, 'Silent Hill Homecoming', 7.54877, '2008-09-30'),
(486, 'Silent Hill: Shattered Memories', 6.8974, '2009-12-08'),
(487, 'Silent Hill: Downpour', 0, '2012-03-13'),
(488, 'Kane & Lynch 2: Dog Days', 6.94544, '2010-08-17'),
(489, 'Rift', 6.6719, '2011-03-01'),
(490, 'Duke Nukem Forever', 6.0608, '2011-06-10'),
(491, 'Castlevania: Lords of Shadow', 8.11448, '2010-10-05'),
(492, 'Gears of War 3', 7.98237, '2010-09-20'),
(493, 'Heavy Rain', 8.98001, '2010-02-18'),
(494, 'Bulletstorm', 8.26423, '2011-02-22'),
(495, 'Metro 2033', 8.78102, '2010-03-16'),
(496, 'Dead Rising 2', 7.7404, '2010-09-24'),
(497, 'Resident Evil: The Darkside Chronicles', 7.66934, '2009-11-17'),
(498, 'Borderlands', 8.44272, '2009-10-20'),
(499, 'God of War III', 8.59069, '2010-03-16'),
(500, 'Batman: Arkham Asylum', 9.09311, '2009-08-25'),
(501, 'Batman: Arkham City', 9.06962, '2011-10-18'),
(502, 'Brink', 2.94262, '2011-05-10'),
(503, 'FIFA 11', 7.17282, '2010-09-28'),
(504, 'Fable III', 6.12228, '2010-10-26'),
(505, 'Hunted: The Demons Forge', 0, '2011-05-31'),
(506, 'Sonic Generations', 7.6862, '2011-01-01'),
(507, 'I Am Alive', 7.84849, '2012-04-03'),
(508, 'TrackMania 2: Canyon', 0, '2011-09-01'),
(509, 'Rage', 7.84201, '2011-10-04'),
(510, 'PowerUp Heroes', 0, '2011-06-14'),
(511, 'Ape Escape 4', 0, '2011-06-01'),
(512, 'Uncharted 3: Drakes Deception', 8.36697, '2011-11-01'),
(513, 'Phantasy Star Online 2', 0, '2012-07-04'),
(514, 'F.E.A.R. 3', 7.00899, '2011-06-21'),
(515, 'Infamous 2', 7.72913, '2011-06-07'),
(516, 'Of Orcs and Men', 0, '2012-10-11'),
(517, 'F.E.A.R.', 8.19288, '2005-10-17'),
(518, 'F.E.A.R. Extraction Point', 8.33771, '2006-10-24'),
(519, 'F.E.A.R. Perseus Mandate', 7.82009, '2007-11-06'),
(520, 'F.E.A.R. 2: Project Origin', 7.87134, '2009-02-10'),
(521, 'Fable', 8.4155, '2004-09-14'),
(522, 'Fable II', 7.21384, '2008-10-21'),
(523, 'Infamous', 7.47824, '2009-05-26'),
(524, 'Dirt 3', 8.31746, '2011-05-24'),
(525, 'Prey 2', 0, '0000-00-00'),
(526, 'Need for Speed: The Run', 6.88693, '2011-11-15'),
(527, 'Serious Sam 3: BFE', 6.99297, '2011-11-22'),
(528, 'Red Faction: Armageddon', 6.98624, '2011-06-07'),
(529, 'Far Cry 3', 9.13906, '2012-11-28'),
(530, 'Hitman: Absolution', 8.30598, '2012-11-20'),
(531, 'Ace Combat: Assault Horizon', 0, '2011-10-13'),
(532, 'Hard Reset', 8.49345, '2011-09-13'),
(533, 'Dishonored', 8.37183, '2012-10-09'),
(534, 'The Legend of Zelda: Skyward Sword', 8.52803, '2011-11-18'),
(535, 'Wildstar', 0, '2014-06-03'),
(536, 'Dead Island', 7.06882, '2011-09-06'),
(537, 'Assassins Creed: Revelations', 7.98739, '2011-11-15'),
(538, 'Bioshock Infinite', 8.77372, '2013-02-26'),
(539, 'Metro: Last Light', 8.80155, '2013-05-14'),
(540, 'Disney Universe', 0, '2011-10-25'),
(541, 'Ridge Racer Unbounded', 0, '2012-03-27'),
(542, 'Lego Pirates of the Caribbean: The Video Game', 0, '2011-05-10'),
(543, 'Call of Juarez: The Cartel', 5.99347, '2011-07-19'),
(544, 'The Darkness II', 7.76431, '2012-02-07'),
(545, 'Call of Duty: Black Ops', 8.44159, '2010-11-09'),
(546, 'Prey', 7.12145, '2006-07-11'),
(547, 'Gears of War', 7.95471, '2006-11-07'),
(548, 'Gears of War 2', 8.27999, '2008-11-07'),
(549, 'God of War', 9.32344, '2005-03-22'),
(550, 'God of War: Ghost of Sparta', 8.98513, '2010-11-02'),
(551, 'God of War II', 8.92499, '2007-03-13'),
(552, 'God of War: Chains of Olympus', 8.74459, '2008-03-04'),
(553, 'Spider-Man: Shattered Dimensions', 0, '2010-09-07'),
(554, 'Driver: San Francisco', 7.90307, '2011-09-02'),
(555, 'Transformers: War for Cybertron', 6.9817, '2010-06-22'),
(556, 'Medal of Honor', 7.33742, '2010-10-12'),
(557, 'Prison Break: The Conspiracy', 0, '2010-03-26'),
(558, 'Just Cause 2', 7.50446, '2010-03-23'),
(559, 'Call of Duty: Modern Warfare 2', 7.75254, '2009-11-01'),
(560, 'Aliens vs. Predator', 6.82461, '2010-02-16'),
(561, 'Colin McRae: Dirt 2', 8.38594, '2009-09-08'),
(562, 'Tom Clancys Splinter Cell: Conviction', 7.9512, '2010-04-13'),
(563, 'Aion', 5.40069, '2009-07-17'),
(564, 'Rogue Warrior', 0, '2009-11-26'),
(565, 'Uncharted 2: Among Thieves', 9.30501, '2009-06-30'),
(566, 'Ghostbusters: The Video game (2009)', 0, '2009-06-16'),
(567, 'Fuel', 0, '2009-06-02'),
(568, 'Marvel: Ultimate Alliance 2', 7.07651, '2009-09-15'),
(569, 'Wolfenstein', 7.8215, '2009-08-18'),
(570, 'Prototype', 7.92446, '2009-06-09'),
(571, 'Singularity', 8.41922, '2009-06-25'),
(572, 'ArmA 2', 7.84086, '2009-06-17'),
(573, 'X-Men Origins: Wolverine', 6.98764, '2009-05-01'),
(574, 'Eat Lead: The Return of Matt Hazard', 0, '2010-02-26'),
(575, 'The Godfather II', 0, '2009-04-07'),
(576, 'DC Universe Online', 0, '2011-01-11'),
(578, 'Warhammer 40,000: Space Marine', 7.01071, '2011-09-06'),
(582, '101 Airborne: The Airborne Invasion of Normandy', 0, '1998-09-30'),
(583, '2002 FIFA World Cup', 0, '2002-04-22'),
(584, '4x4 Evolution', 0, '2000-10-29'),
(585, '688(I) Hunter/Killer', 0, '1997-07-04'),
(586, 'Abuse', 0, '1996-02-29'),
(587, 'Act of War: Direct Action', 0, '2005-03-15'),
(588, 'Age of Conan: Rise of the Godslayer', 0, '2010-05-11'),
(589, 'Age of Wonders', 0, '1999-10-31'),
(590, 'Age of Wonders II: The Wizards Throne', 0, '2002-06-12'),
(591, 'Age of Wonders: Shadow Magic', 0, '2003-07-25'),
(592, 'AH-64D Longbow', 0, '1996-05-31'),
(593, 'Airstrike II: Gulf Thunder', 0, '2005-02-11'),
(594, 'Aliens versus Predator 2', 8.02056, '2001-10-30'),
(595, 'Allegiance', 0, '2000-03-16'),
(596, 'American Conquest', 0, '2003-02-05'),
(597, 'Americas Army', 0, '2002-07-04'),
(598, 'Anarchy Online: Shadowlands', 0, '2003-09-08'),
(599, 'Age of Empires II: The Conquerors', 7.82289, '2000-08-24'),
(600, 'Apache', 0, '1995-07-31'),
(601, 'ArmA 2: Operation Arrowhead', 7.83745, '2010-06-29'),
(602, 'Arx Fatalis', 7.0165, '2002-06-28'),
(603, 'Asherons Call', 0, '1999-10-31'),
(604, 'Bad Mojo', 0, '1996-02-29'),
(605, 'Baseball Mogul', 0, '1997-06-30'),
(606, 'Battle Realms', 0, '2001-11-07'),
(607, 'Battlefield: Bad Company 2 Vietnam', 7.78445, '2010-12-18'),
(608, 'Battleground 3: Waterloo', 0, '1996-05-31'),
(609, 'Battleground 4: Shiloh', 0, '1996-01-31'),
(610, 'Battleground 5: Antietam', 0, '1996-12-31'),
(611, 'Battles in Normandy', 0, '2004-09-15'),
(612, 'Beneath a Steel Sky', 8.39659, '1994-03-01'),
(613, 'Battlezone', 0, '1998-02-28'),
(614, 'Bejeweled 2', 0, '2004-11-05'),
(615, 'Big Kahuna Reef', 0, '2005-01-26'),
(616, 'Broken Sword: The Shadow of the Templars', 8.8551, '1996-09-30'),
(617, 'Brothers in Arms: Earned in Blood', 0, '2005-10-04'),
(618, 'Brothers in Arms: Hells Highway', 7.0197, '2008-09-23'),
(619, 'Brothers in Arms: Road to Hill 30', 0, '2005-03-01'),
(620, 'Burnout Paradise', 8.92533, '2008-01-22'),
(621, 'Call of Duty', 8.70799, '2003-10-29'),
(622, 'Call of Duty 2', 8.96444, '2005-10-25'),
(623, 'Call of Duty 4: Modern Warfare', 8.70474, '2007-11-05'),
(624, 'Call of Duty: United Offensive', 8.43314, '2004-09-14'),
(625, 'Call of Duty: World at War', 7.39664, '2008-11-11'),
(626, 'Carmageddon', 8.27875, '1997-06-30'),
(627, 'CART Precision Racing', 0, '1997-11-01'),
(628, 'Championship Manager: Season 03/04', 0, '2003-11-21'),
(629, 'Chaos Overlords', 0, '1996-04-30'),
(630, 'Chessmaster 5000', 0, '0000-00-00'),
(631, 'Chessmaster 5500', 0, '1997-10-31'),
(632, 'Chessmaster 6000', 0, '0000-00-00'),
(633, 'Sid Meiers Civilization IV: Beyond the Sword', 8.79856, '2007-07-18'),
(634, 'Civilization II', 7.94866, '1996-02-29'),
(635, 'Sid Meiers Civilization III: Conquests', 0, '2003-11-04'),
(636, 'Clive Barkers Undying', 8.99083, '2001-02-21'),
(637, 'Close Combat', 0, '1996-01-01'),
(638, 'Close Combat III: The Russian Front', 0, '1998-12-31'),
(639, 'Close Combat: A Bridge Too Far', 0, '1997-09-30'),
(640, 'Codename: Panzers - Phase One', 0, '2004-09-30'),
(641, 'Colin McRae Rally 04', 7.00453, '2004-04-02'),
(642, 'Colin McRae Rally 2.0', 8.19015, '2000-12-05'),
(643, 'Comanche 3', 0, '1997-01-01'),
(644, 'Combat Flight Simulator 2: WWII Pacific Theater', 0, '2000-10-13'),
(645, 'Combat Mission 2', 0, '2002-10-29'),
(646, 'Combat Mission: Beyond Overlord', 0, '2000-06-01'),
(647, 'Command & Conquer', 8.91813, '1995-08-31'),
(648, 'Command & Conquer: Yuris Revenge', 7.99091, '2001-10-10'),
(649, 'Command & Conquer: Generals', 8.40994, '2003-02-10'),
(650, 'Command & Conquer: Generals - Zero Hour', 8.71953, '2003-09-22'),
(651, 'The Wizard and the Princess', 0, '0000-00-00'),
(652, 'Command & Conquer: Red Alert - The Aftermath', 0, '0000-00-00'),
(653, 'Commandos 2: Men of Courage', 8.61226, '2001-09-20'),
(654, 'Company of Heroes', 8.70682, '2006-09-12'),
(655, 'Conquest of the New World', 0, '1996-03-31'),
(656, 'Crusader: No Regret', 0, '1996-09-01'),
(657, 'Dark Age of Camelot', 0, '2001-10-10'),
(658, 'Dark Reign: Rise of the Shadowhand', 0, '1998-03-31'),
(659, 'Dark Reign: The Future of War', 0, '1997-08-31'),
(660, 'Darkstone', 0, '1999-07-31'),
(661, 'Darwinia', 0, '2005-03-04'),
(662, 'Anno 1404', 8.05089, '2009-06-23'),
(663, 'Command & Conquer: The Covert Operations', 0, '0000-00-00'),
(664, 'Command & Conquer: Sole Survivor', 0, '1997-11-30'),
(665, 'Death Rally', 8.92989, '1996-12-31'),
(666, 'Delta Force', 0, '1998-09-30'),
(667, 'Descent 3', 7.99658, '1999-06-17'),
(668, 'Descent II', 7.65904, '1996-03-13'),
(669, 'Descent: Freespace - The Great War', 0, '1998-03-19'),
(670, 'Command & Conquer 4: Tiberian Twilight', 5.33366, '2010-03-16'),
(671, 'Divine Divinity', 7.99871, '2002-09-22'),
(672, 'Doom 3: Resurrection of Evil', 7.00503, '2005-04-04'),
(673, 'Doom', 8.9935, '1993-12-10'),
(674, 'Dungeons & Dragons: Dragonshard', 0, '2005-09-21'),
(675, 'Driver', 7.83396, '1999-06-30'),
(676, 'Command & Conquer: Red Alert - Counterstrike', 0, '1997-04-03'),
(677, 'EF2000 v2.0', 0, '1997-08-31'),
(678, 'Empires: Dawn of the Modern World', 0, '2003-10-21'),
(679, 'Enemy Engaged', 0, '2000-03-01'),
(680, 'Enemy Territory: Quake Wars', 0, '2007-09-28'),
(681, 'Europa 1400: The Guild', 0, '2002-10-25'),
(682, 'Europa Universalis II', 0, '2001-11-12'),
(683, 'Europa Universalis III', 8.22259, '2007-01-23'),
(684, 'Europa Universalis III: In Nomine', 0, '2008-05-28'),
(685, 'European Air War', 0, '1998-10-31'),
(686, 'EverQuest: The Ruins of Kunark', 0, '2000-04-24'),
(687, 'Janes F/A-18', 0, '1999-12-31'),
(688, 'F/A-18 Korea', 0, '1997-11-30'),
(689, 'F1 Challenge 99-02', 0, '2003-06-24'),
(690, 'F1 Championship Season 2000', 0, '2000-12-06'),
(691, 'F1 Racing Simulation', 0, '1998-03-31'),
(692, 'Janes F-15', 0, '1998-02-28'),
(693, 'F-22 Air Dominance Fighter', 0, '1997-01-01'),
(694, 'Fable: The Lost Chapters', 8.83514, '2005-09-20'),
(695, 'Falcon 4.0: Allied Force', 0, '2005-06-28'),
(696, 'FIFA 07', 7.89706, '2006-09-25'),
(697, 'FIFA 2000: Major League Soccer', 0, '1999-09-26'),
(698, 'FIFA 2001', 0, '2000-11-08'),
(699, 'FIFA 99', 7.04066, '1998-06-10'),
(700, 'FIFA 06', 7.55269, '2005-09-11'),
(701, 'FIFA Football 2002', 8.80677, '2001-11-01'),
(702, 'FIFA Football 2003', 7.73529, '2002-10-25'),
(703, 'FIFA Football 2005', 0, '2004-10-08'),
(704, 'FIFA Soccer 96', 0, '1995-09-30'),
(705, 'FIFA: Road to World Cup 98', 8.95752, '1997-11-30'),
(706, 'Command & Conquer: Renegade', 7.25359, '2002-02-26'),
(707, 'Command & Conquer 3: Kanes Wrath', 8.59331, '2008-03-24'),
(708, 'Flanker 2.0', 0, '1999-09-30'),
(709, 'Flanker 2.5', 0, '2002-03-26'),
(710, 'Flash Point Korea: AH-64D Longbow', 0, '1996-11-30'),
(711, 'Microsoft Flight Simulator 2002 Professional Edition', 0, '2001-10-19'),
(712, 'Microsoft Flight Simulator 2004', 0, '2003-07-29'),
(713, 'Microsoft Flight Simulator X: Acceleration', 0, '2007-10-23'),
(714, 'Flight Unlimited II', 0, '1997-12-12'),
(715, 'Flight Unlimited III', 0, '1999-09-30'),
(716, 'Football Manager 2010', 0, '2009-10-30'),
(717, 'Football Manager 2011', 0, '2010-11-05'),
(718, 'Forsaken', 0, '1998-04-01'),
(719, 'Freedom Fighters', 6.91577, '2003-09-26'),
(720, 'Freedom Force', 0, '2002-01-09'),
(721, 'Freedom Force vs. The 3rd Reich', 0, '2005-03-08'),
(722, 'Freespace 2', 8.01799, '1999-09-30'),
(723, 'Galactic Civilizations II: Twilight of the Arnor', 0, '2008-04-30'),
(724, 'Galactic Civilizations II: Dark Avatar', 0, '2007-02-08'),
(725, 'Galactic Civilizations II: Dread Lords', 0, '2006-02-21'),
(726, 'Ghost Master', 0, '2003-05-23'),
(727, 'Grand Prix 3', 0, '2000-08-24'),
(728, 'Grand Prix II', 0, '1996-08-30'),
(729, 'Grand Prix Legends', 0, '1998-10-31'),
(730, 'Grand Theft Auto III', 8.62777, '2001-10-22'),
(731, 'Grand Theft Auto IV', 8.5497, '2008-04-29'),
(732, 'Grand Theft Auto: San Andreas', 9.13038, '2004-10-26'),
(733, 'Grand Theft Auto: Vice City', 9.00507, '2002-10-29'),
(734, 'Ground Control', 0, '2000-06-01'),
(735, 'Ground Control II: Operation Exodus', 0, '2004-06-18'),
(736, 'GT Legends', 0, '2005-10-15'),
(737, 'GTR 2 – FIA GT Racing Game', 0, '2006-09-29'),
(738, 'GTR – FIA GT Racing Game', 0, '2005-05-03'),
(739, 'Guild Wars: Factions', 7.71212, '2006-04-28'),
(740, 'Halo: Combat Evolved', 8.47668, '2001-11-15'),
(741, 'Hearts of Iron III', 0, '2009-08-07'),
(742, 'Heavy Gear II', 0, '1999-05-31'),
(743, 'Europa Universalis III: Heir to the Throne', 0, '2009-08-19'),
(744, 'Kings Quest IV: The Perils of Rosella', 0, '1988-09-23'),
(745, 'Hexen II Mission Pack: Portal of Praevus', 0, '1998-03-31'),
(746, 'High Heat Baseball 2000', 0, '1999-03-31'),
(747, 'HIND: The Russian Combat Helicopter Simulation', 0, '1996-09-30'),
(748, 'Hitman 2: Silent Assassin', 8.47833, '2002-09-30'),
(749, 'Homeworld', 8.55789, '1998-09-28'),
(750, 'Homeworld 2', 8.88769, '2003-09-16'),
(751, 'Homeworld: Cataclysm', 8.22769, '2000-06-30'),
(752, 'Hostile Waters: Antaeus Rising', 0, '2001-06-13'),
(753, 'Icewind Dale', 8.32599, '2000-06-29'),
(754, 'IL-2 Sturmovik', 0, '2001-11-18'),
(755, 'IL-2 Sturmovik: Forgotten Battles', 0, '2003-03-02'),
(756, 'IL-2 Sturmovik: Forgotten Battles - Ace', 0, '2004-03-02'),
(757, 'Independence War', 0, '1997-11-13'),
(758, 'Independence War 2: Edge of Chaos', 0, '2001-06-22'),
(759, 'Command & Conquer: Red Alert 3 – Uprising', 0, '2009-03-12'),
(760, 'Interstate 76', 0, '1997-03-28'),
(761, 'Jack Nicklaus 5', 0, '1997-10-31'),
(762, 'Jack Nicklaus 6: Golden Bear Challenge', 0, '1999-03-31'),
(763, 'Heroes of Newerth', 0, '2010-05-12'),
(764, 'Jazz Jackrabbit 2', 7.90787, '1998-07-31'),
(765, 'Jumpgate: The Reconstruction Initiative', 0, '2001-09-23'),
(766, 'Kohan II: Kings of War', 0, '2004-09-20'),
(767, 'Kohan: Immortal Sovereigns', 0, '2001-03-14'),
(768, 'Decisive Battles of WWII: Korsun Pocket', 0, '2003-07-31'),
(769, 'Lara Croft and the Guardian of Light', 7.8245, '2010-08-18'),
(770, 'Links 2001', 0, '2000-10-24'),
(771, 'Links LS 1998 Edition', 0, '1997-06-30'),
(772, 'Links LS 1999', 0, '1998-10-31'),
(773, 'Longbow 2', 0, '1997-11-30'),
(774, 'The Lord of the Rings Online: Mines of Moria', 0, '2008-11-17'),
(775, 'M.A.X.: Mechanized Assault & Exploration', 0, '1996-12-31'),
(776, 'Madden NFL 2003', 0, '2002-08-12'),
(777, 'Madden NFL 2004', 0, '2003-08-11'),
(778, 'Madden NFL 2005', 0, '2004-09-09'),
(779, 'Madden NFL 99', 0, '1998-07-30'),
(780, 'Magic Carpet 2: The Netherworlds', 0, '1995-09-08'),
(781, 'Majesty: The Fantasy Kingdom Sim', 0, '2000-02-29'),
(782, 'Mass Effect 2: Lair of the Shadow Broker', 8.28726, '2010-09-07'),
(783, 'Mass Effect 2: Overlord', 8.18652, '2010-06-15'),
(784, 'MechWarrior 2: 31st Century Combat', 0, '1995-06-01'),
(785, 'MechWarrior 2: Mercenaries', 0, '1996-09-30'),
(786, 'MechWarrior 4: Vengeance', 0, '2000-11-23'),
(787, 'Serious Sam II', 6.92749, '2005-10-11'),
(788, 'Microsoft Flight Simulator 2000', 0, '1999-10-10'),
(789, 'MiG Alley', 0, '1999-11-30'),
(790, 'Might and Magic VI: The Mandate of Heaven', 8.38474, '1998-04-30'),
(791, 'Mission Critical', 0, '1995-10-31'),
(792, 'MissionForce: CyberStorm', 0, '1996-05-31'),
(793, 'Mobil 1 Rally Championship', 0, '2000-01-31'),
(794, 'Wing Commander: Privateer', 0, '1993-09-22'),
(795, 'Motocross Madness 2', 0, '2000-05-25'),
(796, 'MVP Baseball 2005', 0, '2005-02-22'),
(797, 'Myst III: Exile', 0, '2001-05-07'),
(798, 'Myst IV: Revelation', 7.64017, '2004-09-28'),
(799, 'Myth II: Soulblighter', 0, '1998-11-30'),
(800, 'Myth: The Fallen Lords', 0, '1997-11-14'),
(801, 'NASCAR Legends', 0, '1999-10-31'),
(802, 'NASCAR Racing 2', 0, '1996-11-30'),
(803, 'NASCAR Racing 2002 Season', 0, '2002-02-14'),
(804, 'NASCAR Racing 2003 Season', 0, '2003-02-13'),
(805, 'NASCAR Racing 3', 0, '1999-10-12'),
(806, 'NASCAR Racing 4', 0, '2001-02-06'),
(807, 'NASCAR SimRacing', 0, '2005-02-15'),
(808, 'NBA Live 2003', 0, '2002-10-07'),
(809, 'NBA Live 96', 0, '1995-10-01'),
(810, 'Privateer 2: The Darkening', 0, '0000-00-00'),
(811, 'NBA Live 99', 0, '1998-11-10'),
(812, 'NFL Blitz', 0, '1998-09-10'),
(813, 'NHL 2000', 0, '1999-08-31'),
(814, 'NHL 2001', 0, '2000-09-26'),
(815, 'NHL 2002', 0, '2001-09-17'),
(816, 'NHL 2004', 0, '2003-09-22'),
(817, 'NHL 97', 0, '1996-10-31'),
(818, 'NHL 98', 0, '1997-10-23'),
(819, 'Grand Theft Auto 2', 8.3249, '1999-09-30'),
(820, 'No One Lives Forever 2: A Spy in H.A.R.M.s Way', 8.9901, '2002-09-30'),
(821, 'Oasis', 0, '2005-04-12'),
(822, 'Obsidian', 0, '1996-12-01'),
(823, 'The Operational Art of War II: Modern Battles 1956-2000', 0, '1999-04-30'),
(824, 'NHL 09', 0, '2008-09-10'),
(825, 'Saints Row', 5.6604, '2006-08-29'),
(826, 'Saints Row 2', 7.0772, '2008-10-01'),
(827, 'Outcast', 8.01025, '1999-07-31'),
(828, 'Painkiller', 7.56675, '2004-04-12'),
(829, 'Peoples General', 0, '1998-08-31'),
(830, 'PGA Championship Golf 1999 Edition', 0, '1999-05-31'),
(831, 'PGA Championship Golf 2000', 0, '2000-06-01'),
(832, 'Planescape: Torment', 9.00764, '1999-12-12'),
(833, 'Command & Conquer: Red Alert 3 – Commanders Challenge', 0, '2009-09-24'),
(834, 'Port Royale: Gold, Power and Pirates', 0, '2003-06-04'),
(835, 'Master of Atlantis - Poseidon', 0, '2001-06-25'),
(836, 'Prince of Persia: The Sands of Time', 8.78205, '2003-10-30'),
(837, 'Prince of Persia: Warrior Within', 8.46692, '2004-11-30'),
(838, 'Pro Pinball: Big Race USA', 0, '1998-12-31'),
(839, 'Race – The Official WTCC Game', 0, '2006-11-24'),
(840, 'Railroad Tycoon 3', 0, '2003-10-27'),
(841, 'Rallisport Challenge', 0, '2002-03-05'),
(842, 'Rally Trophy', 8.48278, '2001-11-20'),
(843, 'Rayman 2: The Great Escape', 7.07842, '1999-10-29'),
(844, 'Realms of the Haunting', 0, '1996-12-31'),
(845, 'Red Baron II', 0, '1998-10-30'),
(846, 'Red Faction: Guerrilla', 7.70301, '2009-06-02'),
(847, 'Resident Evil 5', 8.51247, '2009-03-05'),
(848, 'Rise of Nations', 8.01684, '2003-05-20'),
(849, 'Rise of Nations: Thrones & Patriots', 0, '2004-04-27'),
(850, 'Rising Sun', 0, '2000-12-06'),
(851, 'Robin Hood: The Legend of Sherwood', 8.71731, '2002-11-14'),
(852, 'Kings Quest II: Romancing the Throne', 0, '1985-05-01'),
(853, 'Sacrifice', 8.1568, '2000-11-05'),
(854, 'Sam & Max: Beyond Time and Space', 0, '2008-04-10'),
(855, 'Sammy Sosa High Heat Baseball 2001', 0, '2000-03-07'),
(856, 'NHL 2003', 0, '2002-09-30'),
(857, 'Serious Sam: The First Encounter', 8.19981, '2001-03-01'),
(858, 'Serious Sam: The Second Encounter', 7.94038, '2002-01-24'),
(859, 'Seven Kingdoms', 0, '1997-11-30'),
(860, 'Seven Kingdoms II: The Fryhtan Wars', 0, '1999-07-31'),
(861, 'Shivers Two: Harvest of Souls', 0, '1997-04-30'),
(862, 'Sam & Max: Save the World', 0, '2007-07-18'),
(863, 'Sid Meiers Alpha Centauri', 8.40656, '1999-02-12'),
(864, 'Sid Meiers Antietam!', 0, '1999-12-01'),
(865, 'Sid Meiers Civilization IV: Warlords', 7.3983, '2006-07-24'),
(866, 'Sid Meiers Civilization V', 8.76871, '2010-09-21'),
(867, 'Sid Meiers Gettysburg!', 0, '1997-10-14'),
(868, 'Sid Meiers Pirates!', 8.39274, '2004-11-22'),
(869, 'Sid Meiers SimGolf', 0, '2002-01-23'),
(870, 'Silent Hunter III', 0, '2005-03-15'),
(871, 'Silent Thunder: A-10 Tank Killer II', 0, '1996-02-29'),
(872, 'Sins of a Solar Empire', 0, '2008-02-04'),
(873, 'Saints Row: The Third', 8.25535, '2011-11-15'),
(874, 'Tom Clancys Splinter Cell: Pandora Tomorrow', 8.74671, '2004-03-23'),
(875, 'NHL 08', 0, '2007-09-12'),
(876, 'Icewind Dale II', 8.10091, '2002-08-27'),
(877, 'Star Trek: Voyager – Elite Force', 7.00386, '2000-09-20'),
(878, 'Isle of the Dead', 0, '1993-12-01'),
(879, 'Commandos: Behind Enemy Lines', 8.35417, '1998-07-31'),
(880, 'Resident Evil 2', 8.66687, '1998-01-21'),
(881, 'Starsiege: Tribes', 0, '1998-11-30'),
(882, 'Steel Beasts', 0, '2000-09-24'),
(883, 'Steel Panthers II: Modern Battles', 0, '1996-10-01'),
(884, 'Street Fighter IV', 8.11776, '2009-02-12'),
(885, 'Super Meat Boy', 9.0312, '2010-10-20'),
(886, 'Superbike 2000', 0, '2000-03-01'),
(887, 'Superbike 2001', 0, '2000-10-06'),
(888, 'Supreme Commander: Forged Alliance', 0, '2007-11-06'),
(889, 'SWIV 3D', 0, '1996-10-31'),
(890, 'Syberia', 8.54901, '2002-08-09'),
(891, 'Team Fortress 2', 8.32163, '2007-10-09'),
(892, 'Kings Quest: Quest for the Crown', 0, '1984-05-10'),
(893, 'Kings Quest III: To Heir Is Human', 0, '1986-10-01'),
(894, 'The Elder Scrolls IV: Shivering Isles', 9.13411, '2007-03-26'),
(895, 'The Longest Journey', 8.9292, '1999-11-19'),
(896, 'The Operational Art of War I: 1939-1955', 0, '1998-05-31'),
(897, 'The Operative: No One Lives Forever', 8.70914, '2000-11-09'),
(898, 'The Sims 3: World Adventures', 0, '2009-11-18'),
(899, 'The Sims: Hot Date', 0, '2001-11-12'),
(900, 'Command & Conquer: Tiberian Sun: Firestorm', 8.09676, '2000-03-07'),
(901, 'The Wheel of Time', 0, '1999-10-31'),
(902, 'Sid Meiers Civilization', 8.89947, '1994-10-07'),
(903, 'Tiger Woods PGA Tour 06', 0, '2005-09-26'),
(904, 'Tiger Woods PGA Tour 2003', 0, '2002-10-27'),
(905, 'Tiger Woods PGA Tour 2004', 0, '2003-09-22'),
(906, 'Tiger Woods PGA Tour 2005', 0, '2004-09-20'),
(907, 'TOCA Race Driver 3', 8.43893, '2006-02-24'),
(908, 'Tom Clancys Rainbow Six 3: Raven Shield', 7.5002, '2003-03-18'),
(909, 'Tom Clancys Rainbow Six: Vegas', 7.01846, '2006-11-22'),
(910, 'Tom Clancys Splinter Cell', 8.43741, '2003-02-19'),
(911, 'Tom Clancys Splinter Cell: Chaos Theory', 8.63, '2005-03-28'),
(912, 'Tomb Raider', 8.5847, '1996-10-01'),
(913, 'Tony Hawks Pro Skater 2', 8.32233, '2000-09-20'),
(914, 'Tony Hawks Pro Skater 3', 7.53677, '2001-10-28'),
(915, 'Tony Hawks Pro Skater 4', 7.71381, '2002-10-23'),
(916, 'Toonstruck', 0, '1996-11-30'),
(917, 'Total Air War', 0, '1998-10-01'),
(918, 'Total Annihilation', 9.21148, '1997-09-30'),
(919, 'Beneath a Steel Sky: Remastered', 0, '2009-10-07'),
(920, 'Trainz', 0, '2001-11-01'),
(921, 'Trevor Chans Capitalism II', 0, '2001-12-16'),
(922, 'Tribes 2', 0, '2001-03-28'),
(923, 'Tribes: Vengeance', 0, '2004-10-05'),
(924, 'Wing Commander', 0, '0000-00-00'),
(925, 'UEFA Euro 2004: Portugal', 0, '2004-05-04'),
(926, 'Unreal Tournament 2003', 8.88844, '2002-10-01'),
(927, 'Unreal Tournament 2004', 8.58843, '2004-03-16'),
(928, 'Unreal Tournament III', 7.97917, '2007-11-19'),
(929, 'War Wind', 0, '1996-09-30'),
(930, 'WarBirds', 0, '1998-06-30'),
(931, 'Warlords III: Darklords Rising', 0, '1998-08-01'),
(932, 'Warlords III: Reign of Heroes', 0, '1997-07-31'),
(933, 'Wik & the Fable of Souls', 0, '2004-09-14'),
(934, 'Wing Commander IV: The Price of Freedom', 8.93285, '1995-12-01'),
(935, 'Wing Commander: Prophecy', 0, '1997-11-30'),
(936, 'Pro Evolution Soccer 3', 0, '2004-02-17'),
(937, 'Viper Racing', 0, '1998-11-30'),
(938, 'Virtual Pool 3', 0, '2000-11-14'),
(939, 'Wizardry 8', 0, '2001-11-15'),
(940, 'Wing Commander II: Vengeance of the Kilrathi', 0, '0000-00-00'),
(941, 'World in Conflict', 7.51697, '2007-09-18'),
(942, 'World of Goo', 8.01189, '2008-10-13'),
(943, 'Colin McRae: Dirt', 8.45428, '2007-06-15'),
(944, 'Football Manager 2005', 0, '2004-11-05'),
(945, 'Football Manager 2007', 0, '2006-10-20'),
(946, 'Football Manager 2008', 0, '2007-10-18'),
(947, 'Worms 2', 8.27512, '1997-12-31'),
(948, 'Worms Armageddon', 8.13499, '1999-05-01'),
(949, 'Call of Duty 3', 7.00768, '2006-11-07'),
(950, 'Janes Combat Simulations: WWII Fighters', 0, '1998-11-30'),
(951, 'Carmageddon II: Carpocalypse Now', 7.98204, '1998-11-30'),
(952, 'NHL 12', 0, '2011-09-08'),
(953, 'NHL 10', 0, '2009-09-15'),
(954, 'NHL 11', 0, '2010-09-07'),
(955, 'Under a Killing Moon', 0, '1994-10-15'),
(956, 'Duke Nukem II', 0, '1993-12-03'),
(957, 'Duke Nukem', 7.25705, '1991-07-01'),
(958, 'Zeus: Master of Olympus', 0, '2000-10-22'),
(959, 'Command & Conquer: Red Alert 3', 6.98341, '2008-10-28'),
(960, 'Max Payne 3', 8.65862, '2012-05-15'),
(961, 'Commandos: Beyond the Call of Duty', 9.02106, '1999-07-31'),
(962, 'Sid Meiers Railroad Tycoon', 0, '0000-00-00'),
(963, 'Sid Meiers Railroad Tycoon Deluxe', 0, '0000-00-00'),
(964, 'Stronghold Crusader', 8.95675, '2002-07-31'),
(965, 'Stronghold', 8.34681, '2001-10-19'),
(966, 'Resident Evil 3: Nemesis', 8.44252, '1999-09-22'),
(967, 'Resident Evil Survivor', 6, '2000-01-27');
INSERT INTO `Game` (`idGame`, `GameName`, `Rating`, `ReleaseDate`) VALUES
(968, 'Resident Evil Code: Veronica', 7.30226, '2000-02-03'),
(969, 'Resident Evil Gaiden', 0, '2001-12-14'),
(970, 'Resident Evil Zero', 7.84087, '2002-11-12'),
(971, 'Resident Evil: Dead Aim', 0, '2003-02-13'),
(972, 'Resident Evil: Outbreak', 7.78306, '2003-12-11'),
(973, 'Resident Evil Outbreak File #2', 0, '2004-09-09'),
(974, 'Resident Evil 4', 9.04765, '2005-01-11'),
(975, 'Resident Evil: The Umbrella Chronicles', 6.3822, '2007-11-13'),
(976, 'Resident Evil: The Mercenaries 3D', 0, '2011-06-02'),
(977, 'Resident Evil: Operation Raccoon City', 5.90655, '2012-03-20'),
(978, 'Resident Evil: Revelations', 7.94534, '2012-01-26'),
(979, 'Call of Duty: Modern Warfare 3', 6.91878, '2011-11-01'),
(980, 'Grand Theft Auto', 8.12915, '1997-10-01'),
(981, 'Rayman Origins', 8.48209, '2011-11-15'),
(982, 'Heavy Fire: Afghanistan', 0, '2011-11-15'),
(983, 'Tom Clancys H.A.W.X', 6.65479, '2009-03-03'),
(984, 'Tom Clancys H.A.W.X 2', 0, '2010-09-03'),
(985, 'Dead Space: Extraction', 0, '2009-09-24'),
(986, 'Halo 2', 8.66081, '2004-11-09'),
(987, 'Halo 3', 8.84323, '2007-09-25'),
(988, 'Halo Wars', 7.57103, '2009-02-26'),
(989, 'Halo 3: ODST', 8.15634, '2009-09-22'),
(990, 'Halo: Reach', 8.95874, '2010-09-14'),
(991, 'Halo 4', 8.99048, '2012-11-06'),
(992, 'Silent Hunter II', 0, '2001-11-06'),
(993, 'Silent Hunter 4: Wolves of the Pacific', 0, '2007-03-20'),
(994, 'Silent Hunter 4: Wolves of the Pacific - U-Boat Missions', 0, '2008-02-29'),
(995, 'Silent Hunter 5: Battle of the Atlantic', 0, '2010-03-02'),
(996, 'Army of Two', 4.32284, '2008-03-04'),
(997, 'Army of Two: The 40th Day', 0, '2010-01-08'),
(998, 'Uncharted: Golden Abyss', 7.20724, '2011-12-17'),
(999, 'Oddworld: Abes Oddysee', 8.49173, '1997-09-19'),
(1000, 'Oddworld: Abes Exoddus', 7.98164, '1998-11-01');

-- --------------------------------------------------------

--
-- Structure de la table `Game_has_Developer`
--

DROP TABLE IF EXISTS `Game_has_Developer`;
CREATE TABLE IF NOT EXISTS `Game_has_Developer` (
  `Game_idGame` int(11) NOT NULL,
  `Developer_idDeveloper` int(11) NOT NULL,
  PRIMARY KEY  (`Game_idGame`,`Developer_idDeveloper`),
  KEY `fk_Game_has_Developer_Developer1_idx` (`Developer_idDeveloper`),
  KEY `fk_Game_has_Developer_Game1_idx` (`Game_idGame`)
) ENGINE=InnoDB DEFAULT CHARSET=latin1;

--
-- Contenu de la table `Game_has_Developer`
--

INSERT INTO `Game_has_Developer` (`Game_idGame`, `Developer_idDeveloper`) VALUES
(900, 1),
(5, 2),
(6, 2),
(10, 2),
(73, 2),
(74, 2),
(75, 2),
(76, 2),
(78, 2),
(81, 2),
(82, 2),
(114, 2),
(116, 2),
(213, 2),
(216, 2),
(217, 2),
(218, 2),
(220, 2),
(782, 2),
(783, 2),
(1, 3),
(2, 3),
(22, 3),
(23, 3),
(70, 3),
(647, 3),
(714, 3),
(715, 3),
(253, 5),
(284, 5),
(775, 5),
(308, 6),
(504, 6),
(522, 6),
(694, 6),
(38, 7),
(985, 7),
(60, 9),
(106, 9),
(176, 9),
(178, 9),
(179, 9),
(182, 9),
(184, 9),
(186, 9),
(191, 9),
(192, 9),
(195, 9),
(197, 9),
(198, 9),
(199, 9),
(200, 9),
(201, 9),
(204, 9),
(205, 9),
(208, 9),
(61, 10),
(62, 10),
(63, 10),
(65, 10),
(66, 10),
(137, 10),
(139, 10),
(140, 10),
(148, 10),
(149, 10),
(150, 10),
(151, 10),
(154, 10),
(155, 10),
(156, 10),
(157, 10),
(159, 10),
(160, 10),
(161, 10),
(162, 10),
(163, 10),
(164, 10),
(165, 10),
(175, 10),
(180, 10),
(181, 10),
(183, 10),
(188, 10),
(192, 10),
(193, 10),
(194, 10),
(196, 10),
(202, 10),
(207, 10),
(475, 10),
(37, 11),
(98, 11),
(575, 11),
(904, 11),
(13, 12),
(14, 12),
(84, 12),
(753, 12),
(832, 12),
(876, 12),
(20, 13),
(73, 13),
(498, 13),
(617, 13),
(619, 13),
(35, 14),
(36, 14),
(49, 14),
(50, 14),
(51, 14),
(248, 14),
(283, 14),
(355, 14),
(780, 14),
(21, 15),
(244, 15),
(20, 17),
(21, 17),
(272, 17),
(273, 17),
(544, 17),
(926, 17),
(927, 17),
(21, 18),
(533, 19),
(602, 19),
(625, 19),
(21, 20),
(20, 21),
(21, 21),
(22, 21),
(316, 21),
(317, 21),
(538, 21),
(720, 21),
(721, 21),
(923, 21),
(18, 23),
(20, 23),
(438, 23),
(498, 23),
(501, 23),
(561, 23),
(694, 23),
(28, 24),
(29, 24),
(222, 24),
(309, 24),
(3, 25),
(41, 25),
(42, 25),
(384, 26),
(389, 26),
(391, 26),
(394, 26),
(395, 26),
(397, 26),
(401, 26),
(402, 26),
(403, 26),
(405, 26),
(408, 26),
(409, 26),
(410, 26),
(416, 26),
(419, 26),
(425, 26),
(426, 26),
(530, 26),
(4, 27),
(43, 27),
(54, 28),
(55, 28),
(109, 30),
(110, 32),
(221, 32),
(744, 32),
(852, 32),
(861, 32),
(892, 32),
(893, 32),
(111, 36),
(112, 37),
(134, 37),
(135, 37),
(136, 37),
(243, 37),
(424, 37),
(496, 37),
(497, 37),
(847, 37),
(880, 37),
(884, 37),
(966, 37),
(967, 37),
(969, 37),
(973, 37),
(975, 37),
(976, 37),
(977, 37),
(978, 37),
(113, 38),
(127, 38),
(128, 38),
(360, 38),
(361, 38),
(529, 38),
(537, 38),
(562, 38),
(798, 38),
(836, 38),
(837, 38),
(908, 38),
(909, 38),
(910, 38),
(911, 38),
(113, 39),
(537, 39),
(115, 41),
(117, 44),
(16, 47),
(118, 47),
(214, 47),
(119, 48),
(120, 51),
(123, 51),
(129, 51),
(130, 51),
(132, 51),
(133, 51),
(227, 51),
(228, 51),
(229, 51),
(230, 51),
(239, 51),
(452, 51),
(453, 51),
(455, 51),
(456, 51),
(457, 51),
(458, 51),
(10, 52),
(301, 53),
(644, 53),
(986, 53),
(321, 54),
(122, 55),
(124, 55),
(297, 55),
(71, 56),
(72, 56),
(122, 56),
(124, 56),
(231, 56),
(233, 56),
(241, 56),
(247, 56),
(297, 56),
(307, 56),
(338, 56),
(339, 56),
(891, 56),
(122, 57),
(121, 58),
(125, 59),
(126, 59),
(246, 59),
(125, 60),
(675, 61),
(843, 61),
(983, 61),
(341, 62),
(553, 62),
(573, 62),
(141, 63),
(142, 63),
(142, 64),
(568, 64),
(143, 65),
(613, 66),
(658, 66),
(742, 66),
(760, 66),
(784, 66),
(785, 66),
(144, 67),
(174, 67),
(139, 68),
(140, 68),
(289, 68),
(291, 68),
(299, 68),
(324, 68),
(327, 68),
(599, 68),
(988, 68),
(158, 69),
(152, 71),
(153, 71),
(356, 71),
(569, 71),
(571, 71),
(573, 71),
(745, 71),
(877, 71),
(979, 71),
(152, 72),
(153, 72),
(280, 72),
(568, 72),
(913, 72),
(914, 72),
(116, 73),
(118, 73),
(137, 73),
(144, 73),
(280, 73),
(310, 73),
(356, 73),
(475, 73),
(509, 73),
(546, 73),
(680, 73),
(912, 73),
(915, 73),
(156, 75),
(163, 75),
(177, 75),
(880, 75),
(159, 76),
(166, 77),
(167, 77),
(168, 77),
(169, 77),
(170, 77),
(171, 77),
(172, 77),
(173, 77),
(203, 77),
(83, 78),
(83, 79),
(212, 85),
(215, 87),
(657, 87),
(219, 88),
(853, 88),
(219, 89),
(219, 90),
(913, 90),
(914, 90),
(915, 90),
(357, 92),
(643, 92),
(666, 92),
(359, 93),
(383, 93),
(404, 93),
(105, 94),
(240, 94),
(277, 94),
(343, 94),
(345, 94),
(346, 94),
(347, 94),
(348, 94),
(349, 94),
(350, 94),
(351, 94),
(352, 94),
(353, 94),
(354, 94),
(473, 94),
(556, 94),
(607, 94),
(841, 94),
(360, 95),
(362, 97),
(363, 97),
(364, 97),
(365, 97),
(366, 97),
(367, 97),
(368, 97),
(369, 97),
(790, 97),
(370, 100),
(371, 100),
(372, 100),
(373, 103),
(691, 104),
(843, 104),
(237, 106),
(364, 106),
(667, 106),
(767, 106),
(922, 106),
(429, 108),
(430, 108),
(536, 108),
(543, 108),
(432, 111),
(436, 111),
(437, 111),
(438, 111),
(439, 111),
(440, 111),
(441, 111),
(442, 111),
(443, 111),
(444, 111),
(445, 111),
(446, 111),
(447, 111),
(513, 112),
(673, 112),
(968, 112),
(86, 113),
(87, 113),
(89, 113),
(295, 113),
(322, 113),
(332, 113),
(340, 113),
(647, 113),
(648, 113),
(652, 113),
(663, 113),
(664, 113),
(676, 113),
(706, 113),
(435, 114),
(288, 116),
(448, 116),
(449, 116),
(572, 116),
(601, 116),
(11, 117),
(255, 117),
(452, 118),
(296, 122),
(306, 122),
(471, 122),
(336, 125),
(15, 126),
(52, 126),
(53, 126),
(56, 126),
(57, 126),
(58, 126),
(59, 126),
(472, 126),
(894, 126),
(270, 127),
(374, 129),
(377, 129),
(299, 130),
(299, 131),
(337, 133),
(300, 134),
(303, 134),
(34, 136),
(211, 136),
(344, 138),
(321, 140),
(650, 140),
(670, 140),
(707, 140),
(759, 140),
(833, 140),
(959, 140),
(245, 142),
(242, 144),
(305, 144),
(320, 144),
(596, 144),
(231, 148),
(232, 148),
(297, 148),
(490, 148),
(498, 148),
(617, 148),
(618, 148),
(619, 148),
(740, 148),
(914, 148),
(297, 149),
(307, 150),
(67, 151),
(68, 151),
(24, 152),
(25, 152),
(27, 152),
(254, 152),
(634, 152),
(685, 152),
(727, 152),
(728, 152),
(902, 152),
(962, 152),
(963, 152),
(335, 153),
(347, 153),
(353, 154),
(350, 155),
(354, 155),
(754, 157),
(755, 157),
(756, 157),
(471, 158),
(480, 159),
(481, 159),
(482, 159),
(483, 159),
(936, 159),
(485, 160),
(487, 162),
(47, 163),
(48, 163),
(130, 163),
(484, 163),
(486, 163),
(500, 164),
(501, 164),
(843, 165),
(498, 166),
(494, 167),
(547, 167),
(828, 167),
(272, 168),
(492, 168),
(494, 168),
(547, 168),
(548, 168),
(926, 168),
(927, 168),
(928, 168),
(491, 169),
(379, 170),
(380, 170),
(381, 170),
(382, 170),
(479, 170),
(491, 170),
(34, 173),
(820, 173),
(34, 174),
(290, 175),
(298, 175),
(87, 178),
(89, 178),
(24, 180),
(26, 180),
(334, 181),
(12, 182),
(280, 184),
(284, 184),
(286, 184),
(312, 184),
(333, 184),
(355, 184),
(356, 184),
(509, 184),
(673, 184),
(284, 186),
(281, 187),
(284, 187),
(312, 187),
(672, 187),
(673, 187),
(680, 187),
(956, 188),
(957, 188),
(284, 191),
(243, 193),
(243, 194),
(251, 195),
(257, 196),
(465, 196),
(466, 196),
(467, 196),
(468, 196),
(469, 196),
(470, 196),
(578, 196),
(654, 196),
(749, 196),
(750, 196),
(468, 198),
(131, 201),
(781, 201),
(271, 202),
(464, 202),
(39, 203),
(107, 203),
(108, 203),
(271, 203),
(294, 203),
(464, 203),
(273, 206),
(589, 206),
(764, 206),
(274, 207),
(285, 207),
(840, 207),
(209, 208),
(235, 208),
(79, 209),
(262, 210),
(264, 210),
(266, 210),
(496, 211),
(252, 212),
(256, 212),
(258, 212),
(259, 212),
(261, 212),
(263, 212),
(265, 212),
(267, 212),
(256, 214),
(259, 214),
(268, 216),
(269, 216),
(263, 217),
(280, 221),
(281, 221),
(502, 221),
(680, 221),
(5, 222),
(6, 222),
(73, 222),
(74, 222),
(75, 222),
(77, 222),
(81, 222),
(82, 222),
(73, 223),
(76, 223),
(913, 223),
(914, 223),
(342, 224),
(490, 224),
(333, 225),
(342, 225),
(342, 226),
(312, 230),
(546, 230),
(828, 230),
(490, 232),
(490, 233),
(85, 234),
(304, 235),
(276, 239),
(329, 239),
(888, 239),
(302, 240),
(678, 240),
(282, 241),
(282, 242),
(145, 243),
(146, 243),
(147, 243),
(206, 243),
(282, 243),
(576, 243),
(686, 243),
(17, 246),
(385, 250),
(387, 250),
(393, 250),
(396, 250),
(399, 250),
(403, 250),
(406, 250),
(407, 250),
(410, 250),
(413, 250),
(417, 250),
(418, 250),
(419, 250),
(420, 250),
(423, 250),
(427, 250),
(428, 250),
(453, 251),
(88, 254),
(234, 255),
(739, 255),
(341, 258),
(341, 259),
(314, 260),
(341, 260),
(493, 261),
(325, 262),
(367, 265),
(294, 266),
(819, 266),
(980, 266),
(608, 267),
(609, 267),
(610, 267),
(823, 267),
(850, 267),
(896, 267),
(292, 269),
(859, 269),
(860, 269),
(921, 269),
(187, 271),
(7, 272),
(8, 273),
(9, 274),
(939, 274),
(99, 276),
(339, 276),
(90, 277),
(91, 277),
(92, 277),
(93, 277),
(94, 277),
(503, 277),
(583, 277),
(696, 277),
(700, 277),
(701, 277),
(702, 277),
(703, 277),
(705, 277),
(796, 277),
(808, 277),
(809, 277),
(811, 277),
(813, 277),
(814, 277),
(815, 277),
(817, 277),
(818, 277),
(824, 277),
(875, 277),
(925, 277),
(952, 277),
(953, 277),
(954, 277),
(454, 278),
(44, 279),
(45, 279),
(59, 279),
(121, 279),
(250, 280),
(433, 280),
(250, 281),
(433, 281),
(323, 282),
(260, 283),
(898, 283),
(223, 284),
(224, 284),
(225, 284),
(226, 284),
(237, 284),
(330, 284),
(899, 284),
(184, 285),
(185, 285),
(705, 285),
(809, 285),
(813, 285),
(488, 290),
(719, 290),
(748, 290),
(488, 291),
(769, 291),
(138, 292),
(189, 292),
(190, 292),
(542, 292),
(64, 294),
(854, 294),
(862, 294),
(592, 295),
(656, 295),
(773, 295),
(794, 295),
(924, 295),
(934, 295),
(935, 295),
(940, 295),
(319, 296),
(313, 298),
(276, 299),
(358, 300),
(40, 301),
(40, 302),
(69, 304),
(655, 304),
(18, 305),
(19, 305),
(665, 305),
(18, 306),
(731, 306),
(960, 306),
(19, 307),
(730, 307),
(733, 307),
(109, 308),
(326, 309),
(375, 311),
(999, 311),
(1000, 311),
(375, 312),
(376, 312),
(379, 312),
(381, 312),
(474, 312),
(479, 312),
(474, 313),
(495, 314),
(539, 314),
(489, 315),
(30, 316),
(31, 316),
(33, 316),
(32, 317),
(792, 317),
(845, 317),
(871, 317),
(881, 317),
(922, 317),
(476, 318),
(560, 318),
(564, 318),
(625, 318),
(475, 319),
(476, 319),
(545, 319),
(559, 319),
(568, 319),
(623, 319),
(625, 319),
(979, 319),
(387, 320),
(387, 321),
(394, 321),
(420, 321),
(426, 321),
(976, 321),
(388, 322),
(399, 322),
(400, 322),
(424, 323),
(968, 323),
(415, 324),
(421, 324),
(426, 324),
(456, 325),
(999, 325),
(236, 326),
(238, 326),
(333, 327),
(812, 327),
(497, 329),
(975, 329),
(44, 331),
(45, 331),
(46, 331),
(589, 331),
(590, 331),
(591, 331),
(96, 332),
(97, 332),
(98, 332),
(99, 332),
(100, 332),
(101, 332),
(104, 332),
(526, 332),
(816, 332),
(104, 333),
(386, 335),
(411, 335),
(411, 336),
(398, 337),
(414, 337),
(200, 339),
(311, 342),
(221, 343),
(392, 345),
(412, 346),
(105, 347),
(620, 347),
(100, 348),
(101, 348),
(105, 348),
(260, 348),
(696, 348),
(700, 348),
(702, 348),
(778, 348),
(95, 349),
(95, 350),
(103, 351),
(996, 351),
(997, 351),
(94, 353),
(102, 356),
(101, 357),
(103, 357),
(526, 357),
(561, 357),
(281, 358),
(286, 358),
(355, 358),
(286, 359),
(220, 360),
(286, 360),
(673, 360),
(669, 361),
(355, 362),
(986, 362),
(318, 363),
(434, 364),
(109, 365),
(434, 365),
(731, 365),
(732, 365),
(733, 365),
(281, 367),
(913, 367),
(279, 368),
(331, 369),
(278, 370),
(287, 373),
(328, 373),
(834, 373),
(293, 377),
(310, 377),
(633, 377),
(635, 377),
(863, 377),
(864, 377),
(865, 377),
(866, 377),
(867, 377),
(868, 377),
(869, 377),
(41, 378),
(63, 378),
(152, 378),
(281, 378),
(310, 378),
(329, 378),
(337, 378),
(636, 378),
(740, 378),
(849, 378),
(877, 378),
(330, 379),
(459, 380),
(460, 380),
(461, 381),
(462, 382),
(463, 382),
(210, 385),
(475, 385),
(210, 386),
(165, 387),
(673, 387),
(475, 389),
(826, 390),
(137, 391),
(566, 391),
(83, 392),
(422, 392),
(505, 393),
(508, 394),
(506, 395),
(506, 396),
(884, 396),
(507, 397),
(507, 398),
(529, 398),
(874, 398),
(510, 399),
(511, 400),
(431, 401),
(512, 401),
(565, 401),
(514, 402),
(517, 402),
(515, 403),
(523, 403),
(516, 404),
(516, 405),
(529, 406),
(517, 407),
(520, 407),
(594, 407),
(820, 407),
(897, 407),
(518, 408),
(519, 408),
(766, 408),
(767, 408),
(521, 410),
(907, 411),
(450, 412),
(451, 412),
(524, 412),
(561, 412),
(641, 412),
(642, 412),
(907, 412),
(943, 412),
(525, 413),
(546, 413),
(527, 414),
(787, 414),
(857, 414),
(858, 414),
(531, 419),
(532, 420),
(534, 421),
(535, 422),
(540, 425),
(985, 425),
(541, 427),
(842, 427),
(545, 428),
(623, 428),
(625, 428),
(913, 428),
(949, 428),
(979, 428),
(546, 429),
(499, 430),
(549, 430),
(550, 430),
(551, 430),
(552, 430),
(550, 431),
(552, 431),
(553, 432),
(554, 433),
(555, 434),
(556, 435),
(557, 436),
(558, 437),
(559, 438),
(621, 438),
(622, 438),
(623, 438),
(979, 438),
(561, 439),
(907, 439),
(567, 442),
(570, 444),
(574, 448),
(563, 450),
(566, 451),
(584, 451),
(627, 451),
(566, 452),
(566, 453),
(697, 454),
(698, 454),
(699, 454),
(809, 454),
(856, 454),
(903, 454),
(906, 454),
(585, 455),
(586, 456),
(587, 457),
(588, 458),
(598, 458),
(895, 458),
(711, 463),
(712, 463),
(713, 463),
(597, 465),
(930, 466),
(600, 467),
(747, 467),
(603, 470),
(604, 471),
(605, 472),
(606, 474),
(674, 474),
(615, 481),
(933, 481),
(612, 482),
(616, 482),
(919, 482),
(624, 483),
(889, 485),
(628, 486),
(716, 486),
(717, 486),
(944, 486),
(945, 486),
(946, 486),
(629, 488),
(630, 489),
(631, 489),
(632, 489),
(637, 492),
(638, 492),
(639, 492),
(640, 493),
(645, 495),
(646, 495),
(649, 496),
(275, 498),
(477, 498),
(653, 498),
(879, 498),
(961, 498),
(659, 500),
(660, 501),
(661, 503),
(667, 505),
(668, 506),
(528, 507),
(669, 507),
(722, 507),
(825, 507),
(826, 507),
(846, 507),
(873, 507),
(671, 510),
(677, 513),
(693, 513),
(917, 513),
(679, 515),
(681, 516),
(682, 517),
(683, 517),
(684, 517),
(741, 517),
(743, 517),
(688, 519),
(695, 524),
(829, 528),
(883, 528),
(708, 529),
(709, 530),
(704, 532),
(718, 532),
(723, 533),
(724, 533),
(725, 533),
(726, 534),
(730, 536),
(819, 536),
(980, 536),
(734, 537),
(735, 537),
(941, 537),
(736, 539),
(738, 539),
(839, 539),
(746, 541),
(855, 541),
(751, 542),
(673, 543),
(752, 543),
(757, 545),
(758, 545),
(761, 548),
(765, 551),
(769, 552),
(770, 553),
(771, 553),
(772, 553),
(955, 553),
(776, 555),
(777, 555),
(778, 555),
(779, 555),
(807, 555),
(789, 559),
(249, 560),
(791, 560),
(901, 560),
(793, 561),
(795, 563),
(797, 564),
(822, 569),
(827, 572),
(835, 575),
(958, 575),
(844, 578),
(848, 579),
(849, 579),
(851, 580),
(872, 583),
(882, 590),
(885, 591),
(886, 592),
(887, 592),
(890, 594),
(831, 598),
(904, 598),
(905, 598),
(916, 602),
(918, 604),
(929, 606),
(937, 610),
(938, 611),
(942, 613),
(947, 614),
(948, 614),
(582, 618),
(740, 620),
(799, 620),
(800, 620),
(986, 620),
(987, 620),
(989, 620),
(990, 620),
(592, 622),
(687, 622),
(692, 622),
(710, 622),
(950, 622),
(593, 623),
(594, 624),
(595, 625),
(626, 628),
(951, 628),
(902, 630),
(477, 631),
(653, 631),
(679, 631),
(635, 635),
(707, 635),
(864, 635),
(960, 636),
(960, 637),
(960, 638),
(611, 639),
(768, 639),
(931, 639),
(932, 639),
(878, 643),
(964, 645),
(965, 645),
(662, 646),
(662, 647),
(665, 648),
(20, 649),
(675, 650),
(880, 651),
(966, 651),
(880, 655),
(970, 655),
(971, 655),
(880, 656),
(680, 657),
(977, 658),
(979, 659),
(972, 660),
(689, 661),
(690, 661),
(689, 662),
(980, 662),
(968, 663),
(974, 663),
(969, 664),
(726, 669),
(729, 670),
(801, 670),
(802, 670),
(803, 670),
(804, 670),
(805, 670),
(806, 670),
(737, 673),
(754, 674),
(755, 674),
(756, 674),
(764, 675),
(704, 676),
(705, 676),
(705, 677),
(837, 680),
(838, 681),
(846, 682),
(762, 683),
(776, 684),
(777, 684),
(778, 684),
(786, 685),
(793, 687),
(763, 688),
(155, 690),
(312, 690),
(956, 690),
(830, 691),
(817, 692),
(817, 693),
(817, 694),
(920, 695),
(811, 696),
(824, 696),
(875, 696),
(870, 697),
(983, 697),
(984, 697),
(993, 697),
(994, 697),
(995, 697),
(821, 698),
(877, 699),
(843, 702),
(981, 702),
(914, 705),
(914, 706),
(651, 708),
(982, 709),
(927, 711),
(898, 712),
(935, 713),
(788, 714),
(809, 715),
(913, 716),
(908, 717),
(810, 718),
(948, 720),
(991, 722),
(992, 723),
(992, 724),
(997, 725),
(998, 726),
(999, 727),
(1000, 727),
(396, 787),
(373, 794),
(636, 850),
(378, 852),
(283, 885),
(113, 896),
(537, 896),
(80, 908),
(478, 908),
(912, 1031),
(956, 1134),
(957, 1134),
(602, 1168),
(673, 1169),
(138, 1290),
(189, 1290),
(542, 1290),
(390, 1385),
(390, 1523),
(452, 1695),
(454, 1695),
(18, 1733),
(157, 1764),
(359, 1863),
(614, 1893),
(586, 1899),
(625, 1899),
(403, 1922),
(384, 1983),
(94, 2053),
(18, 2134),
(566, 2134),
(890, 2245),
(390, 2349),
(373, 2514),
(890, 2548),
(359, 2670),
(537, 2921),
(538, 3023),
(897, 3118),
(18, 3190),
(114, 3845),
(890, 3906),
(101, 3956),
(500, 3989),
(673, 4111),
(312, 4115),
(546, 4132),
(284, 4136),
(284, 4137),
(949, 4176),
(459, 4181),
(459, 4182),
(718, 4285),
(649, 4288),
(650, 4288),
(826, 4291),
(892, 4325),
(827, 4495),
(455, 4805),
(221, 5042),
(218, 5071),
(774, 8069);

-- --------------------------------------------------------

--
-- Structure de la table `Game_has_Genre`
--

DROP TABLE IF EXISTS `Game_has_Genre`;
CREATE TABLE IF NOT EXISTS `Game_has_Genre` (
  `Game_idGame` int(11) NOT NULL,
  `Genre_idGenre` int(11) NOT NULL,
  PRIMARY KEY  (`Game_idGame`,`Genre_idGenre`),
  KEY `fk_Game_has_Genre_Genre1_idx` (`Genre_idGenre`),
  KEY `fk_Game_has_Genre_Game_idx` (`Game_idGame`)
) ENGINE=InnoDB DEFAULT CHARSET=latin1;

--
-- Contenu de la table `Game_has_Genre`
--

INSERT INTO `Game_has_Genre` (`Game_idGame`, `Genre_idGenre`) VALUES
(1, 1),
(2, 1),
(3, 1),
(4, 1),
(15, 1),
(16, 1),
(18, 1),
(19, 1),
(20, 1),
(21, 1),
(22, 1),
(23, 1),
(34, 1),
(37, 1),
(39, 1),
(40, 1),
(41, 1),
(42, 1),
(43, 1),
(70, 1),
(71, 1),
(73, 1),
(74, 1),
(75, 1),
(107, 1),
(108, 1),
(109, 1),
(122, 1),
(124, 1),
(141, 1),
(142, 1),
(143, 1),
(148, 1),
(149, 1),
(150, 1),
(152, 1),
(153, 1),
(156, 1),
(157, 1),
(160, 1),
(163, 1),
(196, 1),
(210, 1),
(211, 1),
(213, 1),
(218, 1),
(219, 1),
(220, 1),
(231, 1),
(232, 1),
(233, 1),
(240, 1),
(241, 1),
(244, 1),
(247, 1),
(250, 1),
(252, 1),
(256, 1),
(258, 1),
(259, 1),
(261, 1),
(262, 1),
(263, 1),
(264, 1),
(265, 1),
(266, 1),
(267, 1),
(268, 1),
(269, 1),
(271, 1),
(272, 1),
(273, 1),
(275, 1),
(277, 1),
(280, 1),
(281, 1),
(284, 1),
(286, 1),
(288, 1),
(294, 1),
(296, 1),
(297, 1),
(306, 1),
(307, 1),
(312, 1),
(313, 1),
(314, 1),
(316, 1),
(317, 1),
(320, 1),
(325, 1),
(326, 1),
(333, 1),
(335, 1),
(336, 1),
(338, 1),
(339, 1),
(342, 1),
(343, 1),
(344, 1),
(345, 1),
(346, 1),
(347, 1),
(348, 1),
(349, 1),
(350, 1),
(351, 1),
(352, 1),
(353, 1),
(354, 1),
(355, 1),
(356, 1),
(361, 1),
(374, 1),
(429, 1),
(430, 1),
(431, 1),
(433, 1),
(434, 1),
(448, 1),
(449, 1),
(450, 1),
(451, 1),
(464, 1),
(471, 1),
(473, 1),
(476, 1),
(488, 1),
(490, 1),
(492, 1),
(494, 1),
(495, 1),
(497, 1),
(498, 1),
(502, 1),
(509, 1),
(512, 1),
(514, 1),
(515, 1),
(517, 1),
(518, 1),
(519, 1),
(520, 1),
(523, 1),
(525, 1),
(527, 1),
(528, 1),
(529, 1),
(530, 1),
(531, 1),
(532, 1),
(536, 1),
(538, 1),
(539, 1),
(543, 1),
(544, 1),
(545, 1),
(546, 1),
(547, 1),
(548, 1),
(555, 1),
(556, 1),
(558, 1),
(559, 1),
(560, 1),
(562, 1),
(564, 1),
(565, 1),
(566, 1),
(569, 1),
(571, 1),
(572, 1),
(578, 1),
(586, 1),
(593, 1),
(594, 1),
(597, 1),
(601, 1),
(607, 1),
(613, 1),
(617, 1),
(618, 1),
(619, 1),
(621, 1),
(622, 1),
(623, 1),
(624, 1),
(625, 1),
(636, 1),
(656, 1),
(666, 1),
(667, 1),
(668, 1),
(672, 1),
(673, 1),
(680, 1),
(706, 1),
(718, 1),
(719, 1),
(730, 1),
(731, 1),
(732, 1),
(733, 1),
(740, 1),
(745, 1),
(748, 1),
(760, 1),
(780, 1),
(783, 1),
(787, 1),
(819, 1),
(820, 1),
(825, 1),
(826, 1),
(827, 1),
(828, 1),
(844, 1),
(846, 1),
(847, 1),
(857, 1),
(858, 1),
(873, 1),
(877, 1),
(878, 1),
(880, 1),
(881, 1),
(889, 1),
(891, 1),
(897, 1),
(901, 1),
(908, 1),
(909, 1),
(912, 1),
(922, 1),
(923, 1),
(926, 1),
(927, 1),
(928, 1),
(949, 1),
(956, 1),
(957, 1),
(960, 1),
(966, 1),
(967, 1),
(968, 1),
(970, 1),
(971, 1),
(973, 1),
(974, 1),
(975, 1),
(976, 1),
(977, 1),
(979, 1),
(980, 1),
(982, 1),
(983, 1),
(985, 1),
(986, 1),
(987, 1),
(989, 1),
(990, 1),
(991, 1),
(996, 1),
(997, 1),
(998, 1),
(5, 2),
(6, 2),
(7, 2),
(8, 2),
(9, 2),
(10, 2),
(11, 2),
(12, 2),
(13, 2),
(14, 2),
(15, 2),
(16, 2),
(17, 2),
(20, 2),
(21, 2),
(22, 2),
(23, 2),
(41, 2),
(42, 2),
(43, 2),
(52, 2),
(53, 2),
(54, 2),
(55, 2),
(56, 2),
(57, 2),
(58, 2),
(59, 2),
(73, 2),
(74, 2),
(75, 2),
(76, 2),
(77, 2),
(78, 2),
(80, 2),
(81, 2),
(83, 2),
(84, 2),
(114, 2),
(116, 2),
(118, 2),
(120, 2),
(123, 2),
(125, 2),
(126, 2),
(137, 2),
(145, 2),
(146, 2),
(147, 2),
(206, 2),
(214, 2),
(215, 2),
(216, 2),
(227, 2),
(228, 2),
(229, 2),
(234, 2),
(246, 2),
(249, 2),
(253, 2),
(255, 2),
(270, 2),
(304, 2),
(318, 2),
(325, 2),
(328, 2),
(329, 2),
(359, 2),
(362, 2),
(363, 2),
(364, 2),
(365, 2),
(366, 2),
(368, 2),
(369, 2),
(370, 2),
(371, 2),
(372, 2),
(373, 2),
(383, 2),
(384, 2),
(385, 2),
(386, 2),
(387, 2),
(388, 2),
(389, 2),
(392, 2),
(393, 2),
(394, 2),
(395, 2),
(396, 2),
(397, 2),
(398, 2),
(399, 2),
(400, 2),
(401, 2),
(402, 2),
(403, 2),
(404, 2),
(405, 2),
(406, 2),
(407, 2),
(408, 2),
(409, 2),
(410, 2),
(411, 2),
(412, 2),
(413, 2),
(414, 2),
(415, 2),
(416, 2),
(417, 2),
(418, 2),
(419, 2),
(420, 2),
(421, 2),
(423, 2),
(425, 2),
(426, 2),
(427, 2),
(428, 2),
(472, 2),
(475, 2),
(478, 2),
(489, 2),
(498, 2),
(504, 2),
(513, 2),
(516, 2),
(521, 2),
(522, 2),
(523, 2),
(535, 2),
(563, 2),
(568, 2),
(576, 2),
(588, 2),
(598, 2),
(602, 2),
(603, 2),
(657, 2),
(660, 2),
(671, 2),
(674, 2),
(686, 2),
(694, 2),
(720, 2),
(721, 2),
(739, 2),
(753, 2),
(765, 2),
(774, 2),
(782, 2),
(783, 2),
(790, 2),
(832, 2),
(868, 2),
(876, 2),
(894, 2),
(939, 2),
(6, 3),
(24, 3),
(34, 3),
(35, 3),
(36, 3),
(67, 3),
(68, 3),
(82, 3),
(85, 3),
(86, 3),
(87, 3),
(89, 3),
(129, 3),
(130, 3),
(131, 3),
(132, 3),
(133, 3),
(144, 3),
(174, 3),
(175, 3),
(205, 3),
(212, 3),
(230, 3),
(235, 3),
(237, 3),
(242, 3),
(245, 3),
(254, 3),
(260, 3),
(274, 3),
(283, 3),
(285, 3),
(330, 3),
(331, 3),
(334, 3),
(362, 3),
(363, 3),
(364, 3),
(365, 3),
(366, 3),
(368, 3),
(369, 3),
(370, 3),
(371, 3),
(372, 3),
(373, 3),
(394, 3),
(414, 3),
(428, 3),
(432, 3),
(435, 3),
(477, 3),
(582, 3),
(587, 3),
(589, 3),
(590, 3),
(591, 3),
(596, 3),
(630, 3),
(631, 3),
(632, 3),
(634, 3),
(649, 3),
(650, 3),
(653, 3),
(661, 3),
(682, 3),
(683, 3),
(684, 3),
(716, 3),
(717, 3),
(726, 3),
(743, 3),
(752, 3),
(792, 3),
(834, 3),
(851, 3),
(859, 3),
(860, 3),
(866, 3),
(869, 3),
(876, 3),
(879, 3),
(932, 3),
(944, 3),
(945, 3),
(946, 3),
(947, 3),
(948, 3),
(958, 3),
(961, 3),
(962, 3),
(963, 3),
(965, 3),
(7, 4),
(8, 4),
(9, 4),
(13, 4),
(14, 4),
(17, 4),
(24, 4),
(25, 4),
(26, 4),
(67, 4),
(68, 4),
(69, 4),
(255, 4),
(293, 4),
(310, 4),
(362, 4),
(363, 4),
(364, 4),
(365, 4),
(366, 4),
(367, 4),
(368, 4),
(369, 4),
(370, 4),
(371, 4),
(372, 4),
(373, 4),
(394, 4),
(414, 4),
(428, 4),
(436, 4),
(437, 4),
(438, 4),
(440, 4),
(441, 4),
(442, 4),
(443, 4),
(444, 4),
(445, 4),
(446, 4),
(447, 4),
(589, 4),
(590, 4),
(591, 4),
(611, 4),
(629, 4),
(633, 4),
(634, 4),
(635, 4),
(645, 4),
(646, 4),
(655, 4),
(723, 4),
(724, 4),
(725, 4),
(768, 4),
(775, 4),
(792, 4),
(821, 4),
(823, 4),
(829, 4),
(850, 4),
(863, 4),
(865, 4),
(866, 4),
(883, 4),
(896, 4),
(902, 4),
(931, 4),
(7, 5),
(8, 5),
(9, 5),
(17, 5),
(24, 5),
(25, 5),
(26, 5),
(49, 5),
(50, 5),
(51, 5),
(107, 5),
(108, 5),
(148, 5),
(288, 5),
(290, 5),
(294, 5),
(309, 5),
(311, 5),
(313, 5),
(314, 5),
(316, 5),
(317, 5),
(319, 5),
(365, 5),
(366, 5),
(368, 5),
(369, 5),
(379, 5),
(380, 5),
(394, 5),
(414, 5),
(428, 5),
(432, 5),
(436, 5),
(437, 5),
(438, 5),
(440, 5),
(441, 5),
(442, 5),
(443, 5),
(444, 5),
(445, 5),
(446, 5),
(447, 5),
(451, 5),
(477, 5),
(530, 5),
(564, 5),
(572, 5),
(597, 5),
(601, 5),
(617, 5),
(619, 5),
(637, 5),
(639, 5),
(646, 5),
(653, 5),
(661, 5),
(666, 5),
(720, 5),
(721, 5),
(748, 5),
(783, 5),
(872, 5),
(874, 5),
(879, 5),
(908, 5),
(909, 5),
(910, 5),
(911, 5),
(961, 5),
(979, 5),
(996, 5),
(997, 5),
(10, 6),
(119, 6),
(359, 6),
(360, 6),
(455, 6),
(510, 6),
(537, 6),
(837, 6),
(884, 6),
(10, 7),
(20, 7),
(28, 7),
(29, 7),
(30, 7),
(31, 7),
(32, 7),
(33, 7),
(39, 7),
(40, 7),
(44, 7),
(46, 7),
(53, 7),
(55, 7),
(56, 7),
(59, 7),
(60, 7),
(61, 7),
(62, 7),
(63, 7),
(65, 7),
(66, 7),
(75, 7),
(85, 7),
(88, 7),
(106, 7),
(109, 7),
(110, 7),
(111, 7),
(113, 7),
(116, 7),
(117, 7),
(118, 7),
(121, 7),
(123, 7),
(127, 7),
(128, 7),
(138, 7),
(155, 7),
(158, 7),
(180, 7),
(181, 7),
(183, 7),
(184, 7),
(186, 7),
(189, 7),
(191, 7),
(192, 7),
(193, 7),
(194, 7),
(202, 7),
(207, 7),
(210, 7),
(212, 7),
(214, 7),
(218, 7),
(221, 7),
(222, 7),
(236, 7),
(238, 7),
(250, 7),
(251, 7),
(278, 7),
(279, 7),
(296, 7),
(322, 7),
(323, 7),
(337, 7),
(341, 7),
(359, 7),
(374, 7),
(378, 7),
(379, 7),
(380, 7),
(381, 7),
(383, 7),
(384, 7),
(385, 7),
(386, 7),
(387, 7),
(389, 7),
(391, 7),
(392, 7),
(393, 7),
(396, 7),
(398, 7),
(399, 7),
(402, 7),
(403, 7),
(404, 7),
(405, 7),
(407, 7),
(409, 7),
(410, 7),
(411, 7),
(413, 7),
(415, 7),
(416, 7),
(417, 7),
(418, 7),
(419, 7),
(420, 7),
(421, 7),
(423, 7),
(425, 7),
(426, 7),
(427, 7),
(431, 7),
(434, 7),
(459, 7),
(460, 7),
(461, 7),
(462, 7),
(463, 7),
(471, 7),
(472, 7),
(475, 7),
(478, 7),
(480, 7),
(481, 7),
(482, 7),
(491, 7),
(493, 7),
(496, 7),
(500, 7),
(501, 7),
(505, 7),
(507, 7),
(512, 7),
(515, 7),
(533, 7),
(534, 7),
(537, 7),
(540, 7),
(542, 7),
(549, 7),
(550, 7),
(551, 7),
(552, 7),
(553, 7),
(557, 7),
(558, 7),
(562, 7),
(565, 7),
(566, 7),
(570, 7),
(573, 7),
(575, 7),
(604, 7),
(612, 7),
(616, 7),
(651, 7),
(694, 7),
(730, 7),
(731, 7),
(732, 7),
(733, 7),
(744, 7),
(749, 7),
(750, 7),
(751, 7),
(774, 7),
(791, 7),
(797, 7),
(798, 7),
(822, 7),
(825, 7),
(826, 7),
(827, 7),
(837, 7),
(844, 7),
(852, 7),
(854, 7),
(861, 7),
(862, 7),
(868, 7),
(873, 7),
(878, 7),
(890, 7),
(892, 7),
(893, 7),
(895, 7),
(912, 7),
(916, 7),
(919, 7),
(955, 7),
(972, 7),
(976, 7),
(977, 7),
(978, 7),
(980, 7),
(981, 7),
(998, 7),
(26, 8),
(27, 8),
(34, 8),
(35, 8),
(36, 8),
(85, 8),
(86, 8),
(87, 8),
(89, 8),
(115, 8),
(129, 8),
(130, 8),
(131, 8),
(132, 8),
(133, 8),
(140, 8),
(144, 8),
(151, 8),
(159, 8),
(174, 8),
(209, 8),
(230, 8),
(239, 8),
(242, 8),
(245, 8),
(248, 8),
(257, 8),
(276, 8),
(283, 8),
(287, 8),
(289, 8),
(290, 8),
(291, 8),
(295, 8),
(298, 8),
(299, 8),
(300, 8),
(302, 8),
(303, 8),
(305, 8),
(308, 8),
(321, 8),
(324, 8),
(327, 8),
(340, 8),
(441, 8),
(456, 8),
(457, 8),
(458, 8),
(465, 8),
(466, 8),
(467, 8),
(468, 8),
(469, 8),
(470, 8),
(587, 8),
(595, 8),
(596, 8),
(599, 8),
(606, 8),
(608, 8),
(609, 8),
(610, 8),
(613, 8),
(637, 8),
(638, 8),
(639, 8),
(640, 8),
(647, 8),
(648, 8),
(649, 8),
(650, 8),
(652, 8),
(653, 8),
(654, 8),
(658, 8),
(659, 8),
(661, 8),
(662, 8),
(663, 8),
(664, 8),
(670, 8),
(676, 8),
(678, 8),
(681, 8),
(707, 8),
(734, 8),
(735, 8),
(741, 8),
(742, 8),
(749, 8),
(750, 8),
(751, 8),
(759, 8),
(763, 8),
(766, 8),
(767, 8),
(781, 8),
(799, 8),
(800, 8),
(832, 8),
(833, 8),
(835, 8),
(848, 8),
(849, 8),
(853, 8),
(859, 8),
(860, 8),
(864, 8),
(867, 8),
(872, 8),
(888, 8),
(900, 8),
(918, 8),
(929, 8),
(932, 8),
(941, 8),
(959, 8),
(964, 8),
(988, 8),
(27, 9),
(90, 9),
(91, 9),
(92, 9),
(93, 9),
(94, 9),
(95, 9),
(96, 9),
(97, 9),
(98, 9),
(99, 9),
(100, 9),
(102, 9),
(104, 9),
(105, 9),
(166, 9),
(167, 9),
(168, 9),
(169, 9),
(170, 9),
(171, 9),
(172, 9),
(173, 9),
(178, 9),
(179, 9),
(182, 9),
(197, 9),
(198, 9),
(199, 9),
(201, 9),
(203, 9),
(204, 9),
(205, 9),
(208, 9),
(220, 9),
(223, 9),
(224, 9),
(225, 9),
(226, 9),
(235, 9),
(237, 9),
(254, 9),
(260, 9),
(292, 9),
(301, 9),
(330, 9),
(331, 9),
(357, 9),
(432, 9),
(448, 9),
(449, 9),
(450, 9),
(572, 9),
(585, 9),
(592, 9),
(595, 9),
(600, 9),
(601, 9),
(605, 9),
(613, 9),
(623, 9),
(628, 9),
(641, 9),
(642, 9),
(643, 9),
(644, 9),
(662, 9),
(669, 9),
(677, 9),
(679, 9),
(681, 9),
(685, 9),
(687, 9),
(688, 9),
(689, 9),
(690, 9),
(691, 9),
(692, 9),
(693, 9),
(695, 9),
(708, 9),
(709, 9),
(710, 9),
(711, 9),
(712, 9),
(713, 9),
(714, 9),
(715, 9),
(716, 9),
(717, 9),
(722, 9),
(727, 9),
(728, 9),
(729, 9),
(736, 9),
(737, 9),
(738, 9),
(747, 9),
(754, 9),
(755, 9),
(756, 9),
(757, 9),
(758, 9),
(765, 9),
(773, 9),
(784, 9),
(785, 9),
(786, 9),
(788, 9),
(789, 9),
(793, 9),
(794, 9),
(802, 9),
(803, 9),
(805, 9),
(807, 9),
(810, 9),
(839, 9),
(840, 9),
(841, 9),
(842, 9),
(845, 9),
(869, 9),
(870, 9),
(871, 9),
(882, 9),
(886, 9),
(898, 9),
(899, 9),
(917, 9),
(920, 9),
(921, 9),
(924, 9),
(930, 9),
(934, 9),
(935, 9),
(937, 9),
(940, 9),
(950, 9),
(983, 9),
(984, 9),
(992, 9),
(993, 9),
(994, 9),
(995, 9),
(28, 10),
(29, 10),
(30, 10),
(31, 10),
(32, 10),
(33, 10),
(60, 10),
(61, 10),
(62, 10),
(63, 10),
(64, 10),
(65, 10),
(66, 10),
(106, 10),
(110, 10),
(180, 10),
(181, 10),
(184, 10),
(186, 10),
(191, 10),
(192, 10),
(193, 10),
(202, 10),
(207, 10),
(221, 10),
(222, 10),
(278, 10),
(279, 10),
(322, 10),
(323, 10),
(459, 10),
(460, 10),
(461, 10),
(462, 10),
(463, 10),
(604, 10),
(612, 10),
(616, 10),
(744, 10),
(791, 10),
(822, 10),
(844, 10),
(852, 10),
(854, 10),
(861, 10),
(862, 10),
(878, 10),
(890, 10),
(892, 10),
(893, 10),
(895, 10),
(916, 10),
(919, 10),
(955, 10),
(38, 11),
(79, 11),
(139, 11),
(161, 11),
(162, 11),
(164, 11),
(165, 11),
(187, 11),
(188, 11),
(282, 11),
(332, 11),
(375, 11),
(376, 11),
(377, 11),
(382, 11),
(424, 11),
(439, 11),
(474, 11),
(479, 11),
(483, 11),
(484, 11),
(485, 11),
(486, 11),
(487, 11),
(574, 11),
(969, 11),
(44, 12),
(45, 12),
(46, 12),
(47, 12),
(48, 12),
(83, 12),
(84, 12),
(112, 12),
(120, 12),
(126, 12),
(134, 12),
(135, 12),
(136, 12),
(246, 12),
(378, 12),
(453, 12),
(475, 12),
(496, 12),
(499, 12),
(500, 12),
(501, 12),
(504, 12),
(505, 12),
(536, 12),
(550, 12),
(551, 12),
(552, 12),
(557, 12),
(570, 12),
(573, 12),
(48, 13),
(60, 13),
(61, 13),
(62, 13),
(63, 13),
(64, 13),
(65, 13),
(66, 13),
(71, 13),
(72, 13),
(111, 13),
(117, 13),
(155, 13),
(180, 13),
(181, 13),
(184, 13),
(194, 13),
(200, 13),
(231, 13),
(232, 13),
(233, 13),
(236, 13),
(238, 13),
(247, 13),
(251, 13),
(323, 13),
(339, 13),
(454, 13),
(459, 13),
(480, 13),
(481, 13),
(482, 13),
(523, 13),
(534, 13),
(557, 13),
(614, 13),
(615, 13),
(616, 13),
(726, 13),
(744, 13),
(769, 13),
(822, 13),
(852, 13),
(890, 13),
(892, 13),
(893, 13),
(942, 13),
(71, 14),
(72, 14),
(117, 14),
(138, 14),
(185, 14),
(190, 14),
(195, 14),
(217, 14),
(231, 14),
(232, 14),
(233, 14),
(337, 14),
(341, 14),
(358, 14),
(360, 14),
(431, 14),
(452, 14),
(454, 14),
(506, 14),
(511, 14),
(512, 14),
(515, 14),
(523, 14),
(537, 14),
(540, 14),
(553, 14),
(565, 14),
(570, 14),
(586, 14),
(764, 14),
(769, 14),
(836, 14),
(837, 14),
(843, 14),
(885, 14),
(912, 14),
(933, 14),
(948, 14),
(956, 14),
(957, 14),
(981, 14),
(998, 14),
(999, 14),
(1000, 14),
(90, 15),
(91, 15),
(92, 15),
(93, 15),
(94, 15),
(95, 15),
(96, 15),
(97, 15),
(98, 15),
(99, 15),
(100, 15),
(101, 15),
(102, 15),
(103, 15),
(104, 15),
(105, 15),
(143, 15),
(154, 15),
(177, 15),
(390, 15),
(422, 15),
(508, 15),
(509, 15),
(524, 15),
(526, 15),
(541, 15),
(554, 15),
(561, 15),
(567, 15),
(584, 15),
(620, 15),
(626, 15),
(627, 15),
(641, 15),
(642, 15),
(665, 15),
(675, 15),
(689, 15),
(690, 15),
(691, 15),
(727, 15),
(728, 15),
(729, 15),
(730, 15),
(731, 15),
(732, 15),
(733, 15),
(736, 15),
(737, 15),
(738, 15),
(760, 15),
(793, 15),
(795, 15),
(801, 15),
(802, 15),
(803, 15),
(804, 15),
(805, 15),
(806, 15),
(807, 15),
(819, 15),
(839, 15),
(841, 15),
(842, 15),
(873, 15),
(886, 15),
(887, 15),
(907, 15),
(937, 15),
(943, 15),
(951, 15),
(980, 15),
(101, 16),
(103, 16),
(390, 16),
(111, 17),
(121, 17),
(942, 17),
(176, 18),
(252, 18),
(256, 18),
(258, 18),
(259, 18),
(261, 18),
(262, 18),
(263, 18),
(264, 18),
(265, 18),
(266, 18),
(267, 18),
(268, 18),
(269, 18),
(503, 18),
(524, 18),
(561, 18),
(583, 18),
(605, 18),
(628, 18),
(630, 18),
(631, 18),
(632, 18),
(641, 18),
(642, 18),
(691, 18),
(696, 18),
(697, 18),
(698, 18),
(699, 18),
(700, 18),
(701, 18),
(702, 18),
(703, 18),
(704, 18),
(705, 18),
(716, 18),
(717, 18),
(727, 18),
(728, 18),
(729, 18),
(737, 18),
(746, 18),
(761, 18),
(762, 18),
(770, 18),
(771, 18),
(772, 18),
(776, 18),
(777, 18),
(778, 18),
(779, 18),
(795, 18),
(796, 18),
(801, 18),
(802, 18),
(803, 18),
(804, 18),
(805, 18),
(806, 18),
(807, 18),
(808, 18),
(809, 18),
(811, 18),
(812, 18),
(813, 18),
(814, 18),
(815, 18),
(816, 18),
(817, 18),
(818, 18),
(824, 18),
(830, 18),
(831, 18),
(839, 18),
(841, 18),
(842, 18),
(855, 18),
(856, 18),
(869, 18),
(875, 18),
(886, 18),
(887, 18),
(903, 18),
(904, 18),
(905, 18),
(906, 18),
(907, 18),
(913, 18),
(914, 18),
(915, 18),
(925, 18),
(936, 18),
(938, 18),
(943, 18),
(944, 18),
(945, 18),
(946, 18),
(952, 18),
(953, 18),
(954, 18),
(243, 19),
(838, 20);

-- --------------------------------------------------------

--
-- Structure de la table `Game_has_Plateform`
--

DROP TABLE IF EXISTS `Game_has_Plateform`;
CREATE TABLE IF NOT EXISTS `Game_has_Plateform` (
  `Game_idGame` int(11) NOT NULL,
  `Plateform_idPlateform` int(11) NOT NULL,
  PRIMARY KEY  (`Game_idGame`,`Plateform_idPlateform`),
  KEY `fk_Game_has_Plateform_Plateform1_idx` (`Plateform_idPlateform`),
  KEY `fk_Game_has_Plateform_Game1_idx` (`Game_idGame`)
) ENGINE=InnoDB DEFAULT CHARSET=latin1;

--
-- Contenu de la table `Game_has_Plateform`
--

INSERT INTO `Game_has_Plateform` (`Game_idGame`, `Plateform_idPlateform`) VALUES
(1, 1),
(2, 1),
(3, 1),
(4, 1),
(5, 1),
(6, 1),
(9, 1),
(10, 1),
(11, 1),
(12, 1),
(13, 1),
(14, 1),
(15, 1),
(16, 1),
(17, 1),
(18, 1),
(19, 1),
(20, 1),
(21, 1),
(22, 1),
(25, 1),
(26, 1),
(27, 1),
(31, 1),
(33, 1),
(34, 1),
(35, 1),
(36, 1),
(37, 1),
(38, 1),
(39, 1),
(40, 1),
(41, 1),
(42, 1),
(43, 1),
(44, 1),
(45, 1),
(46, 1),
(52, 1),
(56, 1),
(57, 1),
(58, 1),
(59, 1),
(62, 1),
(63, 1),
(64, 1),
(65, 1),
(66, 1),
(68, 1),
(69, 1),
(71, 1),
(72, 1),
(73, 1),
(74, 1),
(75, 1),
(76, 1),
(77, 1),
(78, 1),
(79, 1),
(80, 1),
(81, 1),
(82, 1),
(87, 1),
(88, 1),
(89, 1),
(90, 1),
(91, 1),
(92, 1),
(93, 1),
(94, 1),
(95, 1),
(96, 1),
(97, 1),
(98, 1),
(99, 1),
(100, 1),
(101, 1),
(102, 1),
(104, 1),
(105, 1),
(107, 1),
(108, 1),
(109, 1),
(110, 1),
(111, 1),
(112, 1),
(113, 1),
(114, 1),
(115, 1),
(116, 1),
(118, 1),
(120, 1),
(121, 1),
(122, 1),
(123, 1),
(124, 1),
(125, 1),
(126, 1),
(127, 1),
(128, 1),
(130, 1),
(131, 1),
(132, 1),
(133, 1),
(136, 1),
(137, 1),
(138, 1),
(139, 1),
(140, 1),
(141, 1),
(142, 1),
(144, 1),
(145, 1),
(146, 1),
(147, 1),
(148, 1),
(149, 1),
(150, 1),
(151, 1),
(152, 1),
(153, 1),
(154, 1),
(155, 1),
(157, 1),
(158, 1),
(159, 1),
(160, 1),
(161, 1),
(162, 1),
(163, 1),
(169, 1),
(170, 1),
(172, 1),
(174, 1),
(175, 1),
(180, 1),
(181, 1),
(183, 1),
(187, 1),
(188, 1),
(189, 1),
(190, 1),
(191, 1),
(194, 1),
(196, 1),
(200, 1),
(202, 1),
(203, 1),
(206, 1),
(207, 1),
(209, 1),
(210, 1),
(211, 1),
(212, 1),
(214, 1),
(215, 1),
(216, 1),
(218, 1),
(220, 1),
(221, 1),
(222, 1),
(223, 1),
(224, 1),
(225, 1),
(226, 1),
(227, 1),
(228, 1),
(229, 1),
(230, 1),
(231, 1),
(232, 1),
(233, 1),
(234, 1),
(235, 1),
(236, 1),
(237, 1),
(238, 1),
(239, 1),
(240, 1),
(241, 1),
(242, 1),
(243, 1),
(244, 1),
(245, 1),
(246, 1),
(247, 1),
(249, 1),
(250, 1),
(252, 1),
(253, 1),
(254, 1),
(255, 1),
(256, 1),
(257, 1),
(258, 1),
(259, 1),
(260, 1),
(261, 1),
(262, 1),
(263, 1),
(264, 1),
(265, 1),
(266, 1),
(267, 1),
(270, 1),
(271, 1),
(272, 1),
(273, 1),
(274, 1),
(275, 1),
(276, 1),
(277, 1),
(278, 1),
(280, 1),
(281, 1),
(282, 1),
(284, 1),
(285, 1),
(286, 1),
(287, 1),
(288, 1),
(289, 1),
(290, 1),
(291, 1),
(292, 1),
(293, 1),
(294, 1),
(295, 1),
(296, 1),
(297, 1),
(298, 1),
(299, 1),
(300, 1),
(301, 1),
(302, 1),
(303, 1),
(304, 1),
(305, 1),
(306, 1),
(307, 1),
(308, 1),
(309, 1),
(310, 1),
(311, 1),
(312, 1),
(313, 1),
(316, 1),
(317, 1),
(318, 1),
(320, 1),
(321, 1),
(322, 1),
(324, 1),
(325, 1),
(326, 1),
(327, 1),
(328, 1),
(329, 1),
(330, 1),
(331, 1),
(332, 1),
(333, 1),
(334, 1),
(335, 1),
(336, 1),
(337, 1),
(338, 1),
(339, 1),
(340, 1),
(341, 1),
(342, 1),
(343, 1),
(344, 1),
(345, 1),
(346, 1),
(347, 1),
(349, 1),
(350, 1),
(352, 1),
(353, 1),
(354, 1),
(355, 1),
(356, 1),
(357, 1),
(360, 1),
(361, 1),
(362, 1),
(363, 1),
(364, 1),
(365, 1),
(366, 1),
(367, 1),
(368, 1),
(369, 1),
(370, 1),
(371, 1),
(372, 1),
(373, 1),
(375, 1),
(378, 1),
(384, 1),
(386, 1),
(389, 1),
(390, 1),
(400, 1),
(402, 1),
(405, 1),
(409, 1),
(411, 1),
(416, 1),
(419, 1),
(421, 1),
(422, 1),
(424, 1),
(425, 1),
(426, 1),
(427, 1),
(429, 1),
(430, 1),
(432, 1),
(433, 1),
(436, 1),
(437, 1),
(438, 1),
(440, 1),
(441, 1),
(442, 1),
(443, 1),
(444, 1),
(445, 1),
(446, 1),
(447, 1),
(448, 1),
(449, 1),
(450, 1),
(451, 1),
(456, 1),
(457, 1),
(458, 1),
(459, 1),
(460, 1),
(461, 1),
(462, 1),
(463, 1),
(464, 1),
(465, 1),
(466, 1),
(467, 1),
(468, 1),
(469, 1),
(470, 1),
(471, 1),
(472, 1),
(474, 1),
(475, 1),
(477, 1),
(478, 1),
(481, 1),
(482, 1),
(483, 1),
(485, 1),
(488, 1),
(489, 1),
(490, 1),
(491, 1),
(494, 1),
(495, 1),
(496, 1),
(498, 1),
(500, 1),
(501, 1),
(502, 1),
(503, 1),
(504, 1),
(505, 1),
(508, 1),
(509, 1),
(513, 1),
(514, 1),
(516, 1),
(517, 1),
(518, 1),
(519, 1),
(520, 1),
(524, 1),
(526, 1),
(527, 1),
(528, 1),
(529, 1),
(530, 1),
(532, 1),
(533, 1),
(535, 1),
(536, 1),
(537, 1),
(538, 1),
(539, 1),
(540, 1),
(541, 1),
(542, 1),
(543, 1),
(544, 1),
(545, 1),
(546, 1),
(547, 1),
(553, 1),
(554, 1),
(555, 1),
(556, 1),
(557, 1),
(558, 1),
(559, 1),
(560, 1),
(561, 1),
(562, 1),
(563, 1),
(564, 1),
(566, 1),
(567, 1),
(569, 1),
(570, 1),
(571, 1),
(572, 1),
(573, 1),
(575, 1),
(576, 1),
(578, 1),
(582, 1),
(583, 1),
(584, 1),
(585, 1),
(586, 1),
(587, 1),
(588, 1),
(589, 1),
(590, 1),
(591, 1),
(592, 1),
(593, 1),
(594, 1),
(595, 1),
(596, 1),
(597, 1),
(598, 1),
(599, 1),
(601, 1),
(602, 1),
(603, 1),
(605, 1),
(606, 1),
(607, 1),
(609, 1),
(611, 1),
(612, 1),
(613, 1),
(614, 1),
(615, 1),
(617, 1),
(618, 1),
(619, 1),
(620, 1),
(621, 1),
(622, 1),
(623, 1),
(624, 1),
(625, 1),
(627, 1),
(628, 1),
(630, 1),
(631, 1),
(632, 1),
(633, 1),
(634, 1),
(635, 1),
(636, 1),
(638, 1),
(639, 1),
(640, 1),
(641, 1),
(642, 1),
(643, 1),
(644, 1),
(645, 1),
(646, 1),
(647, 1),
(648, 1),
(649, 1),
(650, 1),
(652, 1),
(653, 1),
(654, 1),
(656, 1),
(657, 1),
(658, 1),
(659, 1),
(660, 1),
(661, 1),
(662, 1),
(663, 1),
(664, 1),
(665, 1),
(666, 1),
(667, 1),
(668, 1),
(669, 1),
(670, 1),
(671, 1),
(672, 1),
(673, 1),
(674, 1),
(675, 1),
(676, 1),
(677, 1),
(678, 1),
(679, 1),
(680, 1),
(681, 1),
(682, 1),
(683, 1),
(684, 1),
(685, 1),
(686, 1),
(687, 1),
(688, 1),
(689, 1),
(690, 1),
(691, 1),
(692, 1),
(693, 1),
(694, 1),
(695, 1),
(696, 1),
(697, 1),
(698, 1),
(699, 1),
(700, 1),
(701, 1),
(702, 1),
(703, 1),
(705, 1),
(706, 1),
(707, 1),
(708, 1),
(709, 1),
(711, 1),
(712, 1),
(713, 1),
(714, 1),
(715, 1),
(716, 1),
(717, 1),
(718, 1),
(719, 1),
(720, 1),
(721, 1),
(722, 1),
(723, 1),
(724, 1),
(725, 1),
(726, 1),
(727, 1),
(729, 1),
(730, 1),
(731, 1),
(732, 1),
(733, 1),
(734, 1),
(735, 1),
(736, 1),
(737, 1),
(738, 1),
(739, 1),
(740, 1),
(741, 1),
(742, 1),
(743, 1),
(744, 1),
(745, 1),
(746, 1),
(748, 1),
(749, 1),
(750, 1),
(751, 1),
(752, 1),
(753, 1),
(754, 1),
(755, 1),
(756, 1),
(757, 1),
(758, 1),
(759, 1),
(760, 1),
(761, 1),
(762, 1),
(763, 1),
(764, 1),
(765, 1),
(766, 1),
(767, 1),
(768, 1),
(769, 1),
(770, 1),
(771, 1),
(772, 1),
(773, 1),
(774, 1),
(776, 1),
(777, 1),
(778, 1),
(779, 1),
(780, 1),
(781, 1),
(782, 1),
(783, 1),
(784, 1),
(785, 1),
(786, 1),
(787, 1),
(788, 1),
(789, 1),
(790, 1),
(792, 1),
(793, 1),
(795, 1),
(796, 1),
(797, 1),
(798, 1),
(799, 1),
(800, 1),
(801, 1),
(802, 1),
(803, 1),
(804, 1),
(805, 1),
(806, 1),
(807, 1),
(808, 1),
(809, 1),
(811, 1),
(812, 1),
(813, 1),
(814, 1),
(815, 1),
(816, 1),
(817, 1),
(818, 1),
(819, 1),
(820, 1),
(821, 1),
(822, 1),
(823, 1),
(824, 1),
(826, 1),
(827, 1),
(828, 1),
(829, 1),
(830, 1),
(831, 1),
(832, 1),
(834, 1),
(835, 1),
(836, 1),
(837, 1),
(838, 1),
(839, 1),
(840, 1),
(841, 1),
(842, 1),
(843, 1),
(844, 1),
(845, 1),
(846, 1),
(847, 1),
(848, 1),
(849, 1),
(850, 1),
(851, 1),
(852, 1),
(853, 1),
(854, 1),
(855, 1),
(856, 1),
(857, 1),
(858, 1),
(859, 1),
(860, 1),
(861, 1),
(862, 1),
(863, 1),
(864, 1),
(865, 1),
(866, 1),
(867, 1),
(868, 1),
(869, 1),
(870, 1),
(871, 1),
(872, 1),
(873, 1),
(874, 1),
(875, 1),
(876, 1),
(877, 1),
(879, 1),
(880, 1),
(881, 1),
(882, 1),
(884, 1),
(885, 1),
(886, 1),
(887, 1),
(888, 1),
(889, 1),
(890, 1),
(891, 1),
(892, 1),
(893, 1),
(894, 1),
(895, 1),
(896, 1),
(897, 1),
(898, 1),
(899, 1),
(900, 1),
(901, 1),
(902, 1),
(903, 1),
(904, 1),
(905, 1),
(906, 1),
(907, 1),
(908, 1),
(910, 1),
(911, 1),
(912, 1),
(913, 1),
(914, 1),
(915, 1),
(916, 1),
(917, 1),
(918, 1),
(920, 1),
(921, 1),
(922, 1),
(923, 1),
(925, 1),
(926, 1),
(927, 1),
(928, 1),
(929, 1),
(930, 1),
(931, 1),
(932, 1),
(933, 1),
(934, 1),
(935, 1),
(936, 1),
(937, 1),
(938, 1),
(939, 1),
(941, 1),
(942, 1),
(943, 1),
(944, 1),
(945, 1),
(946, 1),
(947, 1),
(948, 1),
(950, 1),
(951, 1),
(956, 1),
(957, 1),
(958, 1),
(959, 1),
(960, 1),
(961, 1),
(964, 1),
(965, 1),
(966, 1),
(967, 1),
(974, 1),
(977, 1),
(978, 1),
(979, 1),
(980, 1),
(981, 1),
(982, 1),
(983, 1),
(984, 1),
(986, 1),
(992, 1),
(993, 1),
(994, 1),
(995, 1),
(999, 1),
(1000, 1),
(3, 2),
(10, 2),
(18, 2),
(19, 2),
(39, 2),
(42, 2),
(56, 2),
(79, 2),
(83, 2),
(84, 2),
(95, 2),
(96, 2),
(97, 2),
(98, 2),
(99, 2),
(116, 2),
(118, 2),
(141, 2),
(142, 2),
(148, 2),
(149, 2),
(152, 2),
(153, 2),
(187, 2),
(190, 2),
(203, 2),
(211, 2),
(223, 2),
(224, 2),
(233, 2),
(241, 2),
(250, 2),
(254, 2),
(275, 2),
(280, 2),
(281, 2),
(297, 2),
(314, 2),
(341, 2),
(348, 2),
(439, 2),
(474, 2),
(481, 2),
(483, 2),
(521, 2),
(575, 2),
(583, 2),
(602, 2),
(617, 2),
(619, 2),
(641, 2),
(653, 2),
(672, 2),
(689, 2),
(694, 2),
(696, 2),
(700, 2),
(702, 2),
(703, 2),
(719, 2),
(726, 2),
(730, 2),
(732, 2),
(733, 2),
(740, 2),
(748, 2),
(776, 2),
(777, 2),
(778, 2),
(787, 2),
(796, 2),
(797, 2),
(798, 2),
(808, 2),
(815, 2),
(816, 2),
(828, 2),
(836, 2),
(837, 2),
(841, 2),
(856, 2),
(857, 2),
(868, 2),
(874, 2),
(890, 2),
(903, 2),
(904, 2),
(905, 2),
(906, 2),
(907, 2),
(908, 2),
(910, 2),
(911, 2),
(913, 2),
(914, 2),
(915, 2),
(925, 2),
(949, 2),
(986, 2),
(4, 3),
(15, 3),
(16, 3),
(20, 3),
(21, 3),
(37, 3),
(38, 3),
(40, 3),
(43, 3),
(44, 3),
(45, 3),
(46, 3),
(59, 3),
(64, 3),
(71, 3),
(72, 3),
(73, 3),
(74, 3),
(75, 3),
(76, 3),
(77, 3),
(78, 3),
(99, 3),
(100, 3),
(101, 3),
(102, 3),
(105, 3),
(109, 3),
(112, 3),
(113, 3),
(119, 3),
(120, 3),
(121, 3),
(127, 3),
(128, 3),
(137, 3),
(138, 3),
(189, 3),
(210, 3),
(212, 3),
(233, 3),
(244, 3),
(247, 3),
(260, 3),
(338, 3),
(339, 3),
(343, 3),
(351, 3),
(352, 3),
(361, 3),
(374, 3),
(377, 3),
(378, 3),
(380, 3),
(382, 3),
(384, 3),
(386, 3),
(389, 3),
(430, 3),
(431, 3),
(433, 3),
(434, 3),
(450, 3),
(451, 3),
(471, 3),
(472, 3),
(473, 3),
(475, 3),
(485, 3),
(487, 3),
(488, 3),
(490, 3),
(491, 3),
(493, 3),
(494, 3),
(496, 3),
(498, 3),
(499, 3),
(500, 3),
(501, 3),
(502, 3),
(503, 3),
(505, 3),
(506, 3),
(509, 3),
(511, 3),
(512, 3),
(514, 3),
(515, 3),
(516, 3),
(517, 3),
(520, 3),
(523, 3),
(524, 3),
(526, 3),
(527, 3),
(528, 3),
(529, 3),
(530, 3),
(531, 3),
(533, 3),
(536, 3),
(537, 3),
(538, 3),
(539, 3),
(540, 3),
(541, 3),
(542, 3),
(543, 3),
(544, 3),
(545, 3),
(549, 3),
(550, 3),
(551, 3),
(552, 3),
(553, 3),
(554, 3),
(555, 3),
(556, 3),
(557, 3),
(558, 3),
(559, 3),
(560, 3),
(561, 3),
(564, 3),
(565, 3),
(566, 3),
(567, 3),
(568, 3),
(569, 3),
(570, 3),
(571, 3),
(573, 3),
(574, 3),
(575, 3),
(576, 3),
(578, 3),
(607, 3),
(618, 3),
(620, 3),
(623, 3),
(625, 3),
(680, 3),
(731, 3),
(782, 3),
(824, 3),
(826, 3),
(833, 3),
(836, 3),
(837, 3),
(846, 3),
(847, 3),
(873, 3),
(875, 3),
(884, 3),
(891, 3),
(894, 3),
(909, 3),
(928, 3),
(943, 3),
(949, 3),
(952, 3),
(953, 3),
(954, 3),
(959, 3),
(960, 3),
(968, 3),
(974, 3),
(977, 3),
(978, 3),
(979, 3),
(981, 3),
(982, 3),
(983, 3),
(984, 3),
(985, 3),
(996, 3),
(997, 3),
(4, 4),
(117, 4),
(120, 4),
(121, 4),
(359, 4),
(386, 4),
(431, 4),
(493, 4),
(513, 4),
(565, 4),
(730, 4),
(732, 4),
(733, 4),
(885, 4),
(4, 5),
(10, 5),
(15, 5),
(16, 5),
(20, 5),
(21, 5),
(37, 5),
(38, 5),
(40, 5),
(43, 5),
(44, 5),
(45, 5),
(46, 5),
(59, 5),
(71, 5),
(72, 5),
(73, 5),
(74, 5),
(75, 5),
(76, 5),
(77, 5),
(78, 5),
(98, 5),
(99, 5),
(100, 5),
(101, 5),
(102, 5),
(105, 5),
(109, 5),
(112, 5),
(113, 5),
(119, 5),
(120, 5),
(121, 5),
(122, 5),
(124, 5),
(127, 5),
(128, 5),
(137, 5),
(138, 5),
(189, 5),
(190, 5),
(210, 5),
(212, 5),
(233, 5),
(244, 5),
(247, 5),
(260, 5),
(276, 5),
(321, 5),
(338, 5),
(339, 5),
(342, 5),
(343, 5),
(348, 5),
(351, 5),
(352, 5),
(355, 5),
(356, 5),
(361, 5),
(374, 5),
(377, 5),
(378, 5),
(382, 5),
(384, 5),
(389, 5),
(402, 5),
(405, 5),
(409, 5),
(411, 5),
(416, 5),
(429, 5),
(430, 5),
(433, 5),
(434, 5),
(450, 5),
(451, 5),
(471, 5),
(472, 5),
(473, 5),
(475, 5),
(478, 5),
(485, 5),
(487, 5),
(488, 5),
(490, 5),
(491, 5),
(492, 5),
(494, 5),
(495, 5),
(496, 5),
(498, 5),
(500, 5),
(501, 5),
(502, 5),
(503, 5),
(504, 5),
(505, 5),
(506, 5),
(509, 5),
(510, 5),
(514, 5),
(516, 5),
(517, 5),
(520, 5),
(522, 5),
(524, 5),
(526, 5),
(527, 5),
(528, 5),
(529, 5),
(530, 5),
(531, 5),
(533, 5),
(536, 5),
(537, 5),
(538, 5),
(539, 5),
(540, 5),
(541, 5),
(542, 5),
(543, 5),
(544, 5),
(545, 5),
(546, 5),
(547, 5),
(548, 5),
(553, 5),
(554, 5),
(555, 5),
(556, 5),
(557, 5),
(558, 5),
(559, 5),
(560, 5),
(561, 5),
(562, 5),
(564, 5),
(566, 5),
(567, 5),
(568, 5),
(569, 5),
(570, 5),
(571, 5),
(573, 5),
(574, 5),
(578, 5),
(607, 5),
(614, 5),
(618, 5),
(620, 5),
(622, 5),
(623, 5),
(625, 5),
(680, 5),
(696, 5),
(700, 5),
(707, 5),
(731, 5),
(782, 5),
(783, 5),
(824, 5),
(825, 5),
(826, 5),
(833, 5),
(846, 5),
(847, 5),
(862, 5),
(873, 5),
(875, 5),
(884, 5),
(891, 5),
(894, 5),
(903, 5),
(909, 5),
(928, 5),
(943, 5),
(945, 5),
(946, 5),
(949, 5),
(952, 5),
(953, 5),
(954, 5),
(959, 5),
(960, 5),
(968, 5),
(974, 5),
(977, 5),
(978, 5),
(979, 5),
(981, 5),
(982, 5),
(983, 5),
(984, 5),
(987, 5),
(988, 5),
(989, 5),
(990, 5),
(991, 5),
(996, 5),
(997, 5),
(4, 6),
(120, 6),
(121, 6),
(359, 6),
(5, 7),
(6, 7),
(9, 7),
(71, 7),
(118, 7),
(121, 7),
(124, 7),
(175, 7),
(191, 7),
(207, 7),
(212, 7),
(216, 7),
(231, 7),
(232, 7),
(233, 7),
(237, 7),
(247, 7),
(280, 7),
(281, 7),
(285, 7),
(323, 7),
(326, 7),
(328, 7),
(333, 7),
(338, 7),
(355, 7),
(356, 7),
(364, 7),
(478, 7),
(527, 7),
(538, 7),
(546, 7),
(586, 7),
(612, 7),
(661, 7),
(667, 7),
(672, 7),
(673, 7),
(680, 7),
(742, 7),
(749, 7),
(763, 7),
(767, 7),
(781, 7),
(787, 7),
(799, 7),
(832, 7),
(844, 7),
(851, 7),
(857, 7),
(859, 7),
(863, 7),
(866, 7),
(885, 7),
(891, 7),
(922, 7),
(926, 7),
(927, 7),
(942, 7),
(6, 8),
(10, 8),
(12, 8),
(13, 8),
(14, 8),
(18, 8),
(20, 8),
(21, 8),
(23, 8),
(28, 8),
(29, 8),
(30, 8),
(31, 8),
(33, 8),
(34, 8),
(35, 8),
(41, 8),
(43, 8),
(49, 8),
(60, 8),
(61, 8),
(63, 8),
(64, 8),
(65, 8),
(67, 8),
(68, 8),
(69, 8),
(71, 8),
(72, 8),
(76, 8),
(77, 8),
(78, 8),
(79, 8),
(80, 8),
(81, 8),
(99, 8),
(110, 8),
(115, 8),
(116, 8),
(118, 8),
(120, 8),
(121, 8),
(122, 8),
(123, 8),
(124, 8),
(125, 8),
(126, 8),
(127, 8),
(129, 8),
(130, 8),
(131, 8),
(132, 8),
(133, 8),
(139, 8),
(140, 8),
(141, 8),
(144, 8),
(152, 8),
(153, 8),
(154, 8),
(157, 8),
(161, 8),
(166, 8),
(167, 8),
(168, 8),
(173, 8),
(175, 8),
(180, 8),
(183, 8),
(184, 8),
(186, 8),
(187, 8),
(189, 8),
(190, 8),
(191, 8),
(193, 8),
(199, 8),
(200, 8),
(201, 8),
(202, 8),
(205, 8),
(207, 8),
(212, 8),
(214, 8),
(215, 8),
(216, 8),
(219, 8),
(220, 8),
(221, 8),
(223, 8),
(224, 8),
(225, 8),
(226, 8),
(227, 8),
(228, 8),
(229, 8),
(230, 8),
(231, 8),
(232, 8),
(233, 8),
(235, 8),
(236, 8),
(237, 8),
(238, 8),
(239, 8),
(240, 8),
(246, 8),
(247, 8),
(248, 8),
(253, 8),
(260, 8),
(263, 8),
(265, 8),
(273, 8),
(274, 8),
(279, 8),
(280, 8),
(281, 8),
(282, 8),
(283, 8),
(284, 8),
(285, 8),
(293, 8),
(299, 8),
(307, 8),
(308, 8),
(310, 8),
(312, 8),
(321, 8),
(323, 8),
(324, 8),
(326, 8),
(327, 8),
(328, 8),
(329, 8),
(330, 8),
(333, 8),
(334, 8),
(337, 8),
(338, 8),
(339, 8),
(341, 8),
(342, 8),
(346, 8),
(349, 8),
(356, 8),
(362, 8),
(363, 8),
(364, 8),
(367, 8),
(370, 8),
(433, 8),
(438, 8),
(445, 8),
(452, 8),
(456, 8),
(457, 8),
(458, 8),
(459, 8),
(460, 8),
(475, 8),
(477, 8),
(478, 8),
(498, 8),
(500, 8),
(501, 8),
(509, 8),
(526, 8),
(527, 8),
(538, 8),
(540, 8),
(542, 8),
(546, 8),
(561, 8),
(562, 8),
(584, 8),
(586, 8),
(594, 8),
(599, 8),
(600, 8),
(604, 8),
(612, 8),
(614, 8),
(615, 8),
(616, 8),
(617, 8),
(619, 8),
(622, 8),
(623, 8),
(624, 8),
(626, 8),
(628, 8),
(629, 8),
(632, 8),
(633, 8),
(634, 8),
(636, 8),
(637, 8),
(639, 8),
(645, 8),
(646, 8),
(647, 8),
(649, 8),
(650, 8),
(651, 8),
(653, 8),
(655, 8),
(656, 8),
(661, 8),
(667, 8),
(668, 8),
(673, 8),
(675, 8),
(679, 8),
(680, 8),
(682, 8),
(683, 8),
(684, 8),
(689, 8),
(694, 8),
(695, 8),
(716, 8),
(717, 8),
(720, 8),
(726, 8),
(730, 8),
(732, 8),
(733, 8),
(740, 8),
(741, 8),
(743, 8),
(745, 8),
(749, 8),
(750, 8),
(753, 8),
(763, 8),
(764, 8),
(774, 8),
(780, 8),
(781, 8),
(784, 8),
(797, 8),
(798, 8),
(799, 8),
(800, 8),
(803, 8),
(804, 8),
(820, 8),
(822, 8),
(832, 8),
(840, 8),
(844, 8),
(848, 8),
(849, 8),
(851, 8),
(852, 8),
(853, 8),
(863, 8),
(865, 8),
(866, 8),
(868, 8),
(877, 8),
(885, 8),
(890, 8),
(891, 8),
(892, 8),
(893, 8),
(897, 8),
(898, 8),
(899, 8),
(902, 8),
(904, 8),
(906, 8),
(907, 8),
(908, 8),
(910, 8),
(912, 8),
(913, 8),
(914, 8),
(915, 8),
(916, 8),
(918, 8),
(924, 8),
(926, 8),
(927, 8),
(934, 8),
(939, 8),
(942, 8),
(944, 8),
(945, 8),
(946, 8),
(948, 8),
(951, 8),
(955, 8),
(956, 8),
(957, 8),
(959, 8),
(960, 8),
(962, 8),
(963, 8),
(965, 8),
(981, 8),
(982, 8),
(7, 9),
(8, 9),
(13, 9),
(23, 9),
(24, 9),
(25, 9),
(26, 9),
(28, 9),
(29, 9),
(30, 9),
(31, 9),
(32, 9),
(33, 9),
(35, 9),
(49, 9),
(50, 9),
(51, 9),
(53, 9),
(54, 9),
(55, 9),
(60, 9),
(61, 9),
(67, 9),
(68, 9),
(70, 9),
(85, 9),
(86, 9),
(90, 9),
(106, 9),
(110, 9),
(129, 9),
(130, 9),
(131, 9),
(157, 9),
(166, 9),
(167, 9),
(168, 9),
(171, 9),
(173, 9),
(175, 9),
(178, 9),
(179, 9),
(180, 9),
(182, 9),
(184, 9),
(185, 9),
(186, 9),
(191, 9),
(192, 9),
(193, 9),
(195, 9),
(197, 9),
(198, 9),
(200, 9),
(202, 9),
(204, 9),
(205, 9),
(207, 9),
(208, 9),
(219, 9),
(220, 9),
(221, 9),
(222, 9),
(248, 9),
(251, 9),
(253, 9),
(279, 9),
(283, 9),
(284, 9),
(295, 9),
(309, 9),
(312, 9),
(323, 9),
(330, 9),
(342, 9),
(362, 9),
(363, 9),
(374, 9),
(435, 9),
(452, 9),
(454, 9),
(459, 9),
(460, 9),
(586, 9),
(592, 9),
(600, 9),
(604, 9),
(608, 9),
(610, 9),
(612, 9),
(616, 9),
(626, 9),
(629, 9),
(637, 9),
(647, 9),
(651, 9),
(652, 9),
(655, 9),
(656, 9),
(663, 9),
(665, 9),
(668, 9),
(673, 9),
(676, 9),
(704, 9),
(710, 9),
(728, 9),
(744, 9),
(747, 9),
(775, 9),
(780, 9),
(784, 9),
(785, 9),
(791, 9),
(794, 9),
(810, 9),
(844, 9),
(852, 9),
(878, 9),
(883, 9),
(889, 9),
(892, 9),
(893, 9),
(902, 9),
(912, 9),
(916, 9),
(924, 9),
(934, 9),
(940, 9),
(955, 9),
(956, 9),
(957, 9),
(962, 9),
(963, 9),
(980, 9),
(7, 10),
(48, 10),
(97, 10),
(98, 10),
(99, 10),
(100, 10),
(101, 10),
(103, 10),
(137, 10),
(138, 10),
(189, 10),
(190, 10),
(210, 10),
(217, 10),
(224, 10),
(225, 10),
(236, 10),
(260, 10),
(392, 10),
(393, 10),
(399, 10),
(400, 10),
(403, 10),
(410, 10),
(424, 10),
(476, 10),
(503, 10),
(526, 10),
(542, 10),
(545, 10),
(553, 10),
(561, 10),
(566, 10),
(568, 10),
(573, 10),
(623, 10),
(625, 10),
(662, 10),
(696, 10),
(700, 10),
(778, 10),
(843, 10),
(890, 10),
(906, 10),
(911, 10),
(9, 11),
(24, 11),
(28, 11),
(29, 11),
(30, 11),
(31, 11),
(49, 11),
(50, 11),
(60, 11),
(61, 11),
(85, 11),
(86, 11),
(106, 11),
(178, 11),
(184, 11),
(185, 11),
(186, 11),
(191, 11),
(192, 11),
(195, 11),
(200, 11),
(205, 11),
(208, 11),
(248, 11),
(251, 11),
(283, 11),
(330, 11),
(333, 11),
(435, 11),
(454, 11),
(459, 11),
(460, 11),
(586, 11),
(612, 11),
(669, 11),
(744, 11),
(852, 11),
(892, 11),
(893, 11),
(902, 11),
(924, 11),
(962, 11),
(963, 11),
(18, 12),
(19, 12),
(34, 12),
(39, 12),
(41, 12),
(63, 12),
(83, 12),
(84, 12),
(88, 12),
(95, 12),
(96, 12),
(97, 12),
(98, 12),
(99, 12),
(100, 12),
(101, 12),
(134, 12),
(135, 12),
(136, 12),
(141, 12),
(142, 12),
(149, 12),
(187, 12),
(189, 12),
(190, 12),
(203, 12),
(210, 12),
(218, 12),
(223, 12),
(224, 12),
(225, 12),
(231, 12),
(272, 12),
(275, 12),
(281, 12),
(314, 12),
(327, 12),
(341, 12),
(348, 12),
(374, 12),
(376, 12),
(377, 12),
(379, 12),
(398, 12),
(402, 12),
(404, 12),
(405, 12),
(409, 12),
(411, 12),
(413, 12),
(416, 12),
(418, 12),
(439, 12),
(474, 12),
(475, 12),
(479, 12),
(481, 12),
(482, 12),
(483, 12),
(484, 12),
(486, 12),
(503, 12),
(549, 12),
(551, 12),
(566, 12),
(568, 12),
(573, 12),
(583, 12),
(584, 12),
(617, 12),
(619, 12),
(625, 12),
(641, 12),
(653, 12),
(689, 12),
(690, 12),
(696, 12),
(698, 12),
(700, 12),
(701, 12),
(702, 12),
(703, 12),
(719, 12),
(726, 12),
(730, 12),
(732, 12),
(733, 12),
(748, 12),
(776, 12),
(777, 12),
(778, 12),
(796, 12),
(797, 12),
(808, 12),
(814, 12),
(815, 12),
(816, 12),
(824, 12),
(836, 12),
(837, 12),
(843, 12),
(856, 12),
(874, 12),
(875, 12),
(877, 12),
(890, 12),
(897, 12),
(903, 12),
(904, 12),
(905, 12),
(906, 12),
(907, 12),
(908, 12),
(910, 12),
(911, 12),
(914, 12),
(915, 12),
(925, 12),
(936, 12),
(949, 12),
(968, 12),
(971, 12),
(972, 12),
(973, 12),
(974, 12),
(18, 13),
(83, 13),
(94, 13),
(96, 13),
(97, 13),
(98, 13),
(99, 13),
(190, 13),
(224, 13),
(225, 13),
(284, 13),
(312, 13),
(341, 13),
(358, 13),
(385, 13),
(387, 13),
(406, 13),
(408, 13),
(414, 13),
(419, 13),
(426, 13),
(452, 13),
(454, 13),
(616, 13),
(642, 13),
(673, 13),
(689, 13),
(696, 13),
(700, 13),
(702, 13),
(703, 13),
(776, 13),
(777, 13),
(778, 13),
(815, 13),
(836, 13),
(874, 13),
(905, 13),
(910, 13),
(913, 13),
(914, 13),
(915, 13),
(924, 13),
(935, 13),
(18, 14),
(64, 14),
(65, 14),
(66, 14),
(101, 14),
(102, 14),
(105, 14),
(112, 14),
(116, 14),
(121, 14),
(137, 14),
(213, 14),
(236, 14),
(243, 14),
(260, 14),
(268, 14),
(269, 14),
(284, 14),
(323, 14),
(342, 14),
(343, 14),
(352, 14),
(385, 14),
(387, 14),
(394, 14),
(400, 14),
(426, 14),
(459, 14),
(475, 14),
(503, 14),
(509, 14),
(513, 14),
(562, 14),
(586, 14),
(612, 14),
(665, 14),
(675, 14),
(730, 14),
(733, 14),
(781, 14),
(828, 14),
(843, 14),
(884, 14),
(890, 14),
(895, 14),
(898, 14),
(913, 14),
(919, 14),
(942, 14),
(956, 14),
(974, 14),
(983, 14),
(18, 15),
(102, 15),
(116, 15),
(121, 15),
(393, 15),
(394, 15),
(426, 15),
(459, 15),
(503, 15),
(513, 15),
(562, 15),
(730, 15),
(732, 15),
(733, 15),
(781, 15),
(828, 15),
(890, 15),
(942, 15),
(24, 16),
(25, 16),
(51, 16),
(87, 16),
(90, 16),
(91, 16),
(92, 16),
(93, 16),
(94, 16),
(125, 16),
(130, 16),
(131, 16),
(143, 16),
(157, 16),
(158, 16),
(177, 16),
(219, 16),
(236, 16),
(238, 16),
(243, 16),
(279, 16),
(283, 16),
(285, 16),
(294, 16),
(295, 16),
(330, 16),
(341, 16),
(342, 16),
(375, 16),
(385, 16),
(387, 16),
(417, 16),
(419, 16),
(420, 16),
(421, 16),
(422, 16),
(423, 16),
(424, 16),
(425, 16),
(426, 16),
(427, 16),
(428, 16),
(480, 16),
(583, 16),
(616, 16),
(626, 16),
(634, 16),
(642, 16),
(647, 16),
(660, 16),
(668, 16),
(673, 16),
(675, 16),
(689, 16),
(690, 16),
(697, 16),
(698, 16),
(699, 16),
(701, 16),
(702, 16),
(703, 16),
(704, 16),
(705, 16),
(718, 16),
(746, 16),
(776, 16),
(777, 16),
(778, 16),
(779, 16),
(784, 16),
(793, 16),
(808, 16),
(809, 16),
(811, 16),
(812, 16),
(813, 16),
(814, 16),
(817, 16),
(818, 16),
(819, 16),
(843, 16),
(855, 16),
(880, 16),
(886, 16),
(902, 16),
(912, 16),
(913, 16),
(914, 16),
(915, 16),
(924, 16),
(934, 16),
(938, 16),
(948, 16),
(951, 16),
(966, 16),
(967, 16),
(980, 16),
(999, 16),
(1000, 16),
(28, 17),
(29, 17),
(176, 17),
(192, 17),
(744, 17),
(852, 17),
(892, 17),
(893, 17),
(28, 18),
(29, 18),
(30, 18),
(60, 18),
(106, 18),
(178, 18),
(186, 18),
(191, 18),
(192, 18),
(195, 18),
(200, 18),
(205, 18),
(248, 18),
(251, 18),
(744, 18),
(852, 18),
(892, 18),
(893, 18),
(902, 18),
(962, 18),
(963, 18),
(41, 19),
(65, 19),
(66, 19),
(157, 19),
(284, 19),
(337, 19),
(394, 19),
(421, 19),
(425, 19),
(426, 19),
(427, 19),
(428, 19),
(480, 19),
(494, 19),
(507, 19),
(538, 19),
(675, 19),
(769, 19),
(843, 19),
(854, 19),
(880, 19),
(912, 19),
(934, 19),
(966, 19),
(999, 19),
(1000, 19),
(47, 20),
(64, 20),
(99, 20),
(100, 20),
(101, 20),
(103, 20),
(105, 20),
(137, 20),
(165, 20),
(189, 20),
(210, 20),
(225, 20),
(260, 20),
(387, 20),
(388, 20),
(400, 20),
(401, 20),
(419, 20),
(475, 20),
(486, 20),
(497, 20),
(503, 20),
(526, 20),
(534, 20),
(540, 20),
(542, 20),
(545, 20),
(553, 20),
(554, 20),
(561, 20),
(566, 20),
(568, 20),
(573, 20),
(619, 20),
(623, 20),
(625, 20),
(662, 20),
(854, 20),
(862, 20),
(868, 20),
(949, 20),
(970, 20),
(974, 20),
(975, 20),
(979, 20),
(981, 20),
(982, 20),
(984, 20),
(985, 20),
(49, 21),
(86, 21),
(248, 21),
(251, 21),
(283, 21),
(342, 21),
(453, 21),
(454, 21),
(455, 21),
(697, 21),
(704, 21),
(705, 21),
(809, 21),
(817, 21),
(818, 21),
(49, 22),
(165, 22),
(248, 22),
(251, 22),
(283, 22),
(284, 22),
(330, 22),
(358, 22),
(415, 22),
(419, 22),
(426, 22),
(452, 22),
(453, 22),
(454, 22),
(455, 22),
(673, 22),
(704, 22),
(705, 22),
(809, 22),
(817, 22),
(818, 22),
(902, 22),
(924, 22),
(49, 23),
(161, 23),
(283, 23),
(284, 23),
(673, 23),
(924, 23),
(49, 24),
(283, 24),
(284, 24),
(673, 24),
(49, 25),
(60, 25),
(85, 25),
(161, 25),
(283, 25),
(924, 25),
(49, 26),
(283, 26),
(459, 26),
(612, 26),
(49, 27),
(60, 27),
(106, 27),
(924, 27),
(65, 28),
(66, 28),
(71, 28),
(284, 28),
(312, 28),
(337, 28),
(494, 28),
(507, 28),
(538, 28),
(546, 28),
(566, 28),
(673, 28),
(732, 28),
(740, 28),
(769, 28),
(821, 28),
(854, 28),
(857, 28),
(885, 28),
(890, 28),
(933, 28),
(75, 29),
(121, 29),
(978, 29),
(83, 30),
(95, 30),
(96, 30),
(97, 30),
(98, 30),
(99, 30),
(152, 30),
(190, 30),
(223, 30),
(224, 30),
(225, 30),
(341, 30),
(374, 30),
(412, 30),
(424, 30),
(439, 30),
(583, 30),
(689, 30),
(696, 30),
(700, 30),
(701, 30),
(702, 30),
(703, 30),
(719, 30),
(748, 30),
(776, 30),
(777, 30),
(778, 30),
(796, 30),
(808, 30),
(816, 30),
(836, 30),
(837, 30),
(856, 30),
(874, 30),
(880, 30),
(903, 30),
(904, 30),
(905, 30),
(906, 30),
(908, 30),
(910, 30),
(911, 30),
(914, 30),
(915, 30),
(966, 30),
(968, 30),
(970, 30),
(974, 30),
(86, 31),
(248, 31),
(459, 31),
(90, 32),
(130, 32),
(131, 32),
(221, 32),
(236, 32),
(238, 32),
(279, 32),
(283, 32),
(330, 32),
(333, 32),
(342, 32),
(424, 32),
(647, 32),
(673, 32),
(704, 32),
(705, 32),
(784, 32),
(817, 32),
(818, 32),
(912, 32),
(99, 33),
(100, 33),
(101, 33),
(102, 33),
(138, 33),
(142, 33),
(189, 33),
(190, 33),
(210, 33),
(224, 33),
(225, 33),
(236, 33),
(319, 33),
(381, 33),
(382, 33),
(383, 33),
(385, 33),
(387, 33),
(388, 33),
(391, 33),
(394, 33),
(395, 33),
(397, 33),
(475, 33),
(476, 33),
(484, 33),
(486, 33),
(503, 33),
(542, 33),
(550, 33),
(552, 33),
(561, 33),
(566, 33),
(568, 33),
(573, 33),
(696, 33),
(700, 33),
(703, 33),
(716, 33),
(717, 33),
(796, 33),
(837, 33),
(868, 33),
(903, 33),
(907, 33),
(909, 33),
(945, 33),
(946, 33),
(997, 33),
(106, 34),
(176, 34),
(192, 34),
(195, 34),
(199, 34),
(200, 34),
(201, 34),
(205, 34),
(374, 34),
(435, 34),
(651, 34),
(121, 35),
(374, 35),
(513, 35),
(885, 35),
(981, 35),
(998, 35),
(121, 36),
(154, 37),
(156, 37),
(163, 37),
(164, 37),
(188, 37),
(330, 37),
(333, 37),
(422, 37),
(626, 37),
(647, 37),
(699, 37),
(705, 37),
(718, 37),
(779, 37),
(811, 37),
(812, 37),
(843, 37),
(880, 37),
(913, 37),
(914, 37),
(948, 37),
(951, 37),
(154, 38),
(155, 38),
(188, 38),
(263, 38),
(341, 38),
(358, 38),
(422, 38),
(626, 38),
(675, 38),
(690, 38),
(697, 38),
(812, 38),
(813, 38),
(819, 38),
(843, 38),
(913, 38),
(914, 38),
(948, 38),
(951, 38),
(956, 38),
(969, 38),
(980, 38),
(1000, 38),
(154, 39),
(218, 39),
(243, 39),
(272, 39),
(285, 39),
(294, 39),
(355, 39),
(584, 39),
(819, 39),
(843, 39),
(880, 39),
(913, 39),
(948, 39),
(966, 39),
(968, 39),
(165, 40),
(200, 40),
(248, 40),
(396, 40),
(403, 40),
(407, 40),
(410, 40),
(705, 40),
(809, 40),
(999, 40),
(165, 41),
(176, 42),
(185, 42),
(195, 42),
(200, 42),
(201, 42),
(251, 42),
(176, 43),
(201, 43),
(651, 43),
(176, 44),
(185, 44),
(377, 44),
(176, 45),
(192, 45),
(200, 45),
(358, 45),
(374, 45),
(385, 45),
(393, 45),
(176, 46),
(195, 46),
(200, 46),
(201, 46),
(176, 47),
(201, 47),
(176, 48),
(200, 49),
(200, 50),
(218, 51),
(942, 51),
(236, 52),
(248, 53),
(248, 54),
(251, 54),
(892, 54),
(248, 55),
(283, 56),
(284, 56),
(415, 56),
(426, 56),
(452, 56),
(454, 56),
(673, 56),
(284, 57),
(312, 58),
(778, 58),
(358, 59),
(374, 60),
(374, 61),
(374, 62),
(385, 62),
(396, 62),
(546, 62),
(826, 62),
(374, 63),
(414, 63),
(415, 63),
(426, 63),
(396, 64),
(452, 65),
(673, 65),
(704, 65),
(500, 66),
(506, 67),
(542, 67),
(843, 67),
(976, 67),
(978, 67),
(981, 67),
(621, 68),
(703, 68),
(905, 68),
(910, 68),
(911, 68),
(744, 69),
(852, 69),
(892, 69),
(893, 69),
(826, 70);

-- --------------------------------------------------------

--
-- Structure de la table `Game_has_Publisher`
--

DROP TABLE IF EXISTS `Game_has_Publisher`;
CREATE TABLE IF NOT EXISTS `Game_has_Publisher` (
  `Game_idGame` int(11) NOT NULL,
  `Publisher_idPublisher` int(11) NOT NULL,
  PRIMARY KEY  (`Game_idGame`,`Publisher_idPublisher`),
  KEY `fk_Game_has_Publisher_Publisher1_idx` (`Publisher_idPublisher`),
  KEY `fk_Game_has_Publisher_Game1_idx` (`Game_idGame`)
) ENGINE=InnoDB DEFAULT CHARSET=latin1;

--
-- Contenu de la table `Game_has_Publisher`
--

INSERT INTO `Game_has_Publisher` (`Game_idGame`, `Publisher_idPublisher`) VALUES
(11, 1),
(22, 1),
(35, 1),
(36, 1),
(37, 1),
(38, 1),
(49, 1),
(50, 1),
(51, 1),
(73, 1),
(74, 1),
(75, 1),
(76, 1),
(77, 1),
(78, 1),
(87, 1),
(89, 1),
(90, 1),
(91, 1),
(92, 1),
(93, 1),
(94, 1),
(95, 1),
(96, 1),
(97, 1),
(98, 1),
(99, 1),
(100, 1),
(101, 1),
(102, 1),
(103, 1),
(104, 1),
(105, 1),
(114, 1),
(125, 1),
(130, 1),
(131, 1),
(142, 1),
(148, 1),
(199, 1),
(205, 1),
(212, 1),
(213, 1),
(215, 1),
(223, 1),
(224, 1),
(225, 1),
(237, 1),
(240, 1),
(245, 1),
(248, 1),
(260, 1),
(277, 1),
(283, 1),
(296, 1),
(300, 1),
(308, 1),
(321, 1),
(325, 1),
(326, 1),
(330, 1),
(335, 1),
(336, 1),
(337, 1),
(340, 1),
(341, 1),
(343, 1),
(345, 1),
(346, 1),
(347, 1),
(348, 1),
(349, 1),
(350, 1),
(351, 1),
(352, 1),
(353, 1),
(354, 1),
(355, 1),
(390, 1),
(436, 1),
(440, 1),
(443, 1),
(471, 1),
(473, 1),
(494, 1),
(503, 1),
(526, 1),
(556, 1),
(575, 1),
(585, 1),
(586, 1),
(592, 1),
(607, 1),
(620, 1),
(636, 1),
(648, 1),
(649, 1),
(650, 1),
(656, 1),
(660, 1),
(670, 1),
(687, 1),
(692, 1),
(697, 1),
(698, 1),
(699, 1),
(700, 1),
(701, 1),
(702, 1),
(703, 1),
(705, 1),
(706, 1),
(707, 1),
(710, 1),
(715, 1),
(719, 1),
(720, 1),
(721, 1),
(759, 1),
(773, 1),
(780, 1),
(782, 1),
(783, 1),
(794, 1),
(796, 1),
(807, 1),
(809, 1),
(810, 1),
(811, 1),
(833, 1),
(863, 1),
(864, 1),
(867, 1),
(869, 1),
(886, 1),
(887, 1),
(891, 1),
(899, 1),
(903, 1),
(904, 1),
(906, 1),
(925, 1),
(928, 1),
(934, 1),
(935, 1),
(950, 1),
(959, 1),
(985, 1),
(996, 1),
(997, 1),
(70, 3),
(1, 4),
(2, 4),
(3, 4),
(41, 4),
(42, 4),
(243, 4),
(270, 4),
(275, 4),
(425, 4),
(427, 4),
(477, 4),
(488, 4),
(500, 4),
(558, 4),
(628, 4),
(653, 4),
(714, 4),
(748, 4),
(839, 4),
(879, 4),
(912, 4),
(961, 4),
(966, 4),
(968, 4),
(5, 5),
(6, 5),
(13, 5),
(14, 5),
(34, 5),
(81, 5),
(82, 5),
(84, 5),
(129, 5),
(218, 5),
(219, 5),
(220, 5),
(253, 5),
(284, 5),
(454, 5),
(626, 5),
(655, 5),
(667, 5),
(669, 5),
(722, 5),
(753, 5),
(775, 5),
(832, 5),
(844, 5),
(853, 5),
(876, 5),
(938, 5),
(10, 8),
(20, 8),
(21, 8),
(25, 8),
(40, 8),
(59, 8),
(244, 8),
(293, 8),
(490, 8),
(498, 8),
(538, 8),
(544, 8),
(546, 8),
(633, 8),
(787, 8),
(865, 8),
(866, 8),
(894, 8),
(60, 9),
(106, 9),
(178, 9),
(184, 9),
(186, 9),
(191, 9),
(192, 9),
(195, 9),
(200, 9),
(204, 9),
(208, 9),
(61, 10),
(62, 10),
(63, 10),
(64, 10),
(65, 10),
(66, 10),
(114, 10),
(116, 10),
(118, 10),
(137, 10),
(138, 10),
(139, 10),
(140, 10),
(141, 10),
(142, 10),
(143, 10),
(144, 10),
(145, 10),
(146, 10),
(147, 10),
(148, 10),
(149, 10),
(150, 10),
(151, 10),
(152, 10),
(153, 10),
(154, 10),
(155, 10),
(156, 10),
(157, 10),
(158, 10),
(159, 10),
(160, 10),
(161, 10),
(162, 10),
(163, 10),
(164, 10),
(165, 10),
(166, 10),
(167, 10),
(168, 10),
(169, 10),
(170, 10),
(171, 10),
(172, 10),
(173, 10),
(174, 10),
(175, 10),
(177, 10),
(179, 10),
(180, 10),
(181, 10),
(182, 10),
(183, 10),
(187, 10),
(188, 10),
(189, 10),
(190, 10),
(191, 10),
(193, 10),
(194, 10),
(196, 10),
(197, 10),
(198, 10),
(202, 10),
(203, 10),
(207, 10),
(209, 10),
(210, 10),
(211, 10),
(475, 10),
(476, 10),
(5, 12),
(6, 12),
(81, 12),
(82, 12),
(602, 19),
(18, 23),
(20, 23),
(274, 23),
(308, 23),
(438, 23),
(477, 23),
(498, 23),
(500, 23),
(501, 23),
(653, 23),
(679, 23),
(726, 23),
(28, 24),
(29, 24),
(126, 24),
(132, 24),
(133, 24),
(222, 24),
(231, 24),
(232, 24),
(233, 24),
(246, 24),
(250, 24),
(255, 24),
(297, 24),
(302, 24),
(309, 24),
(311, 24),
(313, 24),
(314, 24),
(316, 24),
(317, 24),
(319, 24),
(456, 24),
(519, 24),
(729, 24),
(734, 24),
(735, 24),
(749, 24),
(750, 24),
(751, 24),
(792, 24),
(801, 24),
(803, 24),
(804, 24),
(805, 24),
(806, 24),
(820, 24),
(835, 24),
(845, 24),
(871, 24),
(897, 24),
(922, 24),
(937, 24),
(941, 24),
(958, 24),
(1, 26),
(2, 26),
(3, 26),
(4, 26),
(41, 26),
(43, 26),
(120, 26),
(359, 26),
(383, 26),
(384, 26),
(386, 26),
(387, 26),
(388, 26),
(389, 26),
(391, 26),
(392, 26),
(394, 26),
(395, 26),
(397, 26),
(398, 26),
(401, 26),
(402, 26),
(403, 26),
(404, 26),
(405, 26),
(409, 26),
(410, 26),
(411, 26),
(413, 26),
(414, 26),
(415, 26),
(416, 26),
(417, 26),
(419, 26),
(421, 26),
(425, 26),
(426, 26),
(427, 26),
(428, 26),
(500, 26),
(545, 26),
(769, 26),
(873, 26),
(15, 28),
(16, 28),
(52, 28),
(53, 28),
(54, 28),
(55, 28),
(56, 28),
(57, 28),
(58, 28),
(59, 28),
(284, 28),
(312, 28),
(356, 28),
(472, 28),
(502, 28),
(505, 28),
(509, 28),
(525, 28),
(533, 28),
(564, 28),
(673, 28),
(894, 28),
(18, 29),
(19, 29),
(109, 29),
(434, 29),
(730, 29),
(731, 29),
(732, 29),
(733, 29),
(819, 29),
(960, 29),
(110, 32),
(221, 32),
(744, 32),
(802, 32),
(830, 32),
(831, 32),
(852, 32),
(861, 32),
(881, 32),
(892, 32),
(893, 32),
(111, 36),
(112, 37),
(132, 37),
(133, 37),
(134, 37),
(135, 37),
(136, 37),
(243, 37),
(424, 37),
(496, 37),
(497, 37),
(549, 37),
(551, 37),
(602, 37),
(847, 37),
(880, 37),
(884, 37),
(966, 37),
(967, 37),
(968, 37),
(969, 37),
(970, 37),
(971, 37),
(972, 37),
(973, 37),
(974, 37),
(975, 37),
(976, 37),
(977, 37),
(978, 37),
(115, 41),
(115, 42),
(117, 45),
(121, 45),
(295, 45),
(411, 45),
(428, 45),
(431, 45),
(493, 45),
(499, 45),
(511, 45),
(512, 45),
(515, 45),
(523, 45),
(549, 45),
(550, 45),
(551, 45),
(552, 45),
(565, 45),
(566, 45),
(576, 45),
(616, 45),
(676, 45),
(836, 45),
(998, 45),
(119, 50),
(500, 50),
(501, 50),
(514, 50),
(774, 50),
(120, 51),
(123, 51),
(125, 51),
(126, 51),
(129, 51),
(130, 51),
(131, 51),
(132, 51),
(133, 51),
(227, 51),
(228, 51),
(230, 51),
(239, 51),
(246, 51),
(456, 51),
(457, 51),
(458, 51),
(10, 53),
(71, 53),
(73, 53),
(241, 53),
(281, 53),
(289, 53),
(291, 53),
(299, 53),
(301, 53),
(324, 53),
(329, 53),
(334, 53),
(375, 53),
(492, 53),
(504, 53),
(521, 53),
(522, 53),
(547, 53),
(548, 53),
(599, 53),
(603, 53),
(627, 53),
(637, 53),
(638, 53),
(639, 53),
(694, 53),
(711, 53),
(712, 53),
(713, 53),
(740, 53),
(770, 53),
(786, 53),
(788, 53),
(795, 53),
(841, 53),
(848, 53),
(849, 53),
(986, 53),
(987, 53),
(988, 53),
(989, 53),
(990, 53),
(991, 53),
(10, 54),
(71, 56),
(72, 56),
(122, 56),
(124, 56),
(231, 56),
(232, 56),
(233, 56),
(247, 56),
(307, 56),
(333, 56),
(338, 56),
(339, 56),
(891, 56),
(121, 58),
(843, 61),
(11, 66),
(12, 66),
(62, 66),
(116, 66),
(118, 66),
(142, 66),
(143, 66),
(148, 66),
(152, 66),
(153, 66),
(201, 66),
(211, 66),
(221, 66),
(279, 66),
(280, 66),
(281, 66),
(284, 66),
(286, 66),
(312, 66),
(333, 66),
(355, 66),
(356, 66),
(437, 66),
(438, 66),
(444, 66),
(445, 66),
(446, 66),
(545, 66),
(553, 66),
(555, 66),
(559, 66),
(569, 66),
(570, 66),
(571, 66),
(573, 66),
(613, 66),
(621, 66),
(622, 66),
(623, 66),
(624, 66),
(625, 66),
(658, 66),
(659, 66),
(672, 66),
(673, 66),
(678, 66),
(680, 66),
(742, 66),
(744, 66),
(760, 66),
(762, 66),
(784, 66),
(785, 66),
(852, 66),
(877, 66),
(892, 66),
(893, 66),
(913, 66),
(914, 66),
(915, 66),
(949, 66),
(979, 66),
(154, 70),
(163, 70),
(164, 70),
(358, 70),
(408, 70),
(412, 70),
(414, 70),
(415, 70),
(426, 70),
(534, 70),
(647, 70),
(41, 73),
(63, 73),
(65, 73),
(79, 73),
(116, 73),
(118, 73),
(144, 73),
(152, 73),
(153, 73),
(224, 73),
(225, 73),
(226, 73),
(240, 73),
(281, 73),
(293, 73),
(310, 73),
(326, 73),
(337, 73),
(346, 73),
(356, 73),
(509, 73),
(546, 73),
(624, 73),
(636, 73),
(649, 73),
(650, 73),
(680, 73),
(804, 73),
(863, 73),
(866, 73),
(877, 73),
(904, 73),
(152, 74),
(153, 74),
(247, 74),
(338, 74),
(478, 74),
(498, 74),
(873, 74),
(250, 80),
(83, 81),
(935, 81),
(80, 82),
(176, 82),
(201, 82),
(214, 82),
(216, 82),
(235, 82),
(262, 82),
(264, 82),
(266, 82),
(284, 82),
(331, 82),
(433, 82),
(478, 82),
(566, 82),
(587, 82),
(635, 82),
(673, 82),
(674, 82),
(736, 82),
(737, 82),
(738, 82),
(868, 82),
(917, 82),
(926, 82),
(927, 82),
(177, 84),
(657, 87),
(219, 91),
(357, 92),
(643, 92),
(666, 92),
(243, 95),
(362, 97),
(629, 97),
(362, 99),
(363, 99),
(364, 99),
(365, 99),
(366, 99),
(367, 99),
(368, 99),
(369, 99),
(855, 99),
(370, 101),
(56, 104),
(57, 104),
(58, 104),
(113, 104),
(127, 104),
(128, 104),
(136, 104),
(306, 104),
(360, 104),
(361, 104),
(370, 104),
(371, 104),
(372, 104),
(373, 104),
(429, 104),
(430, 104),
(507, 104),
(508, 104),
(510, 104),
(529, 104),
(537, 104),
(543, 104),
(554, 104),
(606, 104),
(617, 104),
(618, 104),
(619, 104),
(642, 104),
(662, 104),
(675, 104),
(691, 104),
(709, 104),
(754, 104),
(755, 104),
(756, 104),
(797, 104),
(798, 104),
(836, 104),
(837, 104),
(843, 104),
(860, 104),
(870, 104),
(874, 104),
(894, 104),
(908, 104),
(909, 104),
(910, 104),
(911, 104),
(921, 104),
(981, 104),
(983, 104),
(984, 104),
(992, 104),
(993, 104),
(994, 104),
(995, 104),
(355, 106),
(364, 106),
(863, 106),
(390, 107),
(422, 107),
(429, 110),
(516, 110),
(217, 112),
(238, 112),
(333, 112),
(355, 112),
(432, 112),
(436, 112),
(438, 112),
(439, 112),
(440, 112),
(441, 112),
(442, 112),
(445, 112),
(446, 112),
(447, 112),
(506, 112),
(513, 112),
(560, 112),
(647, 112),
(673, 112),
(716, 112),
(717, 112),
(944, 112),
(945, 112),
(946, 112),
(87, 113),
(652, 113),
(664, 113),
(900, 113),
(435, 114),
(44, 115),
(45, 115),
(46, 115),
(47, 115),
(48, 115),
(288, 115),
(448, 115),
(449, 115),
(450, 115),
(451, 115),
(524, 115),
(561, 115),
(567, 115),
(641, 115),
(642, 115),
(774, 115),
(877, 115),
(907, 115),
(943, 115),
(34, 120),
(284, 120),
(452, 120),
(668, 120),
(682, 120),
(781, 120),
(820, 120),
(853, 120),
(897, 120),
(452, 121),
(454, 121),
(270, 127),
(200, 128),
(327, 128),
(595, 128),
(644, 128),
(327, 129),
(374, 129),
(375, 129),
(376, 129),
(377, 129),
(378, 129),
(379, 129),
(380, 129),
(381, 129),
(382, 129),
(474, 129),
(479, 129),
(480, 129),
(481, 129),
(482, 129),
(483, 129),
(491, 129),
(936, 129),
(18, 130),
(68, 130),
(216, 130),
(263, 130),
(274, 130),
(299, 130),
(310, 130),
(324, 130),
(329, 130),
(333, 130),
(342, 130),
(740, 130),
(849, 130),
(927, 130),
(299, 132),
(300, 135),
(303, 135),
(18, 139),
(19, 139),
(20, 139),
(21, 139),
(39, 139),
(40, 139),
(107, 139),
(108, 139),
(109, 139),
(285, 139),
(293, 139),
(294, 139),
(344, 139),
(434, 139),
(490, 139),
(498, 139),
(589, 139),
(590, 139),
(591, 139),
(660, 139),
(730, 139),
(731, 139),
(732, 139),
(733, 139),
(766, 139),
(787, 139),
(819, 139),
(865, 139),
(894, 139),
(960, 139),
(964, 139),
(965, 139),
(980, 139),
(83, 141),
(85, 141),
(86, 141),
(87, 141),
(157, 141),
(295, 141),
(312, 141),
(322, 141),
(323, 141),
(424, 141),
(452, 141),
(612, 141),
(616, 141),
(647, 141),
(663, 141),
(676, 141),
(880, 141),
(916, 141),
(966, 141),
(969, 141),
(226, 143),
(247, 143),
(338, 143),
(242, 144),
(596, 144),
(242, 145),
(298, 145),
(305, 145),
(596, 145),
(640, 145),
(671, 145),
(957, 145),
(242, 146),
(682, 146),
(767, 146),
(851, 146),
(241, 147),
(316, 147),
(317, 147),
(517, 147),
(518, 147),
(24, 152),
(25, 152),
(26, 152),
(27, 152),
(67, 152),
(68, 152),
(634, 152),
(685, 152),
(728, 152),
(781, 152),
(902, 152),
(947, 152),
(948, 152),
(962, 152),
(963, 152),
(40, 157),
(88, 157),
(304, 157),
(590, 157),
(754, 157),
(755, 157),
(756, 157),
(890, 157),
(484, 161),
(485, 161),
(486, 161),
(487, 161),
(928, 168),
(278, 176),
(290, 176),
(298, 176),
(304, 176),
(229, 179),
(25, 183),
(254, 183),
(332, 183),
(727, 183),
(281, 184),
(284, 184),
(312, 184),
(356, 184),
(509, 184),
(673, 184),
(680, 184),
(745, 184),
(665, 188),
(956, 188),
(957, 188),
(284, 189),
(616, 189),
(284, 191),
(312, 191),
(673, 191),
(820, 191),
(284, 192),
(236, 195),
(238, 195),
(251, 195),
(62, 197),
(155, 197),
(156, 197),
(165, 197),
(257, 197),
(276, 197),
(320, 197),
(465, 197),
(466, 197),
(467, 197),
(468, 197),
(469, 197),
(470, 197),
(495, 197),
(528, 197),
(578, 197),
(616, 197),
(654, 197),
(705, 197),
(809, 197),
(825, 197),
(826, 197),
(846, 197),
(873, 197),
(888, 197),
(129, 200),
(130, 200),
(131, 200),
(283, 200),
(284, 200),
(18, 204),
(39, 204),
(107, 204),
(108, 204),
(271, 204),
(274, 204),
(285, 204),
(294, 204),
(464, 204),
(490, 204),
(584, 204),
(589, 204),
(590, 204),
(591, 204),
(660, 204),
(764, 204),
(840, 204),
(857, 204),
(858, 204),
(272, 205),
(273, 205),
(284, 205),
(312, 205),
(333, 205),
(342, 205),
(490, 205),
(673, 205),
(675, 205),
(901, 205),
(918, 205),
(956, 205),
(999, 205),
(1000, 205),
(69, 213),
(261, 213),
(310, 213),
(331, 213),
(417, 213),
(421, 213),
(757, 213),
(758, 213),
(827, 213),
(917, 213),
(252, 215),
(256, 215),
(258, 215),
(259, 215),
(263, 215),
(265, 215),
(267, 215),
(268, 216),
(269, 216),
(263, 218),
(18, 224),
(19, 224),
(342, 224),
(184, 227),
(185, 227),
(191, 227),
(342, 227),
(342, 228),
(342, 229),
(342, 230),
(828, 230),
(342, 231),
(88, 234),
(88, 236),
(304, 236),
(602, 236),
(828, 236),
(304, 237),
(304, 238),
(442, 238),
(682, 238),
(890, 238),
(206, 243),
(282, 243),
(686, 243),
(13, 244),
(15, 245),
(56, 245),
(17, 247),
(16, 248),
(325, 248),
(478, 248),
(531, 248),
(541, 248),
(385, 250),
(387, 250),
(393, 250),
(396, 250),
(399, 250),
(400, 250),
(403, 250),
(406, 250),
(407, 250),
(410, 250),
(411, 250),
(413, 250),
(414, 250),
(417, 250),
(418, 250),
(419, 250),
(427, 250),
(428, 250),
(236, 251),
(396, 251),
(403, 251),
(407, 251),
(410, 251),
(453, 251),
(455, 251),
(125, 252),
(418, 252),
(420, 252),
(421, 252),
(423, 252),
(425, 252),
(234, 256),
(535, 256),
(563, 256),
(739, 256),
(314, 260),
(325, 264),
(9, 267),
(294, 267),
(608, 267),
(609, 267),
(610, 267),
(823, 267),
(850, 267),
(896, 267),
(107, 268),
(294, 268),
(766, 268),
(859, 269),
(860, 269),
(292, 270),
(681, 270),
(862, 270),
(7, 273),
(8, 273),
(939, 273),
(9, 275),
(323, 282),
(330, 284),
(84, 287),
(238, 287),
(455, 287),
(604, 287),
(718, 287),
(530, 290),
(190, 293),
(854, 294),
(23, 295),
(586, 295),
(924, 295),
(940, 295),
(192, 303),
(665, 305),
(374, 310),
(489, 315),
(30, 316),
(31, 316),
(32, 316),
(33, 316),
(415, 324),
(421, 324),
(425, 324),
(426, 324),
(236, 327),
(333, 327),
(812, 327),
(928, 327),
(236, 328),
(497, 330),
(970, 330),
(589, 331),
(590, 331),
(591, 331),
(418, 334),
(423, 334),
(561, 334),
(287, 338),
(328, 338),
(200, 340),
(582, 340),
(679, 340),
(726, 340),
(789, 340),
(838, 340),
(895, 340),
(157, 341),
(200, 341),
(286, 344),
(333, 344),
(94, 354),
(330, 354),
(94, 355),
(330, 355),
(220, 360),
(286, 361),
(318, 363),
(201, 366),
(459, 368),
(278, 371),
(320, 372),
(429, 373),
(328, 374),
(328, 375),
(328, 376),
(781, 376),
(459, 380),
(460, 380),
(461, 380),
(462, 383),
(462, 384),
(165, 388),
(475, 390),
(826, 390),
(520, 409),
(576, 409),
(528, 416),
(898, 418),
(532, 420),
(536, 423),
(539, 423),
(557, 423),
(826, 423),
(873, 423),
(540, 426),
(542, 426),
(426, 440),
(427, 440),
(616, 440),
(572, 445),
(601, 445),
(572, 446),
(21, 449),
(574, 449),
(583, 454),
(689, 454),
(690, 454),
(696, 454),
(704, 454),
(776, 454),
(777, 454),
(778, 454),
(779, 454),
(808, 454),
(813, 454),
(814, 454),
(815, 454),
(816, 454),
(817, 454),
(818, 454),
(824, 454),
(856, 454),
(875, 454),
(905, 454),
(952, 454),
(953, 454),
(954, 454),
(588, 458),
(598, 458),
(895, 458),
(594, 461),
(897, 461),
(597, 465),
(600, 466),
(747, 466),
(859, 466),
(930, 466),
(600, 467),
(747, 467),
(601, 468),
(890, 468),
(602, 469),
(842, 469),
(603, 470),
(604, 471),
(605, 472),
(611, 476),
(768, 476),
(615, 481),
(933, 481),
(612, 482),
(919, 482),
(626, 485),
(889, 485),
(746, 487),
(765, 487),
(790, 487),
(602, 489),
(630, 489),
(631, 489),
(632, 489),
(883, 489),
(645, 494),
(646, 494),
(661, 503),
(821, 508),
(283, 512),
(677, 512),
(693, 513),
(683, 517),
(684, 517),
(725, 517),
(741, 517),
(743, 517),
(667, 519),
(688, 519),
(695, 523),
(708, 528),
(829, 528),
(929, 528),
(723, 533),
(724, 533),
(725, 533),
(872, 533),
(736, 540),
(738, 540),
(752, 543),
(761, 547),
(771, 553),
(772, 553),
(955, 553),
(249, 560),
(791, 560),
(927, 566),
(822, 568),
(882, 589),
(885, 591),
(862, 593),
(890, 593),
(890, 594),
(923, 595),
(931, 607),
(932, 608),
(942, 612),
(586, 620),
(799, 620),
(800, 620),
(592, 622),
(773, 622),
(593, 623),
(951, 629),
(661, 632),
(669, 633),
(527, 634),
(878, 644),
(125, 651),
(880, 652),
(966, 652),
(968, 652),
(970, 652),
(673, 665),
(720, 667),
(721, 668),
(704, 678),
(834, 679),
(793, 686),
(763, 688),
(920, 695),
(877, 700),
(980, 703),
(980, 704),
(890, 707),
(651, 708),
(982, 710),
(948, 719),
(517, 756),
(532, 783),
(283, 880),
(80, 908),
(478, 908),
(121, 1010),
(24, 1044),
(59, 1053),
(77, 1053),
(78, 1053),
(275, 1053),
(546, 1053),
(956, 1134),
(957, 1134),
(478, 1217),
(673, 1271),
(452, 1281),
(866, 1466),
(214, 1475),
(115, 1494),
(892, 1740),
(454, 1851),
(83, 1882),
(452, 1882),
(668, 1882),
(614, 1893),
(586, 1899),
(890, 2034),
(844, 2191),
(890, 2245),
(60, 2380),
(892, 2391),
(312, 2417),
(16, 2493),
(890, 2548),
(890, 2673),
(365, 2992),
(366, 2992),
(368, 2992),
(369, 2992),
(433, 3023),
(478, 3119),
(323, 3162),
(939, 3162),
(427, 3753),
(844, 3820),
(890, 3906),
(890, 3958),
(500, 3989),
(654, 3991),
(283, 4023),
(126, 4090),
(425, 4107),
(426, 4107),
(673, 4112),
(673, 4113),
(673, 4114),
(326, 4132),
(546, 4132),
(459, 4181),
(459, 4182),
(844, 4183),
(957, 4300),
(316, 4478),
(827, 4495),
(546, 4700),
(83, 5057),
(221, 5833),
(29, 6000),
(586, 6005),
(435, 6356),
(538, 7630),
(774, 8069);

-- --------------------------------------------------------

--
-- Structure de la table `Game_has_Theme`
--

DROP TABLE IF EXISTS `Game_has_Theme`;
CREATE TABLE IF NOT EXISTS `Game_has_Theme` (
  `Game_idGame` int(11) NOT NULL,
  `Theme_idTheme` int(11) NOT NULL,
  PRIMARY KEY  (`Game_idGame`,`Theme_idTheme`),
  KEY `fk_Game_has_Theme_Theme1_idx` (`Theme_idTheme`),
  KEY `fk_Game_has_Theme_Game1_idx` (`Game_idGame`)
) ENGINE=InnoDB DEFAULT CHARSET=latin1;

--
-- Contenu de la table `Game_has_Theme`
--

INSERT INTO `Game_has_Theme` (`Game_idGame`, `Theme_idTheme`) VALUES
(1, 1),
(2, 1),
(3, 1),
(11, 1),
(12, 1),
(15, 1),
(16, 1),
(18, 1),
(19, 1),
(34, 1),
(39, 1),
(40, 1),
(41, 1),
(44, 1),
(45, 1),
(46, 1),
(47, 1),
(49, 1),
(50, 1),
(51, 1),
(52, 1),
(53, 1),
(54, 1),
(55, 1),
(56, 1),
(57, 1),
(59, 1),
(72, 1),
(73, 1),
(74, 1),
(75, 1),
(78, 1),
(79, 1),
(83, 1),
(84, 1),
(88, 1),
(109, 1),
(112, 1),
(113, 1),
(115, 1),
(117, 1),
(119, 1),
(120, 1),
(123, 1),
(125, 1),
(126, 1),
(127, 1),
(128, 1),
(134, 1),
(135, 1),
(136, 1),
(137, 1),
(138, 1),
(139, 1),
(141, 1),
(142, 1),
(143, 1),
(144, 1),
(148, 1),
(150, 1),
(152, 1),
(153, 1),
(156, 1),
(157, 1),
(158, 1),
(160, 1),
(161, 1),
(162, 1),
(163, 1),
(164, 1),
(165, 1),
(166, 1),
(174, 1),
(184, 1),
(186, 1),
(187, 1),
(188, 1),
(189, 1),
(190, 1),
(196, 1),
(203, 1),
(210, 1),
(211, 1),
(212, 1),
(213, 1),
(215, 1),
(217, 1),
(218, 1),
(219, 1),
(220, 1),
(231, 1),
(232, 1),
(233, 1),
(239, 1),
(240, 1),
(246, 1),
(247, 1),
(250, 1),
(271, 1),
(272, 1),
(273, 1),
(277, 1),
(280, 1),
(281, 1),
(284, 1),
(290, 1),
(296, 1),
(307, 1),
(311, 1),
(312, 1),
(316, 1),
(319, 1),
(320, 1),
(325, 1),
(326, 1),
(329, 1),
(335, 1),
(336, 1),
(337, 1),
(338, 1),
(341, 1),
(343, 1),
(345, 1),
(346, 1),
(356, 1),
(358, 1),
(359, 1),
(360, 1),
(374, 1),
(375, 1),
(376, 1),
(377, 1),
(378, 1),
(379, 1),
(380, 1),
(381, 1),
(382, 1),
(385, 1),
(387, 1),
(389, 1),
(391, 1),
(393, 1),
(399, 1),
(415, 1),
(419, 1),
(429, 1),
(430, 1),
(431, 1),
(433, 1),
(434, 1),
(439, 1),
(452, 1),
(454, 1),
(455, 1),
(464, 1),
(471, 1),
(472, 1),
(474, 1),
(475, 1),
(479, 1),
(480, 1),
(481, 1),
(482, 1),
(490, 1),
(491, 1),
(493, 1),
(494, 1),
(496, 1),
(498, 1),
(499, 1),
(500, 1),
(501, 1),
(502, 1),
(505, 1),
(506, 1),
(507, 1),
(509, 1),
(511, 1),
(512, 1),
(513, 1),
(515, 1),
(517, 1),
(518, 1),
(519, 1),
(520, 1),
(521, 1),
(522, 1),
(523, 1),
(527, 1),
(528, 1),
(529, 1),
(530, 1),
(531, 1),
(532, 1),
(533, 1),
(534, 1),
(536, 1),
(537, 1),
(538, 1),
(540, 1),
(542, 1),
(544, 1),
(545, 1),
(546, 1),
(549, 1),
(550, 1),
(551, 1),
(552, 1),
(553, 1),
(554, 1),
(557, 1),
(558, 1),
(559, 1),
(560, 1),
(561, 1),
(562, 1),
(564, 1),
(565, 1),
(566, 1),
(567, 1),
(568, 1),
(569, 1),
(570, 1),
(573, 1),
(574, 1),
(575, 1),
(578, 1),
(586, 1),
(587, 1),
(593, 1),
(594, 1),
(595, 1),
(602, 1),
(618, 1),
(620, 1),
(621, 1),
(622, 1),
(623, 1),
(625, 1),
(626, 1),
(636, 1),
(656, 1),
(660, 1),
(665, 1),
(666, 1),
(667, 1),
(668, 1),
(669, 1),
(673, 1),
(675, 1),
(680, 1),
(706, 1),
(718, 1),
(730, 1),
(731, 1),
(732, 1),
(733, 1),
(740, 1),
(760, 1),
(764, 1),
(769, 1),
(780, 1),
(782, 1),
(787, 1),
(819, 1),
(820, 1),
(825, 1),
(826, 1),
(827, 1),
(828, 1),
(836, 1),
(837, 1),
(844, 1),
(853, 1),
(857, 1),
(858, 1),
(868, 1),
(873, 1),
(874, 1),
(877, 1),
(878, 1),
(881, 1),
(889, 1),
(891, 1),
(897, 1),
(909, 1),
(910, 1),
(911, 1),
(912, 1),
(928, 1),
(951, 1),
(956, 1),
(957, 1),
(960, 1),
(969, 1),
(972, 1),
(974, 1),
(975, 1),
(976, 1),
(977, 1),
(978, 1),
(979, 1),
(980, 1),
(982, 1),
(984, 1),
(986, 1),
(987, 1),
(989, 1),
(990, 1),
(991, 1),
(996, 1),
(997, 1),
(998, 1),
(999, 1),
(1000, 1),
(1, 2),
(2, 2),
(3, 2),
(5, 2),
(6, 2),
(11, 2),
(12, 2),
(35, 2),
(36, 2),
(44, 2),
(45, 2),
(46, 2),
(47, 2),
(48, 2),
(52, 2),
(53, 2),
(54, 2),
(55, 2),
(56, 2),
(57, 2),
(58, 2),
(59, 2),
(66, 2),
(76, 2),
(77, 2),
(78, 2),
(80, 2),
(81, 2),
(82, 2),
(83, 2),
(84, 2),
(112, 2),
(115, 2),
(119, 2),
(120, 2),
(121, 2),
(123, 2),
(125, 2),
(126, 2),
(129, 2),
(130, 2),
(131, 2),
(132, 2),
(133, 2),
(134, 2),
(175, 2),
(191, 2),
(192, 2),
(193, 2),
(213, 2),
(214, 2),
(215, 2),
(216, 2),
(227, 2),
(228, 2),
(229, 2),
(234, 2),
(246, 2),
(253, 2),
(255, 2),
(270, 2),
(279, 2),
(282, 2),
(304, 2),
(318, 2),
(324, 2),
(328, 2),
(329, 2),
(341, 2),
(359, 2),
(362, 2),
(363, 2),
(364, 2),
(365, 2),
(366, 2),
(367, 2),
(368, 2),
(369, 2),
(370, 2),
(371, 2),
(372, 2),
(373, 2),
(384, 2),
(385, 2),
(386, 2),
(387, 2),
(388, 2),
(389, 2),
(391, 2),
(392, 2),
(393, 2),
(394, 2),
(395, 2),
(396, 2),
(397, 2),
(398, 2),
(399, 2),
(400, 2),
(401, 2),
(402, 2),
(403, 2),
(405, 2),
(406, 2),
(407, 2),
(408, 2),
(409, 2),
(410, 2),
(411, 2),
(412, 2),
(413, 2),
(414, 2),
(415, 2),
(416, 2),
(417, 2),
(418, 2),
(419, 2),
(420, 2),
(421, 2),
(423, 2),
(424, 2),
(425, 2),
(426, 2),
(427, 2),
(428, 2),
(452, 2),
(454, 2),
(459, 2),
(460, 2),
(461, 2),
(462, 2),
(463, 2),
(472, 2),
(475, 2),
(478, 2),
(489, 2),
(499, 2),
(504, 2),
(505, 2),
(513, 2),
(516, 2),
(521, 2),
(549, 2),
(550, 2),
(551, 2),
(552, 2),
(588, 2),
(589, 2),
(590, 2),
(591, 2),
(602, 2),
(651, 2),
(660, 2),
(665, 2),
(671, 2),
(674, 2),
(686, 2),
(694, 2),
(739, 2),
(744, 2),
(753, 2),
(763, 2),
(766, 2),
(767, 2),
(774, 2),
(780, 2),
(781, 2),
(790, 2),
(799, 2),
(800, 2),
(832, 2),
(852, 2),
(853, 2),
(860, 2),
(876, 2),
(892, 2),
(893, 2),
(894, 2),
(895, 2),
(901, 2),
(929, 2),
(931, 2),
(932, 2),
(939, 2),
(981, 2),
(1, 3),
(2, 3),
(3, 3),
(4, 3),
(41, 3),
(43, 3),
(113, 3),
(127, 3),
(128, 3),
(250, 3),
(296, 3),
(316, 3),
(374, 3),
(375, 3),
(376, 3),
(377, 3),
(378, 3),
(379, 3),
(380, 3),
(381, 3),
(382, 3),
(433, 3),
(474, 3),
(477, 3),
(479, 3),
(495, 3),
(500, 3),
(501, 3),
(529, 3),
(530, 3),
(533, 3),
(537, 3),
(553, 3),
(559, 3),
(562, 3),
(564, 3),
(653, 3),
(748, 3),
(820, 3),
(874, 3),
(879, 3),
(897, 3),
(909, 3),
(910, 3),
(911, 3),
(961, 3),
(7, 4),
(8, 4),
(9, 4),
(10, 4),
(90, 4),
(91, 4),
(92, 4),
(93, 4),
(94, 4),
(95, 4),
(96, 4),
(97, 4),
(98, 4),
(100, 4),
(102, 4),
(103, 4),
(104, 4),
(105, 4),
(159, 4),
(185, 4),
(195, 4),
(200, 4),
(205, 4),
(209, 4),
(223, 4),
(225, 4),
(226, 4),
(236, 4),
(243, 4),
(248, 4),
(274, 4),
(287, 4),
(297, 4),
(298, 4),
(308, 4),
(309, 4),
(313, 4),
(314, 4),
(317, 4),
(330, 4),
(334, 4),
(339, 4),
(344, 4),
(347, 4),
(348, 4),
(350, 4),
(352, 4),
(353, 4),
(354, 4),
(361, 4),
(383, 4),
(390, 4),
(404, 4),
(437, 4),
(441, 4),
(444, 4),
(447, 4),
(448, 4),
(449, 4),
(450, 4),
(451, 4),
(453, 4),
(473, 4),
(488, 4),
(492, 4),
(508, 4),
(510, 4),
(526, 4),
(535, 4),
(541, 4),
(543, 4),
(555, 4),
(556, 4),
(563, 4),
(571, 4),
(576, 4),
(582, 4),
(584, 4),
(597, 4),
(601, 4),
(603, 4),
(606, 4),
(607, 4),
(613, 4),
(614, 4),
(615, 4),
(617, 4),
(619, 4),
(627, 4),
(643, 4),
(657, 4),
(658, 4),
(661, 4),
(687, 4),
(689, 4),
(692, 4),
(708, 4),
(709, 4),
(710, 4),
(711, 4),
(712, 4),
(713, 4),
(714, 4),
(715, 4),
(719, 4),
(720, 4),
(721, 4),
(736, 4),
(738, 4),
(745, 4),
(747, 4),
(752, 4),
(773, 4),
(788, 4),
(793, 4),
(829, 4),
(835, 4),
(838, 4),
(843, 4),
(849, 4),
(850, 4),
(871, 4),
(882, 4),
(884, 4),
(885, 4),
(898, 4),
(899, 4),
(908, 4),
(913, 4),
(917, 4),
(920, 4),
(930, 4),
(933, 4),
(937, 4),
(938, 4),
(940, 4),
(941, 4),
(944, 4),
(945, 4),
(946, 4),
(947, 4),
(948, 4),
(958, 4),
(965, 4),
(983, 4),
(11, 5),
(12, 5),
(22, 5),
(37, 5),
(38, 5),
(79, 5),
(111, 5),
(122, 5),
(124, 5),
(192, 5),
(221, 5),
(222, 5),
(280, 5),
(323, 5),
(337, 5),
(424, 5),
(480, 5),
(481, 5),
(482, 5),
(483, 5),
(484, 5),
(485, 5),
(486, 5),
(487, 5),
(495, 5),
(497, 5),
(507, 5),
(514, 5),
(517, 5),
(518, 5),
(519, 5),
(520, 5),
(536, 5),
(539, 5),
(544, 5),
(560, 5),
(594, 5),
(636, 5),
(672, 5),
(828, 5),
(844, 5),
(847, 5),
(861, 5),
(880, 5),
(966, 5),
(967, 5),
(968, 5),
(970, 5),
(971, 5),
(972, 5),
(973, 5),
(974, 5),
(975, 5),
(976, 5),
(977, 5),
(978, 5),
(985, 5),
(11, 6),
(18, 6),
(19, 6),
(21, 6),
(109, 6),
(184, 6),
(231, 6),
(232, 6),
(493, 6),
(495, 6),
(616, 6),
(822, 6),
(844, 6),
(955, 6),
(960, 6),
(13, 7),
(14, 7),
(15, 7),
(16, 7),
(17, 7),
(20, 7),
(21, 7),
(22, 7),
(23, 7),
(24, 7),
(25, 7),
(26, 7),
(27, 7),
(28, 7),
(29, 7),
(30, 7),
(31, 7),
(32, 7),
(33, 7),
(34, 7),
(37, 7),
(38, 7),
(41, 7),
(42, 7),
(43, 7),
(67, 7),
(68, 7),
(69, 7),
(70, 7),
(71, 7),
(72, 7),
(73, 7),
(74, 7),
(75, 7),
(85, 7),
(86, 7),
(87, 7),
(88, 7),
(89, 7),
(106, 7),
(114, 7),
(116, 7),
(118, 7),
(139, 7),
(140, 7),
(141, 7),
(142, 7),
(143, 7),
(144, 7),
(145, 7),
(146, 7),
(147, 7),
(148, 7),
(149, 7),
(150, 7),
(151, 7),
(152, 7),
(153, 7),
(154, 7),
(155, 7),
(157, 7),
(158, 7),
(160, 7),
(163, 7),
(166, 7),
(167, 7),
(168, 7),
(169, 7),
(170, 7),
(171, 7),
(172, 7),
(173, 7),
(174, 7),
(176, 7),
(177, 7),
(180, 7),
(193, 7),
(201, 7),
(206, 7),
(207, 7),
(210, 7),
(211, 7),
(213, 7),
(218, 7),
(219, 7),
(220, 7),
(227, 7),
(230, 7),
(231, 7),
(232, 7),
(233, 7),
(239, 7),
(244, 7),
(245, 7),
(247, 7),
(250, 7),
(255, 7),
(257, 7),
(276, 7),
(280, 7),
(281, 7),
(284, 7),
(286, 7),
(295, 7),
(296, 7),
(306, 7),
(312, 7),
(321, 7),
(322, 7),
(325, 7),
(333, 7),
(336, 7),
(338, 7),
(340, 7),
(342, 7),
(349, 7),
(355, 7),
(356, 7),
(357, 7),
(384, 7),
(427, 7),
(433, 7),
(454, 7),
(456, 7),
(457, 7),
(458, 7),
(465, 7),
(466, 7),
(467, 7),
(468, 7),
(469, 7),
(470, 7),
(471, 7),
(475, 7),
(476, 7),
(490, 7),
(494, 7),
(498, 7),
(502, 7),
(509, 7),
(525, 7),
(527, 7),
(528, 7),
(532, 7),
(538, 7),
(546, 7),
(547, 7),
(548, 7),
(560, 7),
(566, 7),
(569, 7),
(578, 7),
(586, 7),
(594, 7),
(598, 7),
(612, 7),
(629, 7),
(647, 7),
(648, 7),
(652, 7),
(656, 7),
(659, 7),
(663, 7),
(664, 7),
(667, 7),
(668, 7),
(669, 7),
(670, 7),
(672, 7),
(673, 7),
(676, 7),
(680, 7),
(706, 7),
(707, 7),
(718, 7),
(722, 7),
(723, 7),
(724, 7),
(725, 7),
(734, 7),
(735, 7),
(740, 7),
(742, 7),
(749, 7),
(750, 7),
(751, 7),
(757, 7),
(758, 7),
(759, 7),
(765, 7),
(775, 7),
(782, 7),
(783, 7),
(784, 7),
(785, 7),
(786, 7),
(787, 7),
(791, 7),
(792, 7),
(794, 7),
(810, 7),
(822, 7),
(827, 7),
(833, 7),
(846, 7),
(857, 7),
(858, 7),
(863, 7),
(866, 7),
(872, 7),
(877, 7),
(881, 7),
(888, 7),
(895, 7),
(900, 7),
(918, 7),
(919, 7),
(922, 7),
(923, 7),
(924, 7),
(926, 7),
(927, 7),
(928, 7),
(934, 7),
(935, 7),
(956, 7),
(957, 7),
(959, 7),
(985, 7),
(986, 7),
(987, 7),
(988, 7),
(989, 7),
(990, 7),
(991, 7),
(13, 8),
(14, 8),
(37, 8),
(38, 8),
(111, 8),
(121, 8),
(124, 8),
(221, 8),
(222, 8),
(320, 8),
(379, 8),
(424, 8),
(480, 8),
(481, 8),
(482, 8),
(483, 8),
(484, 8),
(485, 8),
(486, 8),
(487, 8),
(495, 8),
(496, 8),
(497, 8),
(529, 8),
(536, 8),
(539, 8),
(544, 8),
(545, 8),
(560, 8),
(570, 8),
(594, 8),
(636, 8),
(844, 8),
(847, 8),
(880, 8),
(966, 8),
(967, 8),
(968, 8),
(969, 8),
(970, 8),
(971, 8),
(972, 8),
(973, 8),
(974, 8),
(977, 8),
(24, 9),
(25, 9),
(26, 9),
(178, 9),
(179, 9),
(182, 9),
(197, 9),
(198, 9),
(204, 9),
(231, 9),
(232, 9),
(239, 9),
(240, 9),
(241, 9),
(242, 9),
(271, 9),
(275, 9),
(277, 9),
(288, 9),
(326, 9),
(335, 9),
(343, 9),
(345, 9),
(346, 9),
(381, 9),
(432, 9),
(436, 9),
(464, 9),
(495, 9),
(527, 9),
(545, 9),
(559, 9),
(572, 9),
(585, 9),
(587, 9),
(596, 9),
(600, 9),
(621, 9),
(622, 9),
(623, 9),
(624, 9),
(625, 9),
(640, 9),
(649, 9),
(650, 9),
(654, 9),
(666, 9),
(749, 9),
(754, 9),
(755, 9),
(756, 9),
(787, 9),
(789, 9),
(792, 9),
(848, 9),
(866, 9),
(870, 9),
(879, 9),
(883, 9),
(909, 9),
(949, 9),
(950, 9),
(979, 9),
(987, 9),
(988, 9),
(989, 9),
(990, 9),
(991, 9),
(992, 9),
(993, 9),
(994, 9),
(995, 9),
(28, 10),
(29, 10),
(30, 10),
(31, 10),
(32, 10),
(33, 10),
(34, 10),
(60, 10),
(61, 10),
(62, 10),
(63, 10),
(64, 10),
(65, 10),
(66, 10),
(71, 10),
(72, 10),
(79, 10),
(106, 10),
(110, 10),
(175, 10),
(180, 10),
(181, 10),
(184, 10),
(192, 10),
(193, 10),
(202, 10),
(211, 10),
(249, 10),
(459, 10),
(494, 10),
(527, 10),
(566, 10),
(726, 10),
(854, 10),
(862, 10),
(873, 10),
(891, 10),
(916, 10),
(942, 10),
(959, 10),
(53, 11),
(99, 11),
(121, 11),
(128, 11),
(224, 11),
(260, 11),
(570, 11),
(942, 11),
(53, 12),
(56, 12),
(59, 12),
(101, 12),
(109, 12),
(113, 12),
(121, 12),
(127, 12),
(128, 12),
(260, 12),
(419, 12),
(421, 12),
(425, 12),
(426, 12),
(434, 12),
(472, 12),
(501, 12),
(523, 12),
(529, 12),
(537, 12),
(558, 12),
(570, 12),
(620, 12),
(730, 12),
(731, 12),
(732, 12),
(733, 12),
(819, 12),
(825, 12),
(826, 12),
(846, 12),
(873, 12),
(894, 12),
(60, 13),
(61, 13),
(62, 13),
(63, 13),
(65, 13),
(107, 13),
(108, 13),
(113, 13),
(127, 13),
(128, 13),
(178, 13),
(179, 13),
(182, 13),
(196, 13),
(197, 13),
(198, 13),
(203, 13),
(204, 13),
(208, 13),
(240, 13),
(242, 13),
(275, 13),
(281, 13),
(284, 13),
(289, 13),
(290, 13),
(291, 13),
(294, 13),
(299, 13),
(300, 13),
(302, 13),
(303, 13),
(305, 13),
(324, 13),
(326, 13),
(327, 13),
(335, 13),
(345, 13),
(346, 13),
(351, 13),
(432, 13),
(436, 13),
(438, 13),
(440, 13),
(442, 13),
(443, 13),
(445, 13),
(446, 13),
(477, 13),
(499, 13),
(537, 13),
(538, 13),
(545, 13),
(569, 13),
(596, 13),
(599, 13),
(608, 13),
(609, 13),
(610, 13),
(611, 13),
(621, 13),
(622, 13),
(624, 13),
(625, 13),
(635, 13),
(637, 13),
(638, 13),
(639, 13),
(644, 13),
(645, 13),
(646, 13),
(653, 13),
(654, 13),
(655, 13),
(662, 13),
(678, 13),
(681, 13),
(682, 13),
(683, 13),
(684, 13),
(685, 13),
(688, 13),
(741, 13),
(743, 13),
(754, 13),
(755, 13),
(756, 13),
(768, 13),
(821, 13),
(823, 13),
(834, 13),
(845, 13),
(848, 13),
(851, 13),
(859, 13),
(860, 13),
(864, 13),
(866, 13),
(867, 13),
(868, 13),
(870, 13),
(879, 13),
(896, 13),
(949, 13),
(950, 13),
(961, 13),
(962, 13),
(963, 13),
(964, 13),
(992, 13),
(993, 13),
(994, 13),
(995, 13),
(67, 14),
(68, 14),
(69, 14),
(293, 14),
(310, 14),
(633, 14),
(634, 14),
(635, 14),
(725, 14),
(863, 14),
(865, 14),
(866, 14),
(902, 14),
(138, 15),
(155, 15),
(183, 15),
(189, 15),
(194, 15),
(251, 15),
(360, 15),
(422, 15),
(540, 15),
(175, 16),
(235, 16),
(237, 16),
(254, 16),
(283, 16),
(285, 16),
(292, 16),
(331, 16),
(332, 16),
(435, 16),
(834, 16),
(840, 16),
(921, 16),
(962, 16),
(963, 16),
(199, 17),
(252, 17),
(256, 17),
(258, 17),
(259, 17),
(261, 17),
(262, 17),
(263, 17),
(264, 17),
(265, 17),
(266, 17),
(267, 17),
(268, 17),
(269, 17),
(301, 17),
(503, 17),
(524, 17),
(561, 17),
(583, 17),
(592, 17),
(605, 17),
(628, 17),
(630, 17),
(631, 17),
(632, 17),
(641, 17),
(642, 17),
(666, 17),
(677, 17),
(679, 17),
(690, 17),
(691, 17),
(693, 17),
(695, 17),
(696, 17),
(697, 17),
(698, 17),
(699, 17),
(700, 17),
(701, 17),
(702, 17),
(703, 17),
(704, 17),
(705, 17),
(716, 17),
(717, 17),
(727, 17),
(728, 17),
(729, 17),
(732, 17),
(737, 17),
(746, 17),
(761, 17),
(762, 17),
(770, 17),
(771, 17),
(772, 17),
(776, 17),
(777, 17),
(778, 17),
(779, 17),
(795, 17),
(796, 17),
(801, 17),
(802, 17),
(803, 17),
(804, 17),
(805, 17),
(806, 17),
(807, 17),
(808, 17),
(809, 17),
(811, 17),
(812, 17),
(813, 17),
(814, 17),
(815, 17),
(816, 17),
(817, 17),
(818, 17),
(824, 17),
(830, 17),
(831, 17),
(839, 17),
(841, 17),
(842, 17),
(855, 17),
(856, 17),
(869, 17),
(875, 17),
(886, 17),
(887, 17),
(903, 17),
(904, 17),
(905, 17),
(906, 17),
(907, 17),
(914, 17),
(915, 17),
(925, 17),
(936, 17),
(943, 17),
(952, 17),
(953, 17),
(954, 17),
(238, 18),
(278, 18),
(323, 18),
(379, 18),
(493, 18),
(538, 18),
(604, 18),
(797, 18),
(798, 18),
(832, 18),
(890, 18),
(251, 19);

-- --------------------------------------------------------

--
-- Structure de la table `Genre`
--

DROP TABLE IF EXISTS `Genre`;
CREATE TABLE IF NOT EXISTS `Genre` (
  `idGenre` int(11) NOT NULL auto_increment,
  `GenreName` varchar(100) default NULL,
  PRIMARY KEY  (`idGenre`),
  UNIQUE KEY `idGenre_UNIQUE` (`idGenre`)
) ENGINE=InnoDB  DEFAULT CHARSET=latin1 AUTO_INCREMENT=21 ;

--
-- Contenu de la table `Genre`
--

INSERT INTO `Genre` (`idGenre`, `GenreName`) VALUES
(1, 'Shooter'),
(2, 'Role-playing (RPG)'),
(3, 'Strategy'),
(4, 'Turn-based strategy (TBS)'),
(5, 'Tactical'),
(6, 'Fighting'),
(7, 'Adventure'),
(8, 'Real Time Strategy (RTS)'),
(9, 'Simulator'),
(10, 'Point-and-click'),
(11, 'unknown'),
(12, 'Hack and slash/Beat'),
(13, 'Puzzle'),
(14, 'Platform'),
(15, 'Racing'),
(16, 'Arcade'),
(17, 'Indie'),
(18, 'Sport'),
(19, 'Quiz/Trivia'),
(20, 'Pinball');

-- --------------------------------------------------------

--
-- Structure de la table `Plateform`
--

DROP TABLE IF EXISTS `Plateform`;
CREATE TABLE IF NOT EXISTS `Plateform` (
  `idPlateform` int(11) NOT NULL auto_increment,
  `PlateformName` varchar(100) NOT NULL,
  PRIMARY KEY  (`idPlateform`),
  UNIQUE KEY `idPlateform_UNIQUE` (`idPlateform`)
) ENGINE=InnoDB  DEFAULT CHARSET=latin1 AUTO_INCREMENT=71 ;

--
-- Contenu de la table `Plateform`
--

INSERT INTO `Plateform` (`idPlateform`, `PlateformName`) VALUES
(1, 'Microsoft Windows'),
(2, 'Xbox'),
(3, 'PlayStation 3'),
(4, 'PlayStation 4'),
(5, 'Xbox 360'),
(6, 'Xbox One'),
(7, 'Linux'),
(8, 'Mac'),
(9, 'PC DOS'),
(10, 'Nintendo DS'),
(11, 'Amiga'),
(12, 'PlayStation 2'),
(13, 'Game Boy Advance'),
(14, 'iOS'),
(15, 'Android'),
(16, 'PlayStation'),
(17, 'Apple II'),
(18, 'Atari ST/STE'),
(19, 'PlayStation Network'),
(20, 'Wii'),
(21, 'Sega Mega Drive/Genesis'),
(22, 'Super Nintendo Entertainment System (SNES)'),
(23, '3DO Interactive Multiplayer'),
(24, 'Atari Jaguar'),
(25, 'Sega CD'),
(26, 'Amiga CD32'),
(27, 'FM Towns'),
(28, 'Xbox Live Arcade'),
(29, 'Wii U'),
(30, 'Nintendo GameCube'),
(31, 'Acorn Archimedes'),
(32, 'Sega Saturn'),
(33, 'PlayStation Portable'),
(34, 'Commodore C64/128'),
(35, 'PlayStation Vita'),
(36, 'Windows Phone'),
(37, 'Nintendo 64'),
(38, 'Game Boy Color'),
(39, 'Dreamcast'),
(40, 'Game Boy'),
(41, 'Sega Game Gear'),
(42, 'Amstrad CPC'),
(43, 'Atari 8-bit'),
(44, 'MSX'),
(45, 'Nintendo Entertainment System (NES)'),
(46, 'ZX Spectrum'),
(47, 'Atari 5200'),
(48, 'Atari 7800'),
(49, 'BBC Microcomputer System'),
(50, 'Arcade'),
(51, 'WiiWare'),
(52, 'Philips CD-i'),
(53, 'Sharp X68000'),
(54, 'Sega Master System'),
(55, 'TurboGrafx-16/PC Engine'),
(56, 'Super Famicom'),
(57, 'Web browser'),
(58, 'Tapwave Zodiac'),
(59, 'Family Computer Disk System'),
(60, 'MSX2'),
(61, 'Family Computer'),
(62, 'Mobile'),
(63, 'Virtual Console (Nintendo)'),
(64, 'WonderSwan'),
(65, 'Sega 32X'),
(66, 'Ouya'),
(67, 'Nintendo 3DS'),
(68, 'N-Gage'),
(69, 'Apple IIGS'),
(70, 'BlackBerry OS');

-- --------------------------------------------------------

--
-- Structure de la table `Publisher`
--

DROP TABLE IF EXISTS `Publisher`;
CREATE TABLE IF NOT EXISTS `Publisher` (
  `idPublisher` int(11) NOT NULL,
  `PublisherName` varchar(100) NOT NULL,
  PRIMARY KEY  (`idPublisher`)
) ENGINE=InnoDB DEFAULT CHARSET=latin1;

--
-- Contenu de la table `Publisher`
--

INSERT INTO `Publisher` (`idPublisher`, `PublisherName`) VALUES
(1, 'Electronic Arts'),
(3, 'Looking Glass Studios'),
(4, 'Eidos Interactive'),
(5, 'Interplay Entertainment'),
(8, '2K Games'),
(9, 'Lucasfilm Games'),
(10, 'LucasArts Entertainment'),
(12, 'Black Isle Studios'),
(19, 'Arkane Studios'),
(23, 'Feral Interactive'),
(24, 'Sierra Entertainment'),
(26, 'Square Enix'),
(28, 'Bethesda Softworks'),
(29, 'Rockstar Games'),
(32, 'Sierra On-Line'),
(36, 'Frictional Games'),
(37, 'Capcom'),
(41, 'Riot Games'),
(42, 'Tencent Holdings Ltd'),
(45, 'Sony Computer Entertainment'),
(50, 'Warner Bros. Interactive Entertainment'),
(51, 'Blizzard Entertainment'),
(53, 'Microsoft Game Studios'),
(54, 'TransGaming Technologies'),
(56, 'Valve Corporation'),
(58, 'Mojang AB'),
(61, 'Gameloft'),
(66, 'Activision'),
(70, 'Nintendo'),
(73, 'Aspyr Media'),
(74, 'CyberFront'),
(80, 'Vivendi Games'),
(81, 'Destination Software'),
(82, 'Atari'),
(84, 'CTO SpA'),
(87, 'Mythic Entertainment'),
(91, 'Playmates Interactive Entertainment'),
(92, 'NovaLogic'),
(95, 'Disney Interactive'),
(97, 'New World Computing'),
(99, 'The 3DO Company'),
(101, 'Freeverse Software'),
(104, 'Ubisoft Entertainment'),
(106, 'Loki Software'),
(107, 'Lego Media'),
(110, 'Focus Home Interactive'),
(112, 'Sega'),
(113, 'Westwood Studios'),
(114, 'reLINE Software'),
(115, 'Codemasters'),
(120, 'MacPlay'),
(121, 'Blizzard Classic Arcade'),
(127, 'Funcom Productions'),
(128, 'Microsoft'),
(129, 'Konami'),
(130, 'MacSoft Games'),
(132, 'Destineer'),
(135, 'Sunflowers'),
(139, 'Take-Two Interactive'),
(141, 'Virgin Interactive'),
(143, 'EA Games'),
(144, 'GSC Game World'),
(145, 'cdv Software Entertainment'),
(146, 'Strategy First'),
(147, 'Vivendi Universal'),
(152, 'MicroProse'),
(157, '1C Company'),
(161, 'Konami Digital Entertainment'),
(168, 'Epic Games'),
(176, 'FX Interactive'),
(179, 'Activision Blizzard'),
(183, 'Hasbro Interactive'),
(184, 'id Software'),
(188, 'Apogee Software'),
(189, 'BAM! Entertainment'),
(191, 'Imagineer'),
(192, 'Zodttd'),
(195, 'Brøderbund Software'),
(197, 'THQ'),
(200, 'Electronic Arts Victor'),
(204, 'Gathering of Developers'),
(205, 'GT Interactive'),
(213, 'Infogrames'),
(215, 'WizardWorks Software'),
(216, 'Glu Mobile'),
(218, 'Vatical Entertainment'),
(224, '3D Realms'),
(227, 'U.S. Gold'),
(228, 'FormGen'),
(229, 'SEGA of America'),
(230, 'MachineWorks Northwest'),
(231, 'Tec Toy Indústria de Brinquedos'),
(234, 'Cryo Interactive'),
(236, 'DreamCatcher Interactive'),
(237, 'Crimson Cow'),
(238, 'Typhoon Games'),
(243, 'Sony Online Entertainment'),
(244, 'Edusoft'),
(245, 'ZeniMax Media'),
(247, '14 Degrees East'),
(248, 'Bandai Namco Entertainment'),
(250, 'Square'),
(251, 'Sunsoft'),
(252, 'Square Electronic Arts'),
(256, 'NCsoft'),
(260, 'Argonaut Games'),
(264, 'HanbitSoft'),
(267, 'TalonSoft'),
(268, 'Global Star Software'),
(269, 'Enlight Software'),
(270, 'JoWood Productions'),
(273, 'Sir-tech Software'),
(275, 'Titan Computer'),
(282, 'Trilobyte'),
(284, 'Maxis'),
(287, 'Acclaim Entertainment'),
(290, 'IO Interactive'),
(293, 'TT Games'),
(294, 'Telltale Games'),
(295, 'Origin Systems'),
(303, 'Jaleco'),
(305, 'Remedy Entertainment'),
(310, 'Ultra Games'),
(315, 'Trion Worlds'),
(316, 'Sierra'),
(324, 'Square Soft'),
(327, 'Midway Games'),
(328, 'Mean Hamster Software'),
(330, 'THQ Asia Pacific'),
(331, 'Triumph Studios'),
(334, 'Sony Computer Entertainment Europe'),
(338, 'Encore'),
(340, 'Empire Interactive'),
(341, 'Bullet-Proof Software'),
(344, 'Macmillan Digital Publishing USA'),
(354, 'DSI Games'),
(355, 'Zoo Digital'),
(360, 'Logicware'),
(361, 'Hyperion Entertainment'),
(363, 'GRAVITY'),
(366, 'Epyx'),
(368, 'Infocom'),
(371, 'Dinamic Multimedia'),
(372, 'GSC World Publishing'),
(373, 'Ascaron Entertainment'),
(374, 'Koch Media'),
(375, 'Red Ant Enterprises'),
(376, 'Linux Game Publishing'),
(380, 'Adventure Soft'),
(383, 'RTL Enterprises'),
(384, 'Playlogic Entertainment'),
(388, 'JVC'),
(390, 'THQ Wireless'),
(409, 'WB Games'),
(416, 'Syfy Games'),
(418, 'EA Play'),
(420, 'Flying Wild Hog'),
(423, 'Deep Silver'),
(426, 'Disney Interactive Studios'),
(440, 'SCEE'),
(445, '505 Games'),
(446, 'Got Game Entertainment'),
(449, 'D3 Publisher'),
(454, 'EA Sports'),
(458, 'Funcom'),
(461, 'Fox Interactive'),
(465, 'U.S. Army'),
(466, 'Interactive Magic'),
(467, 'Digital Integration'),
(468, 'Meridian4'),
(469, 'JoWooD Entertainment AG'),
(470, 'Turbine'),
(471, 'Pulse Entertainment'),
(472, 'Infinite Monkey'),
(476, 'Matrix Games'),
(481, 'Reflexive Entertainment'),
(482, 'Revolution Software'),
(485, 'SCi Games'),
(487, '3DO'),
(489, 'Mindscape'),
(494, 'Battlefront.com'),
(503, 'Introversion'),
(508, 'PlayFirst'),
(512, 'Ocean'),
(513, 'Digital Image Design'),
(517, 'Paradox Interactive'),
(519, 'Graphic Simulations'),
(523, 'Graphsim Entertainment'),
(528, 'SSI (Strategic Simulations, Inc.)'),
(533, 'Stardock'),
(540, '10tacle Studios'),
(543, 'Rage Software'),
(547, 'Accolade'),
(553, 'Access Software'),
(560, 'Legend Entertainment'),
(566, 'Midway'),
(568, 'SegaSoft'),
(589, 'Shrapnel Games'),
(591, 'Team Meat'),
(593, 'The Adventure Company'),
(594, 'Microïds'),
(595, 'VU Games'),
(607, 'Red Orb Entertainment'),
(608, 'Broderbund'),
(612, 'Brighter Minds'),
(620, 'Bungie'),
(622, 'Janes Combat Simulations'),
(623, 'DivoGames'),
(629, 'Sales Curve Interactive'),
(632, 'Ambrosia Software'),
(633, 'Haage & Partner'),
(634, 'Devolver Digital'),
(644, 'Merit Software'),
(651, 'Sourcenext'),
(652, 'Nintendo Australia'),
(665, 'Williams Entertainment'),
(667, 'Crave Entertainment'),
(668, 'Digital Jesters'),
(678, 'Black Pearl Software'),
(679, 'Tri-Synergy'),
(686, 'Actualize'),
(688, 'S2 Games'),
(695, 'Auran Games'),
(700, 'Majesco Entertainment'),
(703, 'BMG Interactive'),
(704, 'ASC Games'),
(707, 'ChinaAVG'),
(708, 'On-Line Systems'),
(710, 'Mastiff'),
(719, 'Infogrames North America'),
(756, 'E-Frontier'),
(783, 'Kalypso Media'),
(880, 'Domark Software'),
(908, 'CD Projekt RED'),
(1010, 'Microsoft Studios'),
(1044, 'Spectrum HoloByte, Inc.'),
(1053, 'Spike'),
(1134, 'Interceptor Entertainment'),
(1217, 'Spike ChunSoft'),
(1271, 'Ocean Software'),
(1281, 'Kemco'),
(1466, 'Mastertronic'),
(1475, 'Infogrames Entertainment'),
(1494, 'GOA Games Services Ltd.'),
(1740, 'Parker Brothers'),
(1851, 'T&E Soft'),
(1882, 'Interplay'),
(1893, 'PopCap Games'),
(1899, 'Exakt Entertainment'),
(2034, 'XS Games'),
(2191, 'Funbox Media'),
(2245, 'Big Fish Games'),
(2380, 'JVC Musical Industries'),
(2391, 'IBM'),
(2417, 'Tapwave'),
(2493, '1C/Cenega'),
(2548, 'DreamCatcher Games'),
(2673, 'Mediaquest'),
(2992, 'Buka Entertainment'),
(3023, 'Virtual Programming'),
(3119, 'cdp.pl'),
(3162, 'Night Dive Studios'),
(3753, 'SCEA'),
(3820, 'KISS ltd'),
(3906, 'Anuman Interactive'),
(3958, 'Bandai Namco Games'),
(3989, 'Playcast-media'),
(3991, 'Russel'),
(4023, 'Guildhall Leisure Services Ltd.'),
(4090, 'Havas Interactive'),
(4107, 'SCE Australia'),
(4112, 'Soft Bank'),
(4113, 'Art Data Interactive'),
(4114, 'Bashou House'),
(4132, 'icculus.org'),
(4181, 'MojoTouch'),
(4182, 'iPhSoft'),
(4183, 'Blue Moon Red Owl'),
(4300, 'PC-SIG'),
(4478, 'Livedoor'),
(4495, 'Fresh3D'),
(4700, 'SkyZone Entertainment'),
(5057, 'Pacific Century CyberWorks'),
(5833, 'Outrigger Koubou'),
(6000, 'Kixx'),
(6005, 'Alive Mediasoft'),
(6356, 'Electronic Zoo'),
(7630, 'Aspyr'),
(8069, 'Turbine, Inc.');

-- --------------------------------------------------------

--
-- Structure de la table `Theme`
--

DROP TABLE IF EXISTS `Theme`;
CREATE TABLE IF NOT EXISTS `Theme` (
  `idTheme` int(11) NOT NULL auto_increment,
  `ThemeName` varchar(100) NOT NULL,
  PRIMARY KEY  (`idTheme`),
  UNIQUE KEY `idTheme_UNIQUE` (`idTheme`)
) ENGINE=InnoDB  DEFAULT CHARSET=latin1 AUTO_INCREMENT=20 ;

--
-- Contenu de la table `Theme`
--

INSERT INTO `Theme` (`idTheme`, `ThemeName`) VALUES
(1, 'Action'),
(2, 'Fantasy'),
(3, 'Stealth'),
(4, 'unknown'),
(5, 'Horror'),
(6, 'Thriller'),
(7, 'Science fiction'),
(8, 'Survival'),
(9, 'Warfare'),
(10, 'Comedy'),
(11, 'Sandbox'),
(12, 'Open world'),
(13, 'Historical'),
(14, '4X (explore, expand, exploit, and exterminate)'),
(15, 'Kids'),
(16, 'Business'),
(17, 'Non-fiction'),
(18, 'Drama'),
(19, 'Educational');

--
-- Contraintes pour les tables exportées
--

--
-- Contraintes pour la table `Game_has_Developer`
--
ALTER TABLE `Game_has_Developer`
  ADD CONSTRAINT `fk_Game_has_Developer_Developer1` FOREIGN KEY (`Developer_idDeveloper`) REFERENCES `Developer` (`idDeveloper`) ON DELETE NO ACTION ON UPDATE NO ACTION,
  ADD CONSTRAINT `fk_Game_has_Developer_Game1` FOREIGN KEY (`Game_idGame`) REFERENCES `Game` (`idGame`) ON DELETE NO ACTION ON UPDATE NO ACTION;

--
-- Contraintes pour la table `Game_has_Genre`
--
ALTER TABLE `Game_has_Genre`
  ADD CONSTRAINT `fk_Game_has_Genre_Game` FOREIGN KEY (`Game_idGame`) REFERENCES `Game` (`idGame`) ON DELETE NO ACTION ON UPDATE NO ACTION,
  ADD CONSTRAINT `fk_Game_has_Genre_Genre1` FOREIGN KEY (`Genre_idGenre`) REFERENCES `Genre` (`idGenre`) ON DELETE NO ACTION ON UPDATE NO ACTION;

--
-- Contraintes pour la table `Game_has_Plateform`
--
ALTER TABLE `Game_has_Plateform`
  ADD CONSTRAINT `fk_Game_has_Plateform_Game1` FOREIGN KEY (`Game_idGame`) REFERENCES `Game` (`idGame`) ON DELETE NO ACTION ON UPDATE NO ACTION,
  ADD CONSTRAINT `fk_Game_has_Plateform_Plateform1` FOREIGN KEY (`Plateform_idPlateform`) REFERENCES `Plateform` (`idPlateform`) ON DELETE NO ACTION ON UPDATE NO ACTION;

--
-- Contraintes pour la table `Game_has_Publisher`
--
ALTER TABLE `Game_has_Publisher`
  ADD CONSTRAINT `fk_Game_has_Publisher_Game1` FOREIGN KEY (`Game_idGame`) REFERENCES `Game` (`idGame`) ON DELETE NO ACTION ON UPDATE NO ACTION,
  ADD CONSTRAINT `fk_Game_has_Publisher_Publisher1` FOREIGN KEY (`Publisher_idPublisher`) REFERENCES `Publisher` (`idPublisher`) ON DELETE NO ACTION ON UPDATE NO ACTION;

--
-- Contraintes pour la table `Game_has_Theme`
--
ALTER TABLE `Game_has_Theme`
  ADD CONSTRAINT `fk_Game_has_Theme_Game1` FOREIGN KEY (`Game_idGame`) REFERENCES `Game` (`idGame`) ON DELETE NO ACTION ON UPDATE NO ACTION,
  ADD CONSTRAINT `fk_Game_has_Theme_Theme1` FOREIGN KEY (`Theme_idTheme`) REFERENCES `Theme` (`idTheme`) ON DELETE NO ACTION ON UPDATE NO ACTION;

/*!40101 SET CHARACTER_SET_CLIENT=@OLD_CHARACTER_SET_CLIENT */;
/*!40101 SET CHARACTER_SET_RESULTS=@OLD_CHARACTER_SET_RESULTS */;
/*!40101 SET COLLATION_CONNECTION=@OLD_COLLATION_CONNECTION */;
